number,value,datetime_start,datetime_complete,duration,params_alpha,params_batch_size,params_drop_out_rate,params_encoder_neurons_layer_1,params_epochs,params_lambda,params_latent_dim,params_learning_rate,params_num_layers_decoder,params_num_layers_encoder,user_attrs_encoder_decoder_config,user_attrs_first_layer_neurons,user_attrs_neurons_per_layer_decoder,user_attrs_neurons_per_layer_encoder,user_attrs_relative_deterioration,user_attrs_test_r2,state
0,0.017705774779289404,2024-12-21 16:03:12.327844,2024-12-21 16:03:33.153263,0 days 00:00:20.825419,0.04203126289336321,1024,0.1,1728,50,0.0006614770691982986,36,0.0005571469303320926,3,5,"{'neurons_per_layer_encoder': [1728, 864, 432, 216, 108], 'neurons_per_layer_decoder': [108, 216, 432]}",1728,"[108, 216, 432]","[1728, 864, 432, 216, 108]",0.9993115333263802,0.7788436229045688,COMPLETE
1,0.0345472114622589,2024-12-21 16:03:12.328898,2024-12-21 16:03:46.471959,0 days 00:00:34.143061,0.02238050407620916,896,0.3,1568,50,0.00016590249978256668,389,0.00029250797407092614,3,2,"{'neurons_per_layer_encoder': [1568, 784], 'neurons_per_layer_decoder': [784, 1568, 3136]}",1568,"[784, 1568, 3136]","[1568, 784]",0.9989599481324207,0.5684833778254142,COMPLETE
2,0.34890390591587145,2024-12-21 16:03:12.328988,2024-12-21 16:15:52.217757,0 days 00:12:39.888769,0.04644937896128241,256,0.3,1488,50,0.00012942316782196516,280,0.00048307383803858383,5,2,"{'neurons_per_layer_encoder': [1488, 744], 'neurons_per_layer_decoder': [744, 1488, 2976, 5952, 11904]}",1488,"[744, 1488, 2976, 5952, 11904]","[1488, 744]",0.9957379527335689,-3.3580314755306144,COMPLETE
3,0.025709406964746107,2024-12-21 16:03:12.328994,2024-12-21 16:03:30.757983,0 days 00:00:18.428989,0.12382662011296339,1024,0.3,1760,50,2.8800287853547563e-05,105,0.0002822245319904455,2,4,"{'neurons_per_layer_encoder': [1760, 880, 440, 220], 'neurons_per_layer_decoder': [220, 440]}",1760,"[220, 440]","[1760, 880, 440, 220]",0.999242455991972,0.6788731714668581,COMPLETE
4,0.02940284100674868,2024-12-21 16:03:12.328995,2024-12-21 16:03:33.465103,0 days 00:00:21.136108,0.20723924552841308,896,0.3,1856,50,1.0726885841929792e-05,77,0.00017357541095158594,2,4,"{'neurons_per_layer_encoder': [1856, 928, 464, 232], 'neurons_per_layer_decoder': [232, 464]}",1856,"[232, 464]","[1856, 928, 464, 232]",0.9990913846746946,0.6327398335049592,COMPLETE
5,0.016787566074323062,2024-12-21 16:03:12.329184,2024-12-21 16:03:30.105287,0 days 00:00:17.776103,0.09969679249087851,768,0.3,1776,50,1.2936728365731907e-05,37,0.0005638606686229273,2,5,"{'neurons_per_layer_encoder': [1776, 888, 444, 222, 111], 'neurons_per_layer_decoder': [111, 222]}",1776,"[111, 222]","[1776, 888, 444, 222, 111]",0.9990829426414033,0.7903126330517765,COMPLETE
6,0.016730935570827443,2024-12-21 16:03:12.329453,2024-12-21 16:03:29.719796,0 days 00:00:17.390343,0.015081685494962083,256,0.1,880,50,8.137769982274831e-05,18,0.0003112829929151404,2,5,"{'neurons_per_layer_encoder': [880, 440, 220, 110, 55], 'neurons_per_layer_decoder': [55, 110]}",880,"[55, 110]","[880, 440, 220, 110, 55]",0.9975574776319299,0.7910199840229879,COMPLETE
7,0.026119165548330405,2024-12-21 16:03:29.794334,2024-12-21 16:04:08.511691,0 days 00:00:38.717357,0.29156789963254676,768,0.3,1712,50,8.917923608916198e-05,142,0.000453269984319791,4,3,"{'neurons_per_layer_encoder': [1712, 856, 428], 'neurons_per_layer_decoder': [428, 856, 1712, 3424]}",1712,"[428, 856, 1712, 3424]","[1712, 856, 428]",0.9989901269006055,0.6737550264006925,COMPLETE
8,0.031024355947966598,2024-12-21 16:03:30.135320,2024-12-21 16:03:49.855119,0 days 00:00:19.719799,0.23812035958389488,512,0.2,1392,50,3.6217347748445554e-05,29,0.00012027726210077496,2,5,"{'neurons_per_layer_encoder': [1392, 696, 348, 174, 87], 'neurons_per_layer_decoder': [87, 174]}",1392,"[87, 174]","[1392, 696, 348, 174, 87]",0.9983590083921294,0.6124860815920334,COMPLETE
9,0.019007734161681843,2024-12-21 16:03:30.770660,2024-12-21 16:03:59.051384,0 days 00:00:28.280724,0.04224888508565766,384,0.1,640,50,0.0009722142528491741,26,0.0003426928360236017,5,4,"{'neurons_per_layer_encoder': [640, 320, 160, 80], 'neurons_per_layer_decoder': [80, 160, 320, 640, 1280]}",640,"[80, 160, 320, 640, 1280]","[640, 320, 160, 80]",0.9983534719700803,0.7625813229643188,COMPLETE
10,0.01214482411374663,2024-12-21 16:03:33.167167,2024-12-21 16:04:06.439307,0 days 00:00:33.272140,0.21907075170908516,256,0.1,1088,50,5.414717109785525e-05,22,0.0005962598746991502,4,5,"{'neurons_per_layer_encoder': [1088, 544, 272, 136, 68], 'neurons_per_layer_decoder': [68, 136, 272, 544]}",1088,"[68, 136, 272, 544]","[1088, 544, 272, 136, 68]",0.9974795545668639,0.8483034300990226,COMPLETE
11,0.04740173320084152,2024-12-21 16:03:33.478828,2024-12-21 16:03:48.382128,0 days 00:00:14.903300,0.19682836535520334,896,0.3,544,50,4.1835414614689825e-05,22,0.0002183340329472282,3,4,"{'neurons_per_layer_encoder': [544, 272, 136, 68], 'neurons_per_layer_decoder': [68, 136, 272]}",544,"[68, 136, 272]","[544, 272, 136, 68]",0.9990169851820764,0.4079222336542644,COMPLETE
12,0.0195466931049295,2024-12-21 16:03:46.495102,2024-12-21 16:04:08.433012,0 days 00:00:21.937910,0.019087877416109365,1024,0.2,1392,50,0.00010557095888681409,58,0.0008007955193469699,4,4,"{'neurons_per_layer_encoder': [1392, 696, 348, 174], 'neurons_per_layer_decoder': [174, 348, 696, 1392]}",1392,"[174, 348, 696, 1392]","[1392, 696, 348, 174]",0.9992498239405366,0.7558493833131233,COMPLETE
13,0.02673986478873598,2024-12-21 16:03:48.437993,2024-12-21 16:04:30.343892,0 days 00:00:41.905899,0.010182439489932025,1024,0.2,1760,50,0.0001984638598350929,105,0.00025106161583798506,4,4,"{'neurons_per_layer_encoder': [1760, 880, 440, 220], 'neurons_per_layer_decoder': [220, 440, 880, 1760]}",1760,"[220, 440, 880, 1760]","[1760, 880, 440, 220]",0.9992255194255933,0.6660020985008894,COMPLETE
14,0.027199432510323644,2024-12-21 16:03:49.876198,2024-12-21 16:05:43.704555,0 days 00:01:53.828357,0.02351297964656169,768,0.2,1856,50,0.00030663912059800705,218,0.00018591096801709754,5,3,"{'neurons_per_layer_encoder': [1856, 928, 464], 'neurons_per_layer_decoder': [464, 928, 1856, 3712, 7424]}",1856,"[464, 928, 1856, 3712, 7424]","[1856, 928, 464]",0.9990173022348768,0.6602618056527496,COMPLETE
15,0.02447664825172202,2024-12-21 16:03:59.062614,2024-12-21 16:04:28.463598,0 days 00:00:29.400984,0.24748678673782812,896,0.1,1936,50,0.0001722723333755321,161,0.0005117832897477966,2,3,"{'neurons_per_layer_encoder': [1936, 968, 484], 'neurons_per_layer_decoder': [484, 968]}",1936,"[484, 968]","[1936, 968, 484]",0.9991163373070434,0.6942711110771673,COMPLETE
16,0.020698665811020818,2024-12-21 16:04:06.496196,2024-12-21 16:05:09.669606,0 days 00:01:03.173410,0.0826891992577846,256,0.2,1088,50,0.00016512513732448576,122,0.0009727029208226133,5,3,"{'neurons_per_layer_encoder': [1088, 544, 272], 'neurons_per_layer_decoder': [272, 544, 1088, 2176, 4352]}",1088,"[272, 544, 1088, 2176, 4352]","[1088, 544, 272]",0.9971236065874046,0.7414605122601617,COMPLETE
17,0.02479305420941956,2024-12-21 16:04:08.473878,2024-12-21 16:05:08.995310,0 days 00:01:00.521432,0.010065748143485764,256,0.1,1008,50,0.00028094068754724546,200,0.00045793857938059436,4,2,"{'neurons_per_layer_encoder': [1008, 504], 'neurons_per_layer_decoder': [504, 1008, 2016, 4032]}",1008,"[504, 1008, 2016, 4032]","[1008, 504]",0.9971461617900824,0.6903189996238097,COMPLETE
18,0.010351541541103414,2024-12-21 16:04:08.553190,2024-12-21 16:04:39.097519,0 days 00:00:30.544329,0.010242119038205702,256,0.1,928,50,0.00027916206564929173,19,0.0009011848282367034,5,5,"{'neurons_per_layer_encoder': [928, 464, 232, 116, 58], 'neurons_per_layer_decoder': [58, 116, 232, 464, 928]}",928,"[58, 116, 232, 464, 928]","[928, 464, 232, 116, 58]",0.9979284460836935,0.8707026688681755,COMPLETE
19,0.004771749579497753,2024-12-21 16:04:28.495176,2024-12-21 16:05:26.144812,0 days 00:00:57.649636,0.010292796249753326,256,0.1,960,50,7.053502342475682e-05,20,0.0008021227171972566,5,5,"{'neurons_per_layer_encoder': [960, 480, 240, 120, 60], 'neurons_per_layer_decoder': [60, 120, 240, 480, 960]}",960,"[60, 120, 240, 480, 960]","[960, 480, 240, 120, 60]",0.998481243980154,0.9403978158220578,COMPLETE
20,0.008285308369009044,2024-12-21 16:04:30.454723,2024-12-21 16:05:10.465404,0 days 00:00:40.010681,0.07935925300597742,256,0.1,928,50,7.086033240999984e-05,19,0.0008844464515674152,5,5,"{'neurons_per_layer_encoder': [928, 464, 232, 116, 58], 'neurons_per_layer_decoder': [58, 116, 232, 464, 928]}",928,"[58, 116, 232, 464, 928]","[928, 464, 232, 116, 58]",0.9978408549947196,0.8965112340550152,COMPLETE
21,0.00851417707958196,2024-12-21 16:04:39.141997,2024-12-21 16:05:16.032244,0 days 00:00:36.890247,0.07509992916069785,256,0.1,1040,50,0.0003523901769175495,21,0.0009992902497310693,5,5,"{'neurons_per_layer_encoder': [1040, 520, 260, 130, 65], 'neurons_per_layer_decoder': [65, 130, 260, 520, 1040]}",1040,"[65, 130, 260, 520, 1040]","[1040, 520, 260, 130, 65]",0.9978853126340309,0.8936525184386833,COMPLETE
22,0.012513915842966168,2024-12-21 16:05:09.011160,2024-12-21 16:05:33.521336,0 days 00:00:24.510176,0.08056307364276254,512,0.1,1072,50,0.00039595333288390853,22,0.0009292431747785018,5,5,"{'neurons_per_layer_encoder': [1072, 536, 268, 134, 67], 'neurons_per_layer_decoder': [67, 134, 268, 536, 1072]}",1072,"[67, 134, 268, 536, 1072]","[1072, 536, 268, 134, 67]",0.9983417287456438,0.8436932398832542,COMPLETE
23,0.01554307916469815,2024-12-21 16:05:09.679887,2024-12-21 16:05:25.958567,0 days 00:00:16.278680,0.057507393307462296,512,0.1,784,50,0.0004471953680135518,16,0.0007343892647930125,5,5,"{'neurons_per_layer_encoder': [784, 392, 196, 98, 49], 'neurons_per_layer_decoder': [49, 98, 196, 392, 784]}",784,"[49, 98, 196, 392, 784]","[784, 392, 196, 98, 49]",0.9986763158160366,0.8058570652896285,COMPLETE
24,0.015076494628777406,2024-12-21 16:05:10.475033,2024-12-21 16:05:34.911506,0 days 00:00:24.436473,0.057021958236762635,512,0.1,784,50,0.0004672386100973394,16,0.0007661361203677773,5,5,"{'neurons_per_layer_encoder': [784, 392, 196, 98, 49], 'neurons_per_layer_decoder': [49, 98, 196, 392, 784]}",784,"[49, 98, 196, 392, 784]","[784, 392, 196, 98, 49]",0.9986683003343588,0.811685002607214,COMPLETE
25,0.014334223186316266,2024-12-21 16:05:16.041533,2024-12-21 16:05:38.941739,0 days 00:00:22.900206,0.07619247828624691,512,0.2,864,50,0.0004956373806937611,18,0.0007166378056715445,5,5,"{'neurons_per_layer_encoder': [864, 432, 216, 108, 54], 'neurons_per_layer_decoder': [54, 108, 216, 432, 864]}",864,"[54, 108, 216, 432, 864]","[864, 432, 216, 108, 54]",0.99863058200321,0.8209564445566577,COMPLETE
26,0.00915713084893895,2024-12-21 16:05:25.973991,2024-12-21 16:05:42.975888,0 days 00:00:17.001897,0.13723225108899345,384,0.2,736,50,1.9253311548695984e-05,15,0.0006988475184583008,5,5,"{'neurons_per_layer_encoder': [736, 368, 184, 92, 46], 'neurons_per_layer_decoder': [46, 92, 184, 368, 736]}",736,"[46, 92, 184, 368, 736]","[736, 368, 184, 92, 46]",0.998653080931164,0.8856216173319343,COMPLETE
27,0.01132138419595682,2024-12-21 16:05:26.162989,2024-12-21 16:05:55.489592,0 days 00:00:29.326603,0.06318654022916592,384,0.1,1216,50,2.3684885896152025e-05,25,0.0009817759112851604,5,5,"{'neurons_per_layer_encoder': [1216, 608, 304, 152, 76], 'neurons_per_layer_decoder': [76, 152, 304, 608, 1216]}",1216,"[76, 152, 304, 608, 1216]","[1216, 608, 304, 152, 76]",0.9983176264337051,0.8585887178790959,COMPLETE
28,0.00798154058896116,2024-12-21 16:05:33.559918,2024-12-21 16:05:58.398375,0 days 00:00:24.838457,0.029397400167133967,384,0.2,1248,50,6.0097235050032115e-05,26,0.0006958228655507244,5,5,"{'neurons_per_layer_encoder': [1248, 624, 312, 156, 78], 'neurons_per_layer_decoder': [78, 156, 312, 624, 1248]}",1248,"[78, 156, 312, 624, 1248]","[1248, 624, 312, 156, 78]",0.9987019442790237,0.9003054866393354,COMPLETE
29,0.00901647189751184,2024-12-21 16:05:34.922995,2024-12-21 16:06:03.627575,0 days 00:00:28.704580,0.032302181391179074,384,0.2,1248,50,5.1124071551900784e-05,26,0.000675958089402841,5,5,"{'neurons_per_layer_encoder': [1248, 624, 312, 156, 78], 'neurons_per_layer_decoder': [78, 156, 312, 624, 1248]}",1248,"[78, 156, 312, 624, 1248]","[1248, 624, 312, 156, 78]",0.998686647165081,0.8873785370087874,COMPLETE
30,0.01493701978229919,2024-12-21 16:05:38.956795,2024-12-21 16:06:09.646275,0 days 00:00:30.689480,0.1343699566765055,384,0.2,1232,50,2.2905483534397386e-05,51,0.0006436098497302224,5,4,"{'neurons_per_layer_encoder': [1232, 616, 308, 154], 'neurons_per_layer_decoder': [154, 308, 616, 1232, 2464]}",1232,"[154, 308, 616, 1232, 2464]","[1232, 616, 308, 154]",0.9984126787410837,0.8134271320608849,COMPLETE
31,0.01946663861158051,2024-12-21 16:05:42.991185,2024-12-21 16:06:00.726285,0 days 00:00:17.735100,0.032092464434732446,384,0.1,1232,50,6.216211837036023e-05,51,0.0004249013593939768,4,4,"{'neurons_per_layer_encoder': [1232, 616, 308, 154], 'neurons_per_layer_decoder': [154, 308, 616, 1232]}",1232,"[154, 308, 616, 1232]","[1232, 616, 308, 154]",0.9981791280020423,0.7568493148010118,COMPLETE
32,0.016341272919451453,2024-12-21 16:05:43.736929,2024-12-21 16:06:07.197800,0 days 00:00:23.460871,0.03516369039144219,384,0.1,1232,50,6.083373576875639e-05,51,0.00041205101818301144,4,4,"{'neurons_per_layer_encoder': [1232, 616, 308, 154], 'neurons_per_layer_decoder': [154, 308, 616, 1232]}",1232,"[154, 308, 616, 1232]","[1232, 616, 308, 154]",0.9984321738638967,0.7958871181270833,COMPLETE
33,0.014121617326799936,2024-12-21 16:05:55.530407,2024-12-21 16:06:19.840202,0 days 00:00:24.309795,0.03725846989172318,384,0.1,1232,50,6.014608837534427e-05,51,0.00038411117194979275,4,4,"{'neurons_per_layer_encoder': [1232, 616, 308, 154], 'neurons_per_layer_decoder': [154, 308, 616, 1232]}",1232,"[154, 308, 616, 1232]","[1232, 616, 308, 154]",0.9985753774940661,0.8236120268300124,COMPLETE
34,0.01688183546905387,2024-12-21 16:05:58.409182,2024-12-21 16:06:19.674900,0 days 00:00:21.265718,0.033296008278458675,384,0.2,1216,50,5.963854707869551e-05,50,0.0003846319680148651,4,4,"{'neurons_per_layer_encoder': [1216, 608, 304, 152], 'neurons_per_layer_decoder': [152, 304, 608, 1216]}",1216,"[152, 304, 608, 1216]","[1216, 608, 304, 152]",0.9984170938931826,0.7891351484135989,COMPLETE
35,0.015700808310684204,2024-12-21 16:06:00.737010,2024-12-21 16:06:22.535310,0 days 00:00:21.798300,0.03993761367316481,384,0.2,1440,50,0.00011717945357911224,60,0.0006057262312142065,4,4,"{'neurons_per_layer_encoder': [1440, 720, 360, 180], 'neurons_per_layer_decoder': [180, 360, 720, 1440]}",1440,"[180, 360, 720, 1440]","[1440, 720, 360, 180]",0.998325047422322,0.8038869280364745,COMPLETE
36,0.019998161020208485,2024-12-21 16:06:03.681713,2024-12-21 16:06:31.426511,0 days 00:00:27.744798,0.014309389686759426,640,0.2,1488,50,0.0001201200563213935,62,0.0003856051356709427,4,4,"{'neurons_per_layer_encoder': [1488, 744, 372, 186], 'neurons_per_layer_decoder': [186, 372, 744, 1488]}",1488,"[186, 372, 744, 1488]","[1488, 744, 372, 186]",0.9988398535337784,0.7502102621923286,COMPLETE
37,0.01040462067799996,2024-12-21 16:06:07.207967,2024-12-21 16:06:31.508981,0 days 00:00:24.301014,0.04273226810333216,256,0.1,976,50,0.00011610360628637992,20,0.0006242805488369771,5,5,"{'neurons_per_layer_encoder': [976, 488, 244, 122, 61], 'neurons_per_layer_decoder': [61, 122, 244, 488, 976]}",976,"[61, 122, 244, 488, 976]","[976, 488, 244, 122, 61]",0.9982645903325821,0.8700396767222953,COMPLETE
38,0.007964984673159883,2024-12-21 16:06:09.668004,2024-12-21 16:06:32.231608,0 days 00:00:22.563604,0.0438055074239001,256,0.1,1392,50,0.0001225884473683625,29,0.0008382078970933774,3,5,"{'neurons_per_layer_encoder': [1392, 696, 348, 174, 87], 'neurons_per_layer_decoder': [87, 174, 348]}",1392,"[87, 174, 348]","[1392, 696, 348, 174, 87]",0.9979398763247127,0.9005122805471847,COMPLETE
39,0.006760013626787489,2024-12-21 16:06:19.691034,2024-12-21 16:06:41.896588,0 days 00:00:22.205554,0.047904050588744716,256,0.1,1408,50,0.00011503268678379721,29,0.0008840191989828842,3,5,"{'neurons_per_layer_encoder': [1408, 704, 352, 176, 88], 'neurons_per_layer_decoder': [88, 176, 352]}",1408,"[88, 176, 352]","[1408, 704, 352, 176, 88]",0.9983504923355563,0.9155631345449619,COMPLETE
40,0.012640611729624626,2024-12-21 16:06:19.864304,2024-12-21 16:06:42.091810,0 days 00:00:22.227506,0.046911917374783334,256,0.1,1376,50,0.00011862522904199479,28,0.0008115061334184003,3,5,"{'neurons_per_layer_encoder': [1376, 688, 344, 172, 86], 'neurons_per_layer_decoder': [86, 172, 344]}",1376,"[86, 172, 344]","[1376, 688, 344, 172, 86]",0.99767074414573,0.8421107277573768,COMPLETE
41,0.007528484027476695,2024-12-21 16:06:22.549119,2024-12-21 16:06:36.096980,0 days 00:00:13.547861,0.014729998365842397,256,0.1,1008,50,0.0001240147623607169,21,0.0008190121317017768,3,5,"{'neurons_per_layer_encoder': [1008, 504, 252, 126, 63], 'neurons_per_layer_decoder': [63, 126, 252]}",1008,"[63, 126, 252]","[1008, 504, 252, 126, 63]",0.9979941136824175,0.9059644509606494,COMPLETE
42,0.008040295328266781,2024-12-21 16:06:31.469013,2024-12-21 16:06:50.595737,0 days 00:00:19.126724,0.11254065082281199,256,0.1,960,50,3.7660834921465964e-05,20,0.0008464060461704397,3,5,"{'neurons_per_layer_encoder': [960, 480, 240, 120, 60], 'neurons_per_layer_decoder': [60, 120, 240]}",960,"[60, 120, 240]","[960, 480, 240, 120, 60]",0.9979374587292867,0.8995716026131353,COMPLETE
43,0.007243029508388602,2024-12-21 16:06:31.551305,2024-12-21 16:06:51.471779,0 days 00:00:19.920474,0.10658092884041649,256,0.1,1600,50,3.402000238854708e-05,33,0.0008411997542878048,3,5,"{'neurons_per_layer_encoder': [1600, 800, 400, 200, 100], 'neurons_per_layer_decoder': [100, 200, 400]}",1600,"[100, 200, 400]","[1600, 800, 400, 200, 100]",0.99810909354349,0.9095299592794881,COMPLETE
44,0.31190067064857485,2024-12-21 16:06:32.242627,2024-12-21 16:09:31.575917,0 days 00:02:59.333290,0.02532700546382129,256,0.3,1648,50,7.956737882384236e-05,338,0.0008357506083686881,3,2,"{'neurons_per_layer_encoder': [1648, 824], 'neurons_per_layer_decoder': [824, 1648, 3296]}",1648,"[824, 1648, 3296]","[1648, 824]",0.9962364451955613,-2.895837555493999,COMPLETE
45,0.023587070694883885,2024-12-21 16:06:36.112538,2024-12-21 16:07:09.844329,0 days 00:00:33.731791,0.02499043115421135,256,0.3,1328,50,8.458305714819854e-05,317,0.0005169720935924483,3,2,"{'neurons_per_layer_encoder': [1328, 664], 'neurons_per_layer_decoder': [664, 1328, 2656]}",1328,"[664, 1328, 2656]","[1328, 664]",0.9971709529602807,0.7053824999922601,COMPLETE
46,0.34890390591587145,2024-12-21 16:06:41.941062,2024-12-21 16:08:58.762817,0 days 00:02:16.821755,0.013053961575188547,256,0.1,1344,50,0.00021980446017818894,256,0.0008107122829794913,3,2,"{'neurons_per_layer_encoder': [1344, 672], 'neurons_per_layer_decoder': [672, 1344, 2688]}",1344,"[672, 1344, 2688]","[1344, 672]",0.9957367707044761,-3.3580314755306144,COMPLETE
47,0.011572787934539972,2024-12-21 16:06:42.161573,2024-12-21 16:07:12.054351,0 days 00:00:29.892778,0.01354253957425671,256,0.1,1568,50,9.05848539755944e-05,32,0.00050939165709873,3,5,"{'neurons_per_layer_encoder': [1568, 784, 392, 196, 98], 'neurons_per_layer_decoder': [98, 196, 392]}",1568,"[98, 196, 392]","[1568, 784, 392, 196, 98]",0.9976517841812493,0.8554485254443468,COMPLETE
48,0.004406125599401465,2024-12-21 16:06:50.609824,2024-12-21 16:07:45.189826,0 days 00:00:54.580002,0.014575394153679314,256,0.3,1552,50,8.845296216420279e-05,32,0.0005305824441152153,3,5,"{'neurons_per_layer_encoder': [1552, 776, 388, 194, 97], 'neurons_per_layer_decoder': [97, 194, 388]}",1552,"[97, 194, 388]","[1552, 776, 388, 194, 97]",0.9985707308477836,0.944964691647898,COMPLETE
49,0.03175818599328954,2024-12-21 16:06:51.495012,2024-12-21 16:07:35.488940,0 days 00:00:43.993928,0.013364554303193705,256,0.1,1520,50,9.074651152924668e-05,317,0.00011203153737276397,3,2,"{'neurons_per_layer_encoder': [1520, 760], 'neurons_per_layer_decoder': [760, 1520, 3040]}",1520,"[760, 1520, 3040]","[1520, 760]",0.9970525277465739,0.6033200780564394,COMPLETE
50,0.02176671990829616,2024-12-21 16:07:09.855498,2024-12-21 16:07:35.414608,0 days 00:00:25.559110,0.013316887589176327,256,0.1,1584,50,0.0001530907809521866,33,0.00011793916634642636,3,5,"{'neurons_per_layer_encoder': [1584, 792, 396, 198, 99], 'neurons_per_layer_decoder': [99, 198, 396]}",1584,"[99, 198, 396]","[1584, 792, 396, 198, 99]",0.997328759392643,0.728119837952498,COMPLETE
51,0.004121405647364605,2024-12-21 16:07:12.121921,2024-12-21 16:08:09.798171,0 days 00:00:57.676250,0.016557734884957695,256,0.1,1632,50,0.0001484704314642378,34,0.0008418959359674555,3,5,"{'neurons_per_layer_encoder': [1632, 816, 408, 204, 102], 'neurons_per_layer_decoder': [102, 204, 408]}",1632,"[102, 204, 408]","[1632, 816, 408, 204, 102]",0.9986205817422433,0.948521024757529,COMPLETE
52,0.01270205509051829,2024-12-21 16:07:35.425998,2024-12-21 16:07:53.277058,0 days 00:00:17.851060,0.018438503779585978,640,0.1,1584,50,0.00022109091130502681,33,0.0008083645470359113,3,5,"{'neurons_per_layer_encoder': [1584, 792, 396, 198, 99], 'neurons_per_layer_decoder': [99, 198, 396]}",1584,"[99, 198, 396]","[1584, 792, 396, 198, 99]",0.9989434912280174,0.8413432611392142,COMPLETE
53,0.00992146003485057,2024-12-21 16:07:35.504215,2024-12-21 16:07:56.064825,0 days 00:00:20.560610,0.017724112231770374,640,0.1,1696,50,0.00019535225167568743,35,0.000807557270668783,2,5,"{'neurons_per_layer_encoder': [1696, 848, 424, 212, 106], 'neurons_per_layer_decoder': [106, 212]}",1696,"[106, 212]","[1696, 848, 424, 212, 106]",0.9990452755710821,0.8760746601514874,COMPLETE
54,0.011995901359866128,2024-12-21 16:07:45.227906,2024-12-21 16:08:10.856706,0 days 00:00:25.628800,0.018009578788328363,640,0.3,1680,50,0.0002246933434932397,35,0.000562761677656306,2,5,"{'neurons_per_layer_encoder': [1680, 840, 420, 210, 105], 'neurons_per_layer_decoder': [105, 210]}",1680,"[105, 210]","[1680, 840, 420, 210, 105]",0.9991366694829129,0.85016356991927,COMPLETE
55,0.004432328070012043,2024-12-21 16:07:53.287988,2024-12-21 16:08:32.420156,0 days 00:00:39.132168,0.017141910993141798,256,0.3,1696,50,1.3608772480945095e-05,35,0.0005717180794877945,2,5,"{'neurons_per_layer_encoder': [1696, 848, 424, 212, 106], 'neurons_per_layer_decoder': [106, 212]}",1696,"[106, 212]","[1696, 848, 424, 212, 106]",0.9985058792771007,0.9446374061411399,COMPLETE
56,0.008996741904347627,2024-12-21 16:07:56.074084,2024-12-21 16:08:21.915152,0 days 00:00:25.841068,0.01171380184325284,256,0.3,1616,50,3.0288842751839626e-05,33,0.000551419123858257,3,5,"{'neurons_per_layer_encoder': [1616, 808, 404, 202, 101], 'neurons_per_layer_decoder': [101, 202, 404]}",1616,"[101, 202, 404]","[1616, 808, 404, 202, 101]",0.9978964539661609,0.887624977159682,COMPLETE
57,0.00855727828988037,2024-12-21 16:08:09.809244,2024-12-21 16:08:38.813948,0 days 00:00:29.004704,0.011695527847708605,256,0.3,1696,50,4.299365000431669e-05,35,0.0005761922471429779,3,5,"{'neurons_per_layer_encoder': [1696, 848, 424, 212, 106], 'neurons_per_layer_decoder': [106, 212, 424]}",1696,"[106, 212, 424]","[1696, 848, 424, 212, 106]",0.998113784033831,0.8931141569359055,COMPLETE
58,0.010067298847667449,2024-12-21 16:08:10.875122,2024-12-21 16:08:40.159580,0 days 00:00:29.284458,0.011628691656381206,256,0.3,1664,50,0.00014835833306006953,34,0.0008867480812416322,3,5,"{'neurons_per_layer_encoder': [1664, 832, 416, 208, 104], 'neurons_per_layer_decoder': [104, 208, 416]}",1664,"[104, 208, 416]","[1664, 832, 416, 208, 104]",0.9976577883591544,0.8742530407146352,COMPLETE
59,0.006620386356614139,2024-12-21 16:08:22.043196,2024-12-21 16:09:12.789361,0 days 00:00:50.746165,0.16888787647181236,256,0.1,1840,50,0.00013966712777058884,38,0.0007541392655195883,3,5,"{'neurons_per_layer_encoder': [1840, 920, 460, 230, 115], 'neurons_per_layer_decoder': [115, 230, 460]}",1840,"[115, 230, 460]","[1840, 920, 460, 230, 115]",0.99795525335578,0.9173071678674337,COMPLETE
60,0.012616312961181922,2024-12-21 16:08:32.432445,2024-12-21 16:08:57.474413,0 days 00:00:25.041968,0.02197725857698035,256,0.3,1824,50,1.3030004725519007e-05,38,0.00028633953607979783,2,5,"{'neurons_per_layer_encoder': [1824, 912, 456, 228, 114], 'neurons_per_layer_decoder': [114, 228]}",1824,"[114, 228]","[1824, 912, 456, 228, 114]",0.9979065458083904,0.8424142348144616,COMPLETE
61,0.005058523087579632,2024-12-21 16:08:38.884037,2024-12-21 16:10:31.539966,0 days 00:01:52.655929,0.1711669371337589,256,0.3,1872,50,1.4267811036716816e-05,39,0.0009172439610455673,2,5,"{'neurons_per_layer_encoder': [1872, 936, 468, 234, 117], 'neurons_per_layer_decoder': [117, 234]}",1872,"[117, 234]","[1872, 936, 468, 234, 117]",0.9982517823009299,0.9368158324926121,COMPLETE
62,0.020194222671877787,2024-12-21 16:08:40.186667,2024-12-21 16:09:09.695406,0 days 00:00:29.508739,0.1753642053384965,256,0.3,1792,50,1.6372304776938016e-05,37,0.00013309970064321675,2,5,"{'neurons_per_layer_encoder': [1792, 896, 448, 224, 112], 'neurons_per_layer_decoder': [112, 224]}",1792,"[112, 224]","[1792, 896, 448, 224, 112]",0.9975227139512111,0.7477613275870354,COMPLETE
63,0.013139148200687503,2024-12-21 16:08:57.486152,2024-12-21 16:09:18.129936,0 days 00:00:20.643784,0.1610184110457243,384,0.3,1792,50,1.0031105985285495e-05,37,0.00032231514747393296,2,5,"{'neurons_per_layer_encoder': [1792, 896, 448, 224, 112], 'neurons_per_layer_decoder': [112, 224]}",1792,"[112, 224]","[1792, 896, 448, 224, 112]",0.9985541998450786,0.8358836904678721,COMPLETE
64,0.01553569981325711,2024-12-21 16:08:58.809127,2024-12-21 16:09:22.099877,0 days 00:00:23.290750,0.01613688484795541,384,0.3,1792,50,0.0009929832343279989,37,0.00032221182837458175,2,5,"{'neurons_per_layer_encoder': [1792, 896, 448, 224, 112], 'neurons_per_layer_decoder': [112, 224]}",1792,"[112, 224]","[1792, 896, 448, 224, 112]",0.9982018422078871,0.8059492380779056,COMPLETE
65,0.01578928689315271,2024-12-21 16:09:09.711903,2024-12-21 16:09:37.667297,0 days 00:00:27.955394,0.01668054060732553,384,0.3,1472,50,1.1133341913011275e-05,154,0.000730028407506169,2,3,"{'neurons_per_layer_encoder': [1472, 736, 368], 'neurons_per_layer_decoder': [368, 736]}",1472,"[368, 736]","[1472, 736, 368]",0.9983229411291263,0.8027817743228871,COMPLETE
66,0.018595151695960644,2024-12-21 16:09:12.857347,2024-12-21 16:09:39.060573,0 days 00:00:26.203226,0.020437637545853763,384,0.3,2032,50,0.00014831439471157086,201,0.0004810805806554532,2,3,"{'neurons_per_layer_encoder': [2032, 1016, 508], 'neurons_per_layer_decoder': [508, 1016]}",2032,"[508, 1016]","[2032, 1016, 508]",0.9982084358059116,0.7677347401126455,COMPLETE
67,0.009351087197836365,2024-12-21 16:09:18.145659,2024-12-21 16:09:44.727298,0 days 00:00:26.581639,0.1107967331995071,256,0.1,2000,50,7.315719254936585e-05,41,0.000763489784139143,3,5,"{'neurons_per_layer_encoder': [2000, 1000, 500, 250, 125], 'neurons_per_layer_decoder': [125, 250, 500]}",2000,"[125, 250, 500]","[2000, 1000, 500, 250, 125]",0.997857505907328,0.8831989792959539,COMPLETE
68,0.010685479705539763,2024-12-21 16:09:22.118331,2024-12-21 16:09:49.311014,0 days 00:00:27.192683,0.09686323348222176,256,0.1,1504,50,7.981639301868633e-05,31,0.0007390261453527199,3,5,"{'neurons_per_layer_encoder': [1504, 752, 376, 188, 94], 'neurons_per_layer_decoder': [94, 188, 376]}",1504,"[94, 188, 376]","[1504, 752, 376, 188, 94]",0.9977729730997208,0.8665315690128319,COMPLETE
69,0.013875413344124158,2024-12-21 16:09:31.685986,2024-12-21 16:10:02.863750,0 days 00:00:31.177764,0.25942604186083895,256,0.1,1968,50,7.39562128885324e-05,41,0.0007367480736539265,3,5,"{'neurons_per_layer_encoder': [1968, 984, 492, 246, 123], 'neurons_per_layer_decoder': [123, 246, 492]}",1968,"[123, 246, 492]","[1968, 984, 492, 246, 123]",0.9969204312957648,0.8266872710095967,COMPLETE
70,0.00609055648007008,2024-12-21 16:09:37.853230,2024-12-21 16:10:31.146732,0 days 00:00:53.293502,0.09259393967658557,256,0.1,1936,50,0.0001441267698526562,40,0.0009374085260866443,3,5,"{'neurons_per_layer_encoder': [1936, 968, 484, 242, 121], 'neurons_per_layer_decoder': [121, 242, 484]}",1936,"[121, 242, 484]","[1936, 968, 484, 242, 121]",0.9980720084276588,0.9239250796749681,COMPLETE
71,0.008481249812507117,2024-12-21 16:09:39.080655,2024-12-21 16:10:34.468577,0 days 00:00:55.387922,0.2646773627928057,256,0.1,1936,50,7.52509738314951e-05,40,0.0006699772693233366,3,5,"{'neurons_per_layer_encoder': [1936, 968, 484, 242, 121], 'neurons_per_layer_decoder': [121, 242, 484]}",1936,"[121, 242, 484]","[1936, 968, 484, 242, 121]",0.997426679631773,0.8940638009261599,COMPLETE
72,0.010368517231464244,2024-12-21 16:09:44.741980,2024-12-21 16:10:05.880579,0 days 00:00:21.138599,0.22819635297312676,256,0.1,1536,50,4.315307394723509e-05,32,0.000646344883471911,3,5,"{'neurons_per_layer_encoder': [1536, 768, 384, 192, 96], 'neurons_per_layer_decoder': [96, 192, 384]}",1536,"[96, 192, 384]","[1536, 768, 384, 192, 96]",0.997547293223595,0.8704906317093563,COMPLETE
73,0.008421785019970235,2024-12-21 16:09:49.360115,2024-12-21 16:10:24.987579,0 days 00:00:35.627464,0.161553663962003,256,0.1,1936,50,4.965293286382654e-05,40,0.0009287466194791825,3,5,"{'neurons_per_layer_encoder': [1936, 968, 484, 242, 121], 'neurons_per_layer_decoder': [121, 242, 484]}",1936,"[121, 242, 484]","[1936, 968, 484, 242, 121]",0.9979501431624949,0.8948065539683804,COMPLETE
74,0.007199770187999878,2024-12-21 16:10:02.908404,2024-12-21 16:10:50.880054,0 days 00:00:47.971650,0.15481408514936768,256,0.1,1744,50,4.951561606657851e-05,36,0.0009295327313474564,3,5,"{'neurons_per_layer_encoder': [1744, 872, 436, 218, 109], 'neurons_per_layer_decoder': [109, 218, 436]}",1744,"[109, 218, 436]","[1744, 872, 436, 218, 109]",0.9977600931907713,0.9100702956777558,COMPLETE
75,0.008522396042029687,2024-12-21 16:10:05.892732,2024-12-21 16:10:26.683416,0 days 00:00:20.790684,0.15093406755724986,768,0.1,1872,50,9.848058183046036e-05,39,0.0009454777811691428,3,5,"{'neurons_per_layer_encoder': [1872, 936, 468, 234, 117], 'neurons_per_layer_decoder': [117, 234, 468]}",1872,"[117, 234, 468]","[1872, 936, 468, 234, 117]",0.9992705431249639,0.8935498583754508,COMPLETE
76,0.01844834437952237,2024-12-21 16:10:25.012746,2024-12-21 16:10:52.547869,0 days 00:00:27.535123,0.0645395080209373,896,0.1,1744,50,0.00010311745706057488,72,0.0006686058517324069,4,4,"{'neurons_per_layer_encoder': [1744, 872, 436, 218], 'neurons_per_layer_decoder': [218, 436, 872, 1744]}",1744,"[218, 436, 872, 1744]","[1744, 872, 436, 218]",0.9991850328255211,0.769568456775108,COMPLETE
77,0.0069400774051465485,2024-12-21 16:10:26.700166,2024-12-21 16:10:48.293063,0 days 00:00:21.592897,0.19842203472190564,256,0.1,1440,50,0.00013618539143518416,30,0.0006751730054600667,3,5,"{'neurons_per_layer_encoder': [1440, 720, 360, 180, 90], 'neurons_per_layer_decoder': [90, 180, 360]}",1440,"[90, 180, 360]","[1440, 720, 360, 180, 90]",0.9982396561351059,0.9133140235422292,COMPLETE
78,0.007339638298189817,2024-12-21 16:10:31.217095,2024-12-21 16:11:08.577983,0 days 00:00:37.360888,0.08835261260689234,256,0.1,1872,50,0.0001814147550868463,39,0.0006701965427367006,3,5,"{'neurons_per_layer_encoder': [1872, 936, 468, 234, 117], 'neurons_per_layer_decoder': [117, 234, 468]}",1872,"[117, 234, 468]","[1872, 936, 468, 234, 117]",0.9980566191536965,0.9083232541104489,COMPLETE
79,0.006575635919259148,2024-12-21 16:10:31.571415,2024-12-21 16:11:02.911514,0 days 00:00:31.340099,0.06836667956435384,256,0.3,1888,50,0.00018385557867549516,39,0.000999544447481308,2,5,"{'neurons_per_layer_encoder': [1888, 944, 472, 236, 118], 'neurons_per_layer_decoder': [118, 236]}",1888,"[118, 236]","[1888, 944, 472, 236, 118]",0.9981294147271631,0.9178661292640534,COMPLETE
80,0.00784411846147943,2024-12-21 16:10:34.499573,2024-12-21 16:10:58.083187,0 days 00:00:23.583614,0.06574185670175382,384,0.3,1744,50,1.38421017797589e-05,36,0.0009970723973783788,2,5,"{'neurons_per_layer_encoder': [1744, 872, 436, 218, 109], 'neurons_per_layer_decoder': [109, 218]}",1744,"[109, 218]","[1744, 872, 436, 218, 109]",0.998799819945748,0.9020219763284597,COMPLETE
81,0.010549343721054812,2024-12-21 16:10:50.352617,2024-12-21 16:11:09.145996,0 days 00:00:18.793379,0.06787850268429113,384,0.3,1888,50,0.00017698578393452046,39,0.0009904902521890517,2,5,"{'neurons_per_layer_encoder': [1888, 944, 472, 236, 118], 'neurons_per_layer_decoder': [118, 236]}",1888,"[118, 236]","[1888, 944, 472, 236, 118]",0.9983254468007886,0.8682319939587217,COMPLETE
82,0.013067903673384711,2024-12-21 16:10:50.898500,2024-12-21 16:11:14.534393,0 days 00:00:23.635893,0.06973902300452645,384,0.3,1872,50,0.00017811388541053583,39,0.0009798784531281051,2,5,"{'neurons_per_layer_encoder': [1872, 936, 468, 234, 117], 'neurons_per_layer_decoder': [117, 234]}",1872,"[117, 234]","[1872, 936, 468, 234, 117]",0.9979864078113475,0.8367735798820644,COMPLETE
83,0.01054424089635329,2024-12-21 16:10:52.579967,2024-12-21 16:11:10.073916,0 days 00:00:17.493949,0.29264032303796433,384,0.3,1152,50,0.0006989662518126287,24,0.0009996954266414393,2,5,"{'neurons_per_layer_encoder': [1152, 576, 288, 144, 72], 'neurons_per_layer_decoder': [72, 144]}",1152,"[72, 144]","[1152, 576, 288, 144, 72]",0.9984731613509233,0.8682957314815362,COMPLETE
84,0.014621763575336195,2024-12-21 16:10:58.117823,2024-12-21 16:11:16.825196,0 days 00:00:18.707373,0.09076781797311821,1024,0.2,1888,50,2.1651876388216605e-05,39,0.0009019187236263673,2,5,"{'neurons_per_layer_encoder': [1888, 944, 472, 236, 118], 'neurons_per_layer_decoder': [118, 236]}",1888,"[118, 236]","[1888, 944, 472, 236, 118]",0.9993369190165398,0.8173648823970259,COMPLETE
85,0.013248045894447115,2024-12-21 16:11:02.996801,2024-12-21 16:11:25.794087,0 days 00:00:22.797286,0.09101429006084322,1024,0.3,1904,50,0.00019175541013921558,39,0.0008840109396356229,2,5,"{'neurons_per_layer_encoder': [1904, 952, 476, 238, 119], 'neurons_per_layer_decoder': [119, 238]}",1904,"[119, 238]","[1904, 952, 476, 238, 119]",0.9993918956069042,0.8345234890801252,COMPLETE
86,0.00782868661054935,2024-12-21 16:11:08.599558,2024-12-21 16:11:32.344629,0 days 00:00:23.745071,0.12717823919226984,384,0.3,1840,50,0.0002515432145885924,38,0.0008841613439918426,2,5,"{'neurons_per_layer_encoder': [1840, 920, 460, 230, 115], 'neurons_per_layer_decoder': [115, 230]}",1840,"[115, 230]","[1840, 920, 460, 230, 115]",0.9983997683971746,0.9022147299518462,COMPLETE
87,0.004381516712541631,2024-12-21 16:11:09.242396,2024-12-21 16:11:42.446061,0 days 00:00:33.203665,0.1298860660148541,256,0.3,1152,50,0.0002601078887583516,24,0.0008843874224339743,2,5,"{'neurons_per_layer_encoder': [1152, 576, 288, 144, 72], 'neurons_per_layer_decoder': [72, 144]}",1152,"[72, 144]","[1152, 576, 288, 144, 72]",0.9985234619749203,0.9452720722810595,COMPLETE
88,0.006914420926456107,2024-12-21 16:11:10.087612,2024-12-21 16:11:36.092353,0 days 00:00:26.004741,0.04802776922437941,256,0.3,1840,50,2.2347966847661365e-05,38,0.0008926856965407946,2,5,"{'neurons_per_layer_encoder': [1840, 920, 460, 230, 115], 'neurons_per_layer_decoder': [115, 230]}",1840,"[115, 230]","[1840, 920, 460, 230, 115]",0.9981439482606678,0.9136344892629862,COMPLETE
89,0.008559277712247525,2024-12-21 16:11:14.564440,2024-12-21 16:11:31.400413,0 days 00:00:16.835973,0.049548001862709044,256,0.3,528,50,0.00028179345764915183,11,0.0008849032485573517,2,5,"{'neurons_per_layer_encoder': [528, 264, 132, 66, 33], 'neurons_per_layer_decoder': [33, 66]}",528,"[33, 66]","[528, 264, 132, 66, 33]",0.9978230861890499,0.8930891828801233,COMPLETE
90,0.008046017670279359,2024-12-21 16:11:16.856658,2024-12-21 16:11:47.089033,0 days 00:00:30.232375,0.12156374622071295,256,0.3,2048,50,0.0002612971125935493,42,0.0008702704305116295,2,5,"{'neurons_per_layer_encoder': [2048, 1024, 512, 256, 128], 'neurons_per_layer_decoder': [128, 256]}",2048,"[128, 256]","[2048, 1024, 512, 256, 128]",0.9981625336187334,0.8995001269254697,COMPLETE
91,0.008933668637540033,2024-12-21 16:11:25.811406,2024-12-21 16:11:42.143533,0 days 00:00:16.332127,0.05009438111971485,256,0.3,656,50,1.5561323294166336e-05,13,0.0007757468757821855,2,5,"{'neurons_per_layer_encoder': [656, 328, 164, 82, 41], 'neurons_per_layer_decoder': [41, 82]}",656,"[41, 82]","[656, 328, 164, 82, 41]",0.9981270730442777,0.8884128023383383,COMPLETE
92,0.00796946518313761,2024-12-21 16:11:31.451300,2024-12-21 16:12:00.277381,0 days 00:00:28.826081,0.12525225929673128,256,0.3,1824,50,1.6406004664700814e-05,38,0.000776509635446847,4,5,"{'neurons_per_layer_encoder': [1824, 912, 456, 228, 114], 'neurons_per_layer_decoder': [114, 228, 456, 912]}",1824,"[114, 228, 456, 912]","[1824, 912, 456, 228, 114]",0.9983369275285388,0.9004563161306841,COMPLETE
93,0.006426242537664558,2024-12-21 16:11:32.363700,2024-12-21 16:12:01.891954,0 days 00:00:29.528254,0.01072087051308171,256,0.3,1632,50,0.00013486704728111034,34,0.0007689475878698895,4,5,"{'neurons_per_layer_encoder': [1632, 816, 408, 204, 102], 'neurons_per_layer_decoder': [102, 204, 408, 816]}",1632,"[102, 204, 408, 816]","[1632, 816, 408, 204, 102]",0.9983750158840823,0.9197321475234826,COMPLETE
94,0.01954369987034509,2024-12-21 16:11:36.110537,2024-12-21 16:12:15.026929,0 days 00:00:38.916392,0.02774777922013585,256,0.3,2048,50,1.723378480313228e-05,85,0.00022653128399597843,4,4,"{'neurons_per_layer_encoder': [2048, 1024, 512, 256], 'neurons_per_layer_decoder': [256, 512, 1024, 2048]}",2048,"[256, 512, 1024, 2048]","[2048, 1024, 512, 256]",0.9974729450734494,0.755886770714959,COMPLETE
95,0.006712801965218586,2024-12-21 16:11:42.176932,2024-12-21 16:12:14.228577,0 days 00:00:32.051645,0.027705316231838122,256,0.2,1632,50,0.00015822766958681507,34,0.0006129843586859419,4,5,"{'neurons_per_layer_encoder': [1632, 816, 408, 204, 102], 'neurons_per_layer_decoder': [102, 204, 408, 816]}",1632,"[102, 204, 408, 816]","[1632, 816, 408, 204, 102]",0.9982594733345646,0.9161528381958547,COMPLETE
96,0.00827279077210677,2024-12-21 16:11:47.102980,2024-12-21 16:12:06.858205,0 days 00:00:19.755225,0.18392819942245314,256,0.3,864,50,0.00013565768597842998,18,0.0007751948258255522,4,5,"{'neurons_per_layer_encoder': [864, 432, 216, 108, 54], 'neurons_per_layer_decoder': [54, 108, 216, 432]}",864,"[54, 108, 216, 432]","[864, 432, 216, 108, 54]",0.9979308108306919,0.8966675867939016,COMPLETE
97,0.011627941194437542,2024-12-21 16:12:00.299409,2024-12-21 16:12:18.201230,0 days 00:00:17.901821,0.17697467747621343,256,0.3,1184,50,0.0003499613330115263,24,0.0009391576612007992,2,5,"{'neurons_per_layer_encoder': [1184, 592, 296, 148, 74], 'neurons_per_layer_decoder': [74, 148]}",1184,"[74, 148]","[1184, 592, 296, 148, 74]",0.9974302890221647,0.8547596261843032,COMPLETE
98,0.01096065432557675,2024-12-21 16:12:01.910592,2024-12-21 16:12:24.348488,0 days 00:00:22.437896,0.1849244167339552,256,0.3,1152,50,0.0001372423587310219,24,0.0007473295256548777,4,5,"{'neurons_per_layer_encoder': [1152, 576, 288, 144, 72], 'neurons_per_layer_decoder': [72, 144, 288, 576]}",1152,"[72, 144, 288, 576]","[1152, 576, 288, 144, 72]",0.9978840725183734,0.8630944631649038,COMPLETE
99,0.013629018504602138,2024-12-21 16:12:06.874408,2024-12-21 16:12:34.320035,0 days 00:00:27.445627,0.0107842155838688,256,0.3,1632,50,0.0003418527582252501,34,0.0007185576855191716,4,5,"{'neurons_per_layer_encoder': [1632, 816, 408, 204, 102], 'neurons_per_layer_decoder': [102, 204, 408, 816]}",1632,"[102, 204, 408, 816]","[1632, 816, 408, 204, 102]",0.9975614576302351,0.8297648991124595,COMPLETE
100,0.016982546213750394,2024-12-21 16:12:14.244577,2024-12-21 16:12:39.250657,0 days 00:00:25.006080,0.010688545817567207,256,0.3,1984,50,0.0003459368406925523,41,0.00022365617531772534,2,5,"{'neurons_per_layer_encoder': [1984, 992, 496, 248, 124], 'neurons_per_layer_decoder': [124, 248]}",1984,"[124, 248]","[1984, 992, 496, 248, 124]",0.997648433620408,0.7878772072215694,COMPLETE
101,0.011210464303457249,2024-12-21 16:12:15.054873,2024-12-21 16:12:36.979570,0 days 00:00:21.924697,0.010954006934184217,256,0.3,1984,50,0.0001318965709947782,41,0.000715593844200299,2,5,"{'neurons_per_layer_encoder': [1984, 992, 496, 248, 124], 'neurons_per_layer_decoder': [124, 248]}",1984,"[124, 248]","[1984, 992, 496, 248, 124]",0.9976686980022117,0.8599741778139931,COMPLETE
102,0.013173700753012036,2024-12-21 16:12:18.216061,2024-12-21 16:12:33.424976,0 days 00:00:15.208915,0.0106320247887065,512,0.3,1104,50,0.0001337693312148439,23,0.0007163283972542202,2,5,"{'neurons_per_layer_encoder': [1104, 552, 276, 138, 69], 'neurons_per_layer_decoder': [69, 138]}",1104,"[69, 138]","[1104, 552, 276, 138, 69]",0.9983312344613401,0.8354521071349342,COMPLETE
103,0.007522525235185389,2024-12-21 16:12:24.364954,2024-12-21 16:12:56.336031,0 days 00:00:31.971077,0.010392950791455769,256,0.3,1920,50,0.00021415903377045318,40,0.0007070324331116892,2,5,"{'neurons_per_layer_encoder': [1920, 960, 480, 240, 120], 'neurons_per_layer_decoder': [120, 240]}",1920,"[120, 240]","[1920, 960, 480, 240, 120]",0.9983456093458248,0.9060388800625349,COMPLETE
104,0.009350838166518539,2024-12-21 16:12:33.444347,2024-12-21 16:12:51.006116,0 days 00:00:17.561769,0.012496083843436132,768,0.3,2000,50,0.00020754000692938722,41,0.0008418045000978296,2,5,"{'neurons_per_layer_encoder': [2000, 1000, 500, 250, 125], 'neurons_per_layer_decoder': [125, 250]}",2000,"[125, 250]","[2000, 1000, 500, 250, 125]",0.9992817642887278,0.883202089855346,COMPLETE
105,0.012861022791377772,2024-12-21 16:12:34.336355,2024-12-21 16:12:46.377503,0 days 00:00:12.041148,0.015456061065764458,768,0.3,1296,50,0.00010783573779280248,27,0.0008259134375730757,2,5,"{'neurons_per_layer_encoder': [1296, 648, 324, 162, 81], 'neurons_per_layer_decoder': [81, 162]}",1296,"[81, 162]","[1296, 648, 324, 162, 81]",0.9992478453483995,0.8393576535487237,COMPLETE
106,0.007387318937899591,2024-12-21 16:12:36.994256,2024-12-21 16:13:01.648205,0 days 00:00:24.653949,0.014601735696367836,256,0.2,1664,50,0.00015702686092615694,34,0.0006036222727351753,4,5,"{'neurons_per_layer_encoder': [1664, 832, 416, 208, 104], 'neurons_per_layer_decoder': [104, 208, 416, 832]}",1664,"[104, 208, 416, 832]","[1664, 832, 416, 208, 104]",0.9982256032602236,0.9077276926245917,COMPLETE
107,0.008174379977693033,2024-12-21 16:12:39.276698,2024-12-21 16:13:07.123070,0 days 00:00:27.846372,0.015007438045327144,256,0.2,1552,50,0.00015988165169368348,32,0.0006042560975859521,4,5,"{'neurons_per_layer_encoder': [1552, 776, 388, 194, 97], 'neurons_per_layer_decoder': [97, 194, 388, 776]}",1552,"[97, 194, 388, 776]","[1552, 776, 388, 194, 97]",0.9978085660363323,0.8978968001455299,COMPLETE
108,0.004915945760515192,2024-12-21 16:12:46.395079,2024-12-21 16:13:51.240009,0 days 00:01:04.844930,0.012610176176702969,256,0.2,1712,50,0.00015268184291790507,35,0.0006006078309761199,4,5,"{'neurons_per_layer_encoder': [1712, 856, 428, 214, 107], 'neurons_per_layer_decoder': [107, 214, 428, 856]}",1712,"[107, 214, 428, 856]","[1712, 856, 428, 214, 107]",0.9982727913731833,0.9385967139000952,COMPLETE
109,0.007281910281368116,2024-12-21 16:12:51.032578,2024-12-21 16:13:22.971128,0 days 00:00:31.938550,0.014220644085813833,256,0.2,1696,50,0.00016277529000517294,35,0.000606946456841108,5,5,"{'neurons_per_layer_encoder': [1696, 848, 424, 212, 106], 'neurons_per_layer_decoder': [106, 212, 424, 848, 1696]}",1696,"[106, 212, 424, 848, 1696]","[1696, 848, 424, 212, 106]",0.9981665943377709,0.909044313720454,COMPLETE
110,0.004797030174847223,2024-12-21 16:12:56.354148,2024-12-21 16:13:49.359156,0 days 00:00:53.005008,0.02078591587222943,256,0.2,1536,50,0.00015500623928799793,32,0.0005914821166234625,4,5,"{'neurons_per_layer_encoder': [1536, 768, 384, 192, 96], 'neurons_per_layer_decoder': [96, 192, 384, 768]}",1536,"[96, 192, 384, 768]","[1536, 768, 384, 192, 96]",0.998387459914278,0.9400820451230628,COMPLETE
111,0.010838042486861555,2024-12-21 16:13:01.666475,2024-12-21 16:13:35.086903,0 days 00:00:33.420428,0.02192296302769746,256,0.2,1696,50,0.00024009388278644036,35,0.0005905137307500826,5,5,"{'neurons_per_layer_encoder': [1696, 848, 424, 212, 106], 'neurons_per_layer_decoder': [106, 212, 424, 848, 1696]}",1696,"[106, 212, 424, 848, 1696]","[1696, 848, 424, 212, 106]",0.9977196396055532,0.8646259629369997,COMPLETE
112,0.00752354055632532,2024-12-21 16:13:07.163256,2024-12-21 16:13:52.280395,0 days 00:00:45.117139,0.14278601512413158,256,0.2,1712,50,1.1612100186373022e-05,35,0.00045950241879132695,5,5,"{'neurons_per_layer_encoder': [1712, 856, 428, 214, 107], 'neurons_per_layer_decoder': [107, 214, 428, 856, 1712]}",1712,"[107, 214, 428, 856, 1712]","[1712, 856, 428, 214, 107]",0.9981112629178269,0.9060261980563705,COMPLETE
113,0.007892328781312276,2024-12-21 16:13:22.991658,2024-12-21 16:13:48.330969,0 days 00:00:25.339311,0.13893030396070263,256,0.3,1760,50,9.387261470324204e-05,36,0.0005259689887179247,3,5,"{'neurons_per_layer_encoder': [1760, 880, 440, 220, 110], 'neurons_per_layer_decoder': [110, 220, 440]}",1760,"[110, 220, 440]","[1760, 880, 440, 220, 110]",0.9981832799755288,0.901419798801311,COMPLETE
114,0.008451983778168118,2024-12-21 16:13:35.105449,2024-12-21 16:13:57.633826,0 days 00:00:22.528377,0.016902348502705354,256,0.3,1728,50,2.6117693998052023e-05,36,0.0005327492926406817,3,5,"{'neurons_per_layer_encoder': [1728, 864, 432, 216, 108], 'neurons_per_layer_decoder': [108, 216, 432]}",1728,"[108, 216, 432]","[1728, 864, 432, 216, 108]",0.9979937377011002,0.894429352290449,COMPLETE
115,0.012139847782715365,2024-12-21 16:13:48.344485,2024-12-21 16:14:05.127813,0 days 00:00:16.783328,0.020403406689468363,256,0.1,1600,50,2.7876819333020608e-05,33,0.0006340984112811325,3,5,"{'neurons_per_layer_encoder': [1600, 800, 400, 200, 100], 'neurons_per_layer_decoder': [100, 200, 400]}",1600,"[100, 200, 400]","[1600, 800, 400, 200, 100]",0.9978907314060975,0.8483655876355225,COMPLETE
116,0.011523903326320315,2024-12-21 16:13:51.265442,2024-12-21 16:14:09.446618,0 days 00:00:18.181176,0.019408546716458627,256,0.2,1792,50,0.00011094555149080683,37,0.00045918076885839286,4,5,"{'neurons_per_layer_encoder': [1792, 896, 448, 224, 112], 'neurons_per_layer_decoder': [112, 224, 448, 896]}",1792,"[112, 224, 448, 896]","[1792, 896, 448, 224, 112]",0.9979129922167319,0.856059125261884,COMPLETE
117,0.009342165015328705,2024-12-21 16:13:52.292144,2024-12-21 16:14:13.505701,0 days 00:00:21.213557,0.012263849707140742,256,0.2,1600,50,0.00010372717782748218,33,0.0006399173020994297,4,5,"{'neurons_per_layer_encoder': [1600, 800, 400, 200, 100], 'neurons_per_layer_decoder': [100, 200, 400, 800]}",1600,"[100, 200, 400, 800]","[1600, 800, 400, 200, 100]",0.9980666202879546,0.8833104230245552,COMPLETE
118,0.006987536923819397,2024-12-21 16:13:57.650414,2024-12-21 16:14:17.212918,0 days 00:00:19.562504,0.011580294229907648,256,0.2,1600,50,0.00010971963848428705,33,0.0009411182739653228,4,5,"{'neurons_per_layer_encoder': [1600, 800, 400, 200, 100], 'neurons_per_layer_decoder': [100, 200, 400, 800]}",1600,"[100, 200, 400, 800]","[1600, 800, 400, 200, 100]",0.998067597368989,0.9127212239986218,COMPLETE
119,0.009999241690157768,2024-12-21 16:14:05.144718,2024-12-21 16:14:25.500476,0 days 00:00:20.355758,0.011801265535160534,256,0.2,1792,50,0.0001100199744032596,37,0.00048254207974614293,4,5,"{'neurons_per_layer_encoder': [1792, 896, 448, 224, 112], 'neurons_per_layer_decoder': [112, 224, 448, 896]}",1792,"[112, 224, 448, 896]","[1792, 896, 448, 224, 112]",0.9979555336626851,0.8751031178548833,COMPLETE
120,0.028847682758244578,2024-12-21 16:14:13.516946,2024-12-21 16:14:34.653903,0 days 00:00:21.136957,0.21053323002110114,896,0.2,1456,50,6.658812836511268e-05,121,0.000488470037832882,4,3,"{'neurons_per_layer_encoder': [1456, 728, 364], 'neurons_per_layer_decoder': [364, 728, 1456, 2912]}",1456,"[364, 728, 1456, 2912]","[1456, 728, 364]",0.9990338523344823,0.6396741127717115,COMPLETE
121,0.009992340249241852,2024-12-21 16:15:52.247850,2024-12-21 16:15:59.687726,0 days 00:00:07.439876,0.013616867473001799,256,0.2,1632,50,0.00017463475210102177,34,0.0005487225559146818,4,5,"{'neurons_per_layer_encoder': [1632, 816, 408, 204, 102], 'neurons_per_layer_decoder': [102, 204, 408, 816]}",1632,"[102, 204, 408, 816]","[1632, 816, 408, 204, 102]",0.998045579366694,0.8751893212370412,COMPLETE
122,0.011360736064980805,2024-12-21 16:15:59.693745,2024-12-21 16:16:06.714784,0 days 00:00:07.021039,0.015626961021229072,256,0.2,1536,50,0.00019647656707275654,32,0.0005673930231005578,4,5,"{'neurons_per_layer_encoder': [1536, 768, 384, 192, 96], 'neurons_per_layer_decoder': [96, 192, 384, 768]}",1536,"[96, 192, 384, 768]","[1536, 768, 384, 192, 96]",0.9975897017951143,0.8580971880311359,COMPLETE
123,0.007826038138878767,2024-12-21 16:16:06.720471,2024-12-21 16:16:14.078707,0 days 00:00:07.358236,0.023390325072676296,256,0.2,1648,50,0.00015139585903957794,34,0.0008006824777036962,4,5,"{'neurons_per_layer_encoder': [1648, 824, 412, 206, 103], 'neurons_per_layer_decoder': [103, 206, 412, 824]}",1648,"[103, 206, 412, 824]","[1648, 824, 412, 206, 103]",0.9980174399354287,0.9022478110458286,COMPLETE
124,0.006904044367886807,2024-12-21 16:16:14.084929,2024-12-21 16:16:20.673125,0 days 00:00:06.588196,0.01748039673063934,256,0.1,1488,50,0.00012092313365055478,31,0.0008620774474762319,4,5,"{'neurons_per_layer_encoder': [1488, 744, 372, 186, 93], 'neurons_per_layer_decoder': [93, 186, 372, 744]}",1488,"[93, 186, 372, 744]","[1488, 744, 372, 186, 93]",0.9981958991326219,0.9137640990726957,COMPLETE
125,0.011981112244635482,2024-12-21 16:16:20.679153,2024-12-21 16:16:25.042744,0 days 00:00:04.363591,0.0599676592623158,256,0.2,896,50,0.00014369262723479528,18,0.00041338859862029824,3,5,"{'neurons_per_layer_encoder': [896, 448, 224, 112, 56], 'neurons_per_layer_decoder': [56, 112, 224]}",896,"[56, 112, 224]","[896, 448, 224, 112, 56]",0.9979056059028252,0.8503482953653816,COMPLETE
126,0.01107083359965654,2024-12-21 16:16:25.048722,2024-12-21 16:16:29.115601,0 days 00:00:04.066879,0.10331340195575968,384,0.3,1024,50,0.00016533663607475646,21,0.0007814807344011233,3,5,"{'neurons_per_layer_encoder': [1024, 512, 256, 128, 64], 'neurons_per_layer_decoder': [64, 128, 256]}",1024,"[64, 128, 256]","[1024, 512, 256, 128, 64]",0.9982944825617744,0.8617182540246524,COMPLETE
127,0.009792707695785472,2024-12-21 16:16:29.121686,2024-12-21 16:16:38.375051,0 days 00:00:09.253365,0.07321132852981567,256,0.1,1952,50,0.0001286944325282098,40,0.0009220619217447573,4,5,"{'neurons_per_layer_encoder': [1952, 976, 488, 244, 122], 'neurons_per_layer_decoder': [122, 244, 488, 976]}",1952,"[122, 244, 488, 976]","[1952, 976, 488, 244, 122]",0.9977082586052598,0.8776828586745764,COMPLETE
128,0.01792960658541247,2024-12-21 16:16:38.381243,2024-12-21 16:16:44.122571,0 days 00:00:05.741328,0.010051745795044548,256,0.1,1568,50,0.00023613257903510956,32,0.00017572278690771402,3,5,"{'neurons_per_layer_encoder': [1568, 784, 392, 196, 98], 'neurons_per_layer_decoder': [98, 196, 392]}",1568,"[98, 196, 392]","[1568, 784, 392, 196, 98]",0.9975442261164225,0.7760478214252228,COMPLETE
129,0.011063382334612421,2024-12-21 16:16:44.128443,2024-12-21 16:16:51.526004,0 days 00:00:07.397561,0.013055720470522149,256,0.3,1824,50,0.0001818145149266402,38,0.0006895486188119506,4,5,"{'neurons_per_layer_encoder': [1824, 912, 456, 228, 114], 'neurons_per_layer_decoder': [114, 228, 456, 912]}",1824,"[114, 228, 456, 912]","[1824, 912, 456, 228, 114]",0.9978887154326119,0.8618113250595254,COMPLETE
130,0.0053997782378281955,2024-12-21 16:16:51.532586,2024-12-21 16:17:07.344970,0 days 00:00:15.812384,0.019162976056413032,256,0.3,1680,50,8.728966792563129e-05,35,0.0006489877456102565,3,5,"{'neurons_per_layer_encoder': [1680, 840, 420, 210, 105], 'neurons_per_layer_decoder': [105, 210, 420]}",1680,"[105, 210, 420]","[1680, 840, 420, 210, 105]",0.9980872103322637,0.9325533388353219,COMPLETE
131,0.013159184381944874,2024-12-21 16:17:07.350688,2024-12-21 16:17:13.522121,0 days 00:00:06.171433,0.018960768104418577,256,0.3,1680,50,8.677509566894151e-05,35,0.00026279356801864746,3,5,"{'neurons_per_layer_encoder': [1680, 840, 420, 210, 105], 'neurons_per_layer_decoder': [105, 210, 420]}",1680,"[105, 210, 420]","[1680, 840, 420, 210, 105]",0.9978600078766269,0.8356334258331446,COMPLETE
132,0.011046150453546903,2024-12-21 16:17:13.527728,2024-12-21 16:17:17.109166,0 days 00:00:03.581438,0.016216181448423544,256,0.3,816,50,0.00014701035473284912,17,0.0006588660774770764,3,5,"{'neurons_per_layer_encoder': [816, 408, 204, 102, 51], 'neurons_per_layer_decoder': [51, 102, 204]}",816,"[51, 102, 204]","[816, 408, 204, 102, 51]",0.9974542055589916,0.8620265622030276,COMPLETE
133,0.008634565349342234,2024-12-21 16:17:17.114750,2024-12-21 16:17:23.296350,0 days 00:00:06.181600,0.08515676159416921,256,0.3,1632,50,9.399039976573568e-05,34,0.0006203020313732251,3,5,"{'neurons_per_layer_encoder': [1632, 816, 408, 204, 102], 'neurons_per_layer_decoder': [102, 204, 408]}",1632,"[102, 204, 408]","[1632, 816, 408, 204, 102]",0.9980152493081645,0.8921487924556717,COMPLETE
134,0.004251715272041188,2024-12-21 16:17:23.302347,2024-12-21 16:17:39.175636,0 days 00:00:15.873289,0.020429152946263605,256,0.3,1760,50,0.00012492457015687725,36,0.0005770601170266234,3,5,"{'neurons_per_layer_encoder': [1760, 880, 440, 220, 110], 'neurons_per_layer_decoder': [110, 220, 440]}",1760,"[110, 220, 440]","[1760, 880, 440, 220, 110]",0.998520546616474,0.9468933747476662,COMPLETE
135,0.0072272962217342475,2024-12-21 16:17:39.181036,2024-12-21 16:17:45.233930,0 days 00:00:06.052894,0.02001573252317146,256,0.3,1728,50,0.0004160950995929016,36,0.0005638757391482319,3,5,"{'neurons_per_layer_encoder': [1728, 864, 432, 216, 108], 'neurons_per_layer_decoder': [108, 216, 432]}",1728,"[108, 216, 432]","[1728, 864, 432, 216, 108]",0.9982460949596778,0.9097264780266004,COMPLETE
136,0.005638967159944535,2024-12-21 16:17:45.239700,2024-12-21 16:17:51.434767,0 days 00:00:06.195067,0.11472205349148264,256,0.3,1760,50,0.0003118802064620249,36,0.0008421953076850376,3,5,"{'neurons_per_layer_encoder': [1760, 880, 440, 220, 110], 'neurons_per_layer_decoder': [110, 220, 440]}",1760,"[110, 220, 440]","[1760, 880, 440, 220, 110]",0.9984632109872519,0.929565717219436,COMPLETE
137,0.007486922152917583,2024-12-21 16:17:51.440132,2024-12-21 16:17:56.934677,0 days 00:00:05.494545,0.09637338702998358,384,0.3,1760,50,1.4747199834743228e-05,36,0.0009587983484524503,3,5,"{'neurons_per_layer_encoder': [1760, 880, 440, 220, 110], 'neurons_per_layer_decoder': [110, 220, 440]}",1760,"[110, 220, 440]","[1760, 880, 440, 220, 110]",0.9986162352092411,0.9064835851819623,COMPLETE
138,0.006762237074340727,2024-12-21 16:17:56.940384,2024-12-21 16:18:02.513661,0 days 00:00:05.573277,0.12092400810588114,256,0.3,1664,50,0.0002970114725316828,34,0.0008486158181799867,3,5,"{'neurons_per_layer_encoder': [1664, 832, 416, 208, 104], 'neurons_per_layer_decoder': [104, 208, 416]}",1664,"[104, 208, 416]","[1664, 832, 416, 208, 104]",0.998231350765449,0.9155353622722617,COMPLETE
139,0.011967138121643225,2024-12-21 16:18:02.519683,2024-12-21 16:18:08.781359,0 days 00:00:06.261676,0.02184064766540498,256,0.3,1808,50,0.0003044157077416241,37,0.0005819987536334718,3,5,"{'neurons_per_layer_encoder': [1808, 904, 452, 226, 113], 'neurons_per_layer_decoder': [113, 226, 452]}",1808,"[113, 226, 452]","[1808, 904, 452, 226, 113]",0.997914122082438,0.8505228410405965,COMPLETE
