number,value,datetime_start,datetime_complete,duration,params_alpha,params_batch_size,params_drop_out_rate,params_epochs,params_lambda,params_latent_dim,params_learning_rate,user_attrs_relative_deterioration,user_attrs_test_r2,state
0,0.014145094830914933,2024-10-19 11:43:08.584573,2024-10-19 11:44:00.781848,0 days 00:00:52.197275,0.0931497489035992,96,0.3,50,0.0004125103889955268,32,0.0004098559909737279,0.9940950429399599,0.8285287787175584,COMPLETE
1,0.015153539969854883,2024-10-19 11:43:08.585521,2024-10-19 11:44:16.551653,0 days 00:01:07.966132,0.0207786737419948,64,0.1,30,9.89292677013917e-05,48,0.0006873068198455188,0.9929422774521262,0.8163040943561324,COMPLETE
2,0.01395370048708946,2024-10-19 11:43:08.585531,2024-10-19 11:44:01.551497,0 days 00:00:52.965966,0.03774600006446177,96,0.1,30,1.7464184104887654e-05,64,0.000442608030747242,0.9949024505012927,0.8308489202418541,COMPLETE
3,0.01419352574353728,2024-10-19 11:43:08.584647,2024-10-19 11:45:32.120843,0 days 00:02:23.536196,0.028575123603289343,64,0.2,50,2.19278715091212e-05,96,0.0006888203863958738,0.9924501766058655,0.8279416841922516,COMPLETE
4,0.009558298474593052,2024-10-19 11:43:08.585502,2024-10-19 11:44:16.324611,0 days 00:01:07.739109,0.0980640788292716,128,0.1,50,2.513099315850459e-05,24,0.0006579388068367389,0.995973509849767,0.8841313450060089,COMPLETE
5,0.014358654119807987,2024-10-19 11:43:08.585535,2024-10-19 11:44:16.130747,0 days 00:01:07.545212,0.1477068901938392,64,0.1,30,3.454177005852722e-05,8,0.00013305824358193357,0.9929678141997912,0.8259399468630934,COMPLETE
6,0.01638489162114154,2024-10-19 11:43:08.585503,2024-10-19 11:44:11.176609,0 days 00:01:02.591106,0.024311987160315626,64,0.3,10,5.778842055081992e-05,48,0.0005850237141713834,0.99187915725076,0.801377268202036,COMPLETE
7,0.024663993210001244,2024-10-19 11:44:00.819409,2024-10-19 11:45:13.640889,0 days 00:01:12.821480,0.011068712005006812,64,0.3,50,1.310181373541873e-05,88,0.0002963165330549435,0.9912822769353724,0.7010154341151766,COMPLETE
8,0.024624299150825653,2024-10-19 11:44:01.584354,2024-10-19 11:45:10.407659,0 days 00:01:08.823305,0.045039215081741336,64,0.1,10,0.0009319599139938759,72,0.0005657247108039883,0.991529249994443,0.7014966177965769,COMPLETE
9,0.012734992760196502,2024-10-19 11:44:11.188257,2024-10-19 11:45:10.883540,0 days 00:00:59.695283,0.07450856472770404,96,0.3,50,0.00010134837284230074,80,0.0006190983891113179,0.9949932350940828,0.8456224728277272,COMPLETE
10,0.028234696741918995,2024-10-19 11:44:16.147704,2024-10-19 11:45:15.075671,0 days 00:00:58.927967,0.2622987027573083,96,0.2,30,3.72042976401688e-05,128,0.0007648711696022637,0.9930684171076574,0.6577302598003812,COMPLETE
11,0.015447880025093135,2024-10-19 11:44:16.337455,2024-10-19 11:45:09.918130,0 days 00:00:53.580675,0.18274682823092867,128,0.1,10,0.000812096169218909,56,0.00020396806075248863,0.9958197899697852,0.8127360130284811,COMPLETE
12,0.012701414049605106,2024-10-19 11:44:16.570335,2024-10-19 11:45:36.414259,0 days 00:01:19.843924,0.05015159400965812,64,0.1,30,0.0002745092338488495,8,0.00040817942104645394,0.9934820048410115,0.8460295243592314,COMPLETE
13,0.015536252737895663,2024-10-19 11:45:09.928148,2024-10-19 11:45:59.971042,0 days 00:00:50.042894,0.12075757375296114,128,0.1,50,0.0002001605360871656,40,0.00014730860246788712,0.9956302352667397,0.8116647316285732,COMPLETE
14,0.011263178776010114,2024-10-19 11:45:10.417927,2024-10-19 11:45:59.226969,0 days 00:00:48.809042,0.029593141527634852,128,0.2,30,2.9838776570254985e-05,24,0.0001655108302436949,0.9961507235671905,0.8634642578695241,COMPLETE
15,0.013063284563281157,2024-10-19 11:45:10.894352,2024-10-19 11:46:02.708259,0 days 00:00:51.813907,0.016868079730256055,96,0.3,50,9.724040093626335e-05,72,0.000740351777560789,0.9951167218590364,0.8416428178954103,COMPLETE
16,0.01583979740776847,2024-10-19 11:45:13.663553,2024-10-19 11:46:04.584375,0 days 00:00:50.920822,0.24839254077370862,128,0.2,50,0.00021758885910547096,120,0.0009021322875962707,0.9949967594440278,0.8079850691109979,COMPLETE
17,0.00876283852664829,2024-10-19 11:45:15.085678,2024-10-19 11:46:51.540534,0 days 00:01:36.454856,0.08614011923072108,128,0.2,50,0.00021410112180902306,104,0.0008099479976007305,0.9965306955886989,0.8937741569055269,COMPLETE
18,0.008479491579711777,2024-10-19 11:45:32.139013,2024-10-19 11:46:30.012210,0 days 00:00:57.873197,0.09891640071306249,128,0.2,50,0.00023546252182589578,8,0.00033577931509724785,0.9967090275633411,0.8972089763689968,COMPLETE
19,0.00883529746432031,2024-10-19 11:45:36.424032,2024-10-19 11:46:32.629188,0 days 00:00:56.205156,0.08367394152025301,128,0.2,30,0.00024154523567175638,8,0.00027860903975053975,0.9966563801892699,0.8928957872173792,COMPLETE
20,0.01276972520481601,2024-10-19 11:45:59.237241,2024-10-19 11:46:51.673172,0 days 00:00:52.435931,0.09291432803927371,128,0.2,50,6.917044335940898e-05,24,0.00010482271516109817,0.9959485689040696,0.8452014353749406,COMPLETE
21,0.01106081548093384,2024-10-19 11:45:59.981881,2024-10-19 11:46:51.633109,0 days 00:00:51.651228,0.012560930184271714,128,0.2,30,1.007232588055626e-05,24,0.0009772002912345925,0.9956975560617061,0.8659173684187464,COMPLETE
22,0.008200619565231397,2024-10-19 11:46:02.718910,2024-10-19 11:48:07.476766,0 days 00:02:04.757856,0.0704452850924976,128,0.2,30,1.104291851626826e-05,32,0.0009996702567994275,0.996521337826239,0.9005895493150287,COMPLETE
23,0.010026858765459024,2024-10-19 11:46:04.595485,2024-10-19 11:46:57.284926,0 days 00:00:52.689441,0.07579527739973607,128,0.2,30,1.0051997440779608e-05,24,0.0002359257482567144,0.9961977614376827,0.8784513120136781,COMPLETE
24,0.008644551803389943,2024-10-19 11:46:30.064534,2024-10-19 11:47:34.960520,0 days 00:01:04.895986,0.06454815739012318,128,0.2,50,1.0368049772463494e-05,24,0.00029015788641556495,0.9967094847521918,0.8952080652066772,COMPLETE
25,0.011372388025090262,2024-10-19 11:46:32.655865,2024-10-19 11:47:35.086996,0 days 00:01:02.431131,0.05688711412093109,128,0.2,30,0.00045259931674033945,16,0.00010152966295927566,0.9963543100157471,0.8621403895223014,COMPLETE
26,0.024828389314812283,2024-10-19 11:46:51.556709,2024-10-19 11:47:50.953991,0 days 00:00:59.397282,0.0655233602922752,128,0.2,50,0.0004367240853890937,104,0.0002254243552716221,0.9945548691014762,0.6990225736074891,COMPLETE
27,0.020762768350861313,2024-10-19 11:46:51.684550,2024-10-19 11:47:52.114151,0 days 00:01:00.429601,0.06761151778463724,128,0.2,30,0.0004353495605164513,104,0.00026713453166556914,0.9953915476225706,0.7483072903445263,COMPLETE
28,0.02123901041854242,2024-10-19 11:46:52.472269,2024-10-19 11:47:51.755652,0 days 00:00:59.283383,0.06791939613522029,128,0.2,30,0.00032204420048686285,104,0.00026608605651541573,0.9952708786085845,0.7425341364740496,COMPLETE
29,0.0244137526549543,2024-10-19 11:46:57.306366,2024-10-19 11:47:59.771290,0 days 00:01:02.464924,0.059286303116868465,128,0.2,30,0.00041582761078468646,104,0.00026287969734352726,0.9946173604096322,0.7040489276407567,COMPLETE
30,0.017465323102310068,2024-10-19 11:47:34.978513,2024-10-19 11:49:26.891363,0 days 00:01:51.912850,0.0579880761799627,128,0.2,50,0.0005324884707295213,104,0.0003396109813789693,0.9958957364245704,0.788279943100824,COMPLETE
31,0.011826122509396032,2024-10-19 11:47:35.198658,2024-10-19 11:49:13.344905,0 days 00:01:38.146247,0.13649451032035376,96,0.2,50,0.00016621333893592567,104,0.00036695874970564687,0.9950070142137674,0.8566400795497003,COMPLETE
32,0.025189600093714962,2024-10-19 11:47:51.032112,2024-10-19 11:49:16.581735,0 days 00:01:25.549623,0.13539663563511747,96,0.2,50,0.00015382803063753036,120,0.00034717690994897455,0.9932948274629713,0.6946438646529576,COMPLETE
33,0.0306881777086799,2024-10-19 11:47:51.781097,2024-10-19 11:49:05.719129,0 days 00:01:13.938032,0.13006324419458154,96,0.2,50,0.00015174344815464087,112,0.00034750469681089306,0.9917731113763024,0.62798840350372,COMPLETE
34,0.011903475766676132,2024-10-19 11:47:52.125611,2024-10-19 11:49:05.819050,0 days 00:01:13.693439,0.1302208700815135,96,0.2,50,0.00014590296904884204,56,0.00034610910003900593,0.9955687496280438,0.8557023794031445,COMPLETE
35,0.009413555180321984,2024-10-19 11:47:59.788268,2024-10-19 11:49:47.002448,0 days 00:01:47.214180,0.11469277134192894,96,0.3,50,0.00016020488285659298,40,0.0003530194261998332,0.9958338780970223,0.8858859680564575,COMPLETE
36,0.010429417628629332,2024-10-19 11:48:08.748810,2024-10-19 11:49:21.627562,0 days 00:01:12.878752,0.11597812451030089,96,0.3,10,0.00014508019246898477,40,0.0003842954699657821,0.995746920861686,0.8735713687732114,COMPLETE
37,0.010012097511181721,2024-10-19 11:49:05.736234,2024-10-19 11:50:11.414200,0 days 00:01:05.677966,0.10683401554888217,128,0.2,50,0.0001429705979252679,40,0.00045083419376035384,0.9961979240452239,0.8786302525106381,COMPLETE
38,0.01045778307239656,2024-10-19 11:49:05.833315,2024-10-19 11:50:10.576613,0 days 00:01:04.743298,0.03929882692033235,128,0.3,50,0.0006068880194091844,40,0.000497407211392052,0.9964541173634606,0.8732275140770693,COMPLETE
39,0.008520875409650283,2024-10-19 11:49:13.363384,2024-10-19 11:50:08.757546,0 days 00:00:55.394162,0.03915148732809459,128,0.3,50,1.6398513995782705e-05,40,0.0008351381052668117,0.9968319851826423,0.8967073087629662,COMPLETE
40,0.009788430505644647,2024-10-19 11:49:16.608491,2024-10-19 11:50:13.337382,0 days 00:00:56.728891,0.03733618611568066,128,0.3,50,1.623365281605617e-05,40,0.0005096706141157995,0.9962534651156157,0.8813416132373408,COMPLETE
41,0.012595161198077614,2024-10-19 11:49:21.644161,2024-10-19 11:50:20.516634,0 days 00:00:58.872473,0.04189256389530318,128,0.2,50,1.6804951506026233e-05,32,0.000493408550838463,0.9955948571976041,0.8473175543395142,COMPLETE
42,0.009293874518425976,2024-10-19 11:49:26.925140,2024-10-19 11:50:28.934415,0 days 00:01:02.009275,0.03825630278735613,128,0.2,50,1.6790079077748896e-05,32,0.0004934693796618202,0.9964486756858105,0.8873367741135755,COMPLETE
43,0.007009638556533835,2024-10-19 11:49:47.019013,2024-10-19 11:51:45.206089,0 days 00:01:58.187076,0.03749614985849172,128,0.2,50,1.702564169810396e-05,16,0.0004730394727139442,0.9969374983295906,0.9150269900340001,COMPLETE
44,0.009218596623129138,2024-10-19 11:50:08.768890,2024-10-19 11:51:03.774811,0 days 00:00:55.005921,0.0342233203936348,128,0.3,50,1.7559949320636467e-05,32,0.0005362175499240779,0.9964901451267619,0.8882493160792828,COMPLETE
45,0.008879731101423928,2024-10-19 11:50:10.593316,2024-10-19 11:51:04.481159,0 days 00:00:53.887843,0.029396248733458762,128,0.3,50,1.8626876846091176e-05,16,0.0008539586702284768,0.9964655154459648,0.8923571489041509,COMPLETE
46,0.010653389145135795,2024-10-19 11:50:11.432613,2024-10-19 11:51:04.009836,0 days 00:00:52.577223,0.03375415171878579,128,0.3,50,1.792260498295756e-05,16,0.000525282701917237,0.995929463919407,0.870856316670209,COMPLETE
47,0.008960198891566087,2024-10-19 11:50:13.348884,2024-10-19 11:51:36.971738,0 days 00:01:23.622854,0.09149988604691035,128,0.2,50,1.4882149803311668e-05,32,0.0008660026018488373,0.9963960840165448,0.8913816934254489,COMPLETE
48,0.008726943843801637,2024-10-19 11:50:20.529588,2024-10-19 11:51:18.909862,0 days 00:00:58.380274,0.03148084322510891,128,0.2,50,1.3281692312071612e-05,16,0.0008326163635947307,0.9965737996165421,0.8942092833701306,COMPLETE
49,0.007723995747658826,2024-10-19 11:50:28.952140,2024-10-19 11:51:56.119812,0 days 00:01:27.167672,0.16317204695147108,128,0.2,50,1.3657477948528893e-05,8,0.0008447717740948584,0.9968976036532627,0.9063673308759446,COMPLETE
50,0.009527881954394418,2024-10-19 11:51:03.785993,2024-10-19 11:51:57.229497,0 days 00:00:53.443504,0.18336330099037762,128,0.2,50,1.2844077384279051e-05,16,0.000824543802077309,0.9965348527054505,0.8845000634860167,COMPLETE
51,0.010982346463331816,2024-10-19 11:51:04.021376,2024-10-19 11:51:58.567728,0 days 00:00:54.546352,0.17314143778517105,128,0.1,30,2.3934319798851786e-05,16,0.0008189599290222206,0.9958887441682062,0.8668685941575548,COMPLETE
52,0.008524318212064844,2024-10-19 11:51:04.496319,2024-10-19 11:53:05.823135,0 days 00:02:01.326816,0.15907209415300438,128,0.1,30,1.2536509174620008e-05,56,0.0008112408948219698,0.9965516872978106,0.8966655740456161,COMPLETE
53,0.007509693030818359,2024-10-19 11:51:18.927270,2024-10-19 11:52:47.368931,0 days 00:01:28.441661,0.045857729397201605,128,0.1,30,1.2964565777946501e-05,8,0.000648561121226074,0.9968555193626915,0.9089651747942807,COMPLETE
54,0.00872391475859669,2024-10-19 11:51:36.983337,2024-10-19 11:53:00.768679,0 days 00:01:23.785342,0.022639451996177617,128,0.1,30,1.227152181035963e-05,8,0.0006778454054359934,0.9963086753160016,0.8942460028793082,COMPLETE
55,0.0077046982996276025,2024-10-19 11:51:45.228622,2024-10-19 11:52:46.050674,0 days 00:01:00.822052,0.02435093875261692,128,0.1,30,2.4041767577900606e-05,8,0.000659532074033953,0.9968638042714885,0.9066012605187714,COMPLETE
56,0.00984396770188463,2024-10-19 11:51:56.132633,2024-10-19 11:52:52.799531,0 days 00:00:56.666898,0.18416057692789167,128,0.1,10,2.3946712978165044e-05,8,0.0006625310219851029,0.9963732032419446,0.8806683741406994,COMPLETE
57,0.008142770950187296,2024-10-19 11:51:57.251251,2024-10-19 11:53:36.952446,0 days 00:01:39.701195,0.05139268614318001,128,0.1,30,2.40781667667199e-05,8,0.0006797537045461169,0.9964464915267097,0.9012908081464244,COMPLETE
58,0.008085051070654806,2024-10-19 11:51:58.587126,2024-10-19 11:52:57.809564,0 days 00:00:59.222438,0.023945966263899957,128,0.2,50,4.416369232399852e-05,8,0.0006765296763907276,0.9968736742107841,0.9019905064060698,COMPLETE
59,0.008997389299873971,2024-10-19 11:52:46.062090,2024-10-19 11:53:46.934450,0 days 00:01:00.872360,0.02301135311794359,128,0.1,30,3.9648443625056446e-05,8,0.0006712773063887985,0.9964104240846692,0.8909308597754257,COMPLETE
60,0.007395985374352565,2024-10-19 11:52:47.396895,2024-10-19 11:54:13.250940,0 days 00:01:25.854045,0.025237663532800894,128,0.1,30,2.9001395978737192e-05,8,0.0006237099961853052,0.9968837382912102,0.9103435742293089,COMPLETE
61,0.008084434258826372,2024-10-19 11:52:52.824854,2024-10-19 11:54:05.600881,0 days 00:01:12.776027,0.023097774991895536,128,0.1,30,3.70368487693388e-05,8,0.0006118958265319902,0.9965313578581516,0.9019979835901246,COMPLETE
62,0.012925149838551414,2024-10-19 11:52:57.820028,2024-10-19 11:55:26.342117,0 days 00:02:28.522089,0.022399542067729594,64,0.1,30,4.1598603662151364e-05,8,0.0007161032365325162,0.9928401442551932,0.8433173298187349,COMPLETE
63,0.012284540986212409,2024-10-19 11:53:00.779937,2024-10-19 11:54:29.389321,0 days 00:01:28.609384,0.018434038293962455,64,0.1,30,4.2557506390804004e-05,8,0.0005921904615118694,0.9935714298052475,0.85108298876892,COMPLETE
64,0.011116530870921156,2024-10-19 11:53:05.835520,2024-10-19 11:54:09.817782,0 days 00:01:03.982262,0.01875596164130804,128,0.1,30,3.4151285786910866e-05,8,0.0006055067928258237,0.9955822436004195,0.8652419692023006,COMPLETE
65,0.010227440483077594,2024-10-19 11:53:36.967908,2024-10-19 11:54:58.210475,0 days 00:01:21.242567,0.018211648292781133,64,0.1,30,4.349802871553822e-05,8,0.0006139177366289472,0.9948284717125994,0.8760197982982794,COMPLETE
66,0.01181664899853495,2024-10-19 11:53:46.951848,2024-10-19 11:55:37.360466,0 days 00:01:50.408618,0.017776188420514333,64,0.1,30,3.1966183471436576e-05,8,0.0006107586359117347,0.9937665509031325,0.8567549203829785,COMPLETE
67,0.01083760375584943,2024-10-19 11:54:05.624527,2024-10-19 11:55:36.385436,0 days 00:01:30.760909,0.015512397704678566,64,0.1,30,2.94734690633546e-05,8,0.0005986911506972202,0.9943894399625107,0.8686232100947692,COMPLETE
68,0.00845122038717527,2024-10-19 11:54:09.830709,2024-10-19 11:55:06.710147,0 days 00:00:56.879438,0.02617480392350026,128,0.1,30,2.9952193554997066e-05,16,0.0007390335356186424,0.9966276303531822,0.8975516885225238,COMPLETE
69,0.012545738953892332,2024-10-19 11:54:13.273084,2024-10-19 11:56:37.081691,0 days 00:02:23.808607,0.02637987919739108,64,0.1,30,4.731093714592881e-05,16,0.0007454136159683505,0.9932595022049157,0.8479166660931128,COMPLETE
70,0.0084156895074726,2024-10-19 11:54:29.419773,2024-10-19 11:55:34.208587,0 days 00:01:04.788814,0.025655221243904153,128,0.1,30,5.635539411447166e-05,16,0.00044360159013754485,0.9966836009940423,0.8979824048527205,COMPLETE
71,0.007530431188025187,2024-10-19 11:54:58.235354,2024-10-19 11:56:26.682194,0 days 00:01:28.446840,0.026467317363248366,128,0.1,30,5.4559711376885354e-05,16,0.0007402691121664105,0.9968082427833954,0.908713780428537,COMPLETE
72,0.008537511658470633,2024-10-19 11:55:06.720983,2024-10-19 11:56:12.247948,0 days 00:01:05.526965,0.04576537690961658,128,0.1,30,6.219079997555349e-05,24,0.0007420909383017739,0.9967010817849473,0.8965056390013363,COMPLETE
73,0.00881737299143632,2024-10-19 11:55:26.374884,2024-10-19 11:56:30.498309,0 days 00:01:04.123425,0.013092036142481386,128,0.1,30,6.006739612779201e-05,24,0.00044676651379584764,0.9965448588212868,0.8931130732301632,COMPLETE
74,0.010637102022946928,2024-10-19 11:55:34.233513,2024-10-19 11:56:32.993360,0 days 00:00:58.759847,0.015005840817802232,128,0.1,30,1.9901800730780853e-05,24,0.0009341867929141312,0.9958518234898074,0.8710537542106628,COMPLETE
75,0.007511239441197619,2024-10-19 11:55:36.416409,2024-10-19 11:56:33.063404,0 days 00:00:56.646995,0.04702580578031211,128,0.1,30,6.303768737340938e-05,24,0.0009366514276633112,0.9971968558980264,0.9089464287286301,COMPLETE
76,0.008108378259192021,2024-10-19 11:55:37.388241,2024-10-19 11:56:33.494199,0 days 00:00:56.105958,0.04679116174915165,128,0.1,30,5.24364260013994e-05,24,0.0005504780667419506,0.9969062890713172,0.901707727000532,COMPLETE
77,0.00951832558713321,2024-10-19 11:56:12.299733,2024-10-19 11:57:13.652678,0 days 00:01:01.352945,0.050688965903356475,128,0.1,30,2.060606694288379e-05,16,0.0005544228455070405,0.9961428545813957,0.8846159087302439,COMPLETE
78,0.008916290987727357,2024-10-19 11:56:26.693646,2024-10-19 11:57:22.748537,0 days 00:00:56.054891,0.020582790832246983,128,0.1,30,2.1293810813661702e-05,24,0.00092650458891473,0.9964333478880709,0.8919139586371833,COMPLETE
79,0.017924369303462,2024-10-19 11:56:30.805566,2024-10-19 11:57:27.180049,0 days 00:00:56.374483,0.020541413884684077,128,0.1,30,2.1141639960935925e-05,88,0.0007754444810836811,0.9957879487633549,0.7827152428511972,COMPLETE
80,0.007824936008924631,2024-10-19 11:56:33.004556,2024-10-19 11:58:14.133546,0 days 00:01:41.128990,0.02022927091692396,128,0.1,30,2.0865080333380563e-05,16,0.0007699888454286737,0.9965826995269451,0.9051437017605011,COMPLETE
81,0.02145340589802318,2024-10-19 11:56:33.074631,2024-10-19 11:57:25.182490,0 days 00:00:52.107859,0.04659544733664139,128,0.1,30,4.845276831733944e-05,80,0.0005543257001917769,0.9951913293022406,0.7399351680582527,COMPLETE
82,0.008265996670697115,2024-10-19 11:56:33.505438,2024-10-19 11:57:28.134357,0 days 00:00:54.628919,0.019997600965296753,128,0.1,30,8.352202043975211e-05,16,0.0009182439891063292,0.9968015625063523,0.899797027790633,COMPLETE
83,0.007859647174718985,2024-10-19 11:56:37.099298,2024-10-19 11:58:23.032704,0 days 00:01:45.933406,0.020536833612920264,128,0.1,30,2.0597004504078662e-05,16,0.0009754954642945874,0.9966823783818655,0.9047229222562247,COMPLETE
84,0.022703236362099487,2024-10-19 11:57:13.721109,2024-10-19 11:58:14.203243,0 days 00:01:00.482134,0.020448401446918157,128,0.1,10,7.476704309561049e-05,88,0.0007724000979561532,0.9949801542551958,0.7247843360113174,COMPLETE
85,0.014403908354304794,2024-10-19 11:57:22.776398,2024-10-19 11:58:14.250890,0 days 00:00:51.474492,0.031961527315289194,128,0.1,10,7.770750885488197e-05,64,0.0007736543315923035,0.9962460220296091,0.8253913610140675,COMPLETE
86,0.010469889818883497,2024-10-19 11:57:25.206619,2024-10-19 11:58:26.014005,0 days 00:01:00.807386,0.0329352943194597,128,0.1,30,8.520963066808568e-05,16,0.0007653225338719545,0.995793102973708,0.8730807523458342,COMPLETE
87,0.010495524306587171,2024-10-19 11:57:27.200003,2024-10-19 11:58:19.730007,0 days 00:00:52.530004,0.028076404728555108,128,0.1,30,8.925458645500824e-05,16,0.0006454041078847767,0.9959531693667911,0.8727700031450658,COMPLETE
88,0.012540649247891512,2024-10-19 11:57:28.153220,2024-10-19 11:58:22.218588,0 days 00:00:54.065368,0.03300923903109399,128,0.1,30,2.6699440834824956e-05,8,0.000646131445337902,0.9949101326099469,0.8479783650858987,COMPLETE
89,0.008950142365024137,2024-10-19 11:58:14.157428,2024-10-19 11:59:06.521418,0 days 00:00:52.363990,0.027823531214626565,128,0.1,30,2.6749577091352672e-05,16,0.0006348237762184812,0.9964833093274574,0.8915036017554121,COMPLETE
90,0.0071244983751432974,2024-10-19 11:58:14.220276,2024-10-19 11:59:05.086454,0 days 00:00:50.866178,0.031433615423244576,128,0.1,30,3.6142088195481036e-05,16,0.0006378539954127714,0.9972297323475054,0.9136346237325598,COMPLETE
91,0.00862492003989618,2024-10-19 11:58:14.266978,2024-10-19 11:59:09.640682,0 days 00:00:55.373704,0.027102092743572052,128,0.1,30,1.4389713573474127e-05,16,0.0009981747988146554,0.9965994446180637,0.8954460475251022,COMPLETE
92,0.009353975027836275,2024-10-19 11:58:19.745411,2024-10-19 11:59:11.848098,0 days 00:00:52.102687,0.042810731214287336,128,0.1,30,2.7385582698728783e-05,24,0.0008810211792361956,0.9963934078304358,0.8866082171211007,COMPLETE
93,0.009703749390909,2024-10-19 11:58:22.230055,2024-10-19 11:59:16.403725,0 days 00:00:54.173670,0.04247612601695991,128,0.1,30,1.4612245162557078e-05,16,0.000997865818214059,0.9962211001200612,0.8823681439419314,COMPLETE
94,0.010993944565008644,2024-10-19 11:58:23.115206,2024-10-19 11:59:17.614635,0 days 00:00:54.499429,0.04213004391428484,128,0.1,30,1.4609962339417471e-05,16,0.000999964424548797,0.9957618479966691,0.8667279983762712,COMPLETE
95,0.011065648149892318,2024-10-19 11:58:26.034017,2024-10-19 11:59:20.425802,0 days 00:00:54.391785,0.0361857654293942,128,0.1,30,0.00011917159624815343,32,0.0009984785676541686,0.9957196443648864,0.8658587853086104,COMPLETE
96,0.012275926807878318,2024-10-19 11:59:05.114010,2024-10-19 12:00:50.751819,0 days 00:01:45.637809,0.2863102503728921,128,0.1,30,1.5060144998642626e-05,24,0.0007151648766945745,0.9953334198348591,0.8511874125071096,COMPLETE
97,0.011372052916592018,2024-10-19 11:59:06.538438,2024-10-19 11:59:59.719710,0 days 00:00:53.181272,0.03492553113552142,128,0.1,30,1.1087992416665435e-05,24,0.0009958178565274837,0.9956311619164224,0.862144451811324,COMPLETE
98,0.00791700533416241,2024-10-19 11:59:09.659808,2024-10-19 12:00:35.783000,0 days 00:01:26.123192,0.04212641438685598,128,0.1,30,1.139611485701573e-05,24,0.0007098154129367467,0.9966325390369924,0.9040276088795494,COMPLETE
99,0.009129233722545033,2024-10-19 11:59:11.864216,2024-10-19 12:00:09.328042,0 days 00:00:57.463826,0.21895723312704177,128,0.1,30,0.00012069621151788116,24,0.0007137195344318534,0.9966957897057263,0.8893326008422106,COMPLETE
100,0.009510892049014081,2024-10-19 11:59:16.417425,2024-10-19 12:00:13.283178,0 days 00:00:56.865753,0.03548831922137666,128,0.1,30,1.1643643721976006e-05,24,0.0008787987286446127,0.996357786523141,0.8847060203820195,COMPLETE
101,0.007966648465588363,2024-10-19 11:59:17.625625,2024-10-19 12:00:14.137098,0 days 00:00:56.511473,0.02971801883499983,128,0.1,30,0.00011578268515380908,24,0.0007082024258149223,0.9968250629579327,0.9034258194623948,COMPLETE
102,0.01397259618375497,2024-10-19 11:59:20.445733,2024-10-19 12:00:17.458258,0 days 00:00:57.012525,0.016021908943845812,128,0.1,30,1.1396599983202116e-05,24,0.0007020869385669264,0.994576814666969,0.8306198607535333,COMPLETE
103,0.010568098061905654,2024-10-19 11:59:59.730716,2024-10-19 12:01:44.283328,0 days 00:01:44.552612,0.21494115666368813,96,0.1,30,1.8983820233011036e-05,24,0.0007160285405250237,0.9953040965562268,0.8718902416018406,COMPLETE
104,0.008501671007477965,2024-10-19 12:00:09.341124,2024-10-19 12:01:05.080682,0 days 00:00:55.739558,0.030844324155166414,128,0.1,30,1.9001468177670016e-05,8,0.0004118864946825974,0.9965428786050373,0.8969401104750685,COMPLETE
105,0.010694075439528281,2024-10-19 12:00:13.295859,2024-10-19 12:01:57.895398,0 days 00:01:44.599539,0.016516737219754045,96,0.1,30,1.974940516596655e-05,8,0.0007092432204510404,0.994979159206932,0.8703631048061438,COMPLETE
106,0.009471571133063598,2024-10-19 12:00:14.147960,2024-10-19 12:01:12.034148,0 days 00:00:57.886188,0.016171189847315526,96,0.1,30,1.9265431765169786e-05,8,0.0009181101043923549,0.9958223332644155,0.8851826807056561,COMPLETE
107,0.009167269590457945,2024-10-19 12:00:17.468448,2024-10-19 12:01:15.061136,0 days 00:00:57.592688,0.030116642058018575,128,0.1,30,1.9328124365040742e-05,32,0.0007915566902784643,0.9963843180261626,0.8888715182689563,COMPLETE
108,0.006976520524196322,2024-10-19 12:00:35.797318,2024-10-19 12:01:53.862727,0 days 00:01:18.065409,0.061109019983123465,128,0.1,30,1.8900469655003868e-05,8,0.00041236651428039816,0.997062414460869,0.915428457081006,COMPLETE
109,0.008053372921006116,2024-10-19 12:00:50.773040,2024-10-19 12:01:50.856869,0 days 00:01:00.083829,0.030333351310542937,128,0.1,30,1.8539982269617624e-05,8,0.00041081689594762923,0.9967992101044634,0.9023745187490877,COMPLETE
110,0.008776400407832459,2024-10-19 12:01:05.181772,2024-10-19 12:02:16.180927,0 days 00:01:10.999155,0.06125793040962719,128,0.1,30,2.3581116550547408e-05,8,0.0004705506446930888,0.9963615196543189,0.893609755580733,COMPLETE
111,0.0100540600078384,2024-10-19 12:01:12.045239,2024-10-19 12:02:06.000724,0 days 00:00:53.955485,0.022031859442275356,128,0.1,30,3.7413094600937804e-05,32,0.0005812079226637049,0.9962117258055992,0.8781215701273956,COMPLETE
112,0.010979020970553097,2024-10-19 12:01:15.077674,2024-10-19 12:02:21.495596,0 days 00:01:06.417922,0.05452308278951058,128,0.1,30,2.1959465095107654e-05,48,0.0008623515966492711,0.9957461307190522,0.8669089068111602,COMPLETE
113,0.008894262831690146,2024-10-19 12:01:44.339886,2024-10-19 12:02:43.142875,0 days 00:00:58.802989,0.024700439113648207,128,0.1,30,2.280835274354082e-05,16,0.0001832814577971201,0.9966430738057336,0.8921809907683532,COMPLETE
114,0.009595617042034814,2024-10-19 12:01:50.931293,2024-10-19 12:02:50.666116,0 days 00:00:59.734823,0.05552943000508068,128,0.1,30,2.341681324573544e-05,16,0.00047118849600473917,0.9961690670494902,0.8836789577712648,COMPLETE
115,0.013453287830938281,2024-10-19 12:01:53.896898,2024-10-19 12:02:45.394100,0 days 00:00:51.497202,0.061900416486408025,128,0.1,30,3.5292495181958656e-05,16,0.0001709564108484775,0.9952349705151736,0.8369150774731154,COMPLETE
116,0.008678124201308942,2024-10-19 12:01:57.909882,2024-10-19 12:03:14.853919,0 days 00:01:16.944037,0.05449850002378457,128,0.1,30,2.2428310190711685e-05,16,0.0005726988074893053,0.9963597785215562,0.8948010901993432,COMPLETE
117,0.006843216352869795,2024-10-19 12:02:06.031640,2024-10-19 12:03:46.162919,0 days 00:01:40.131279,0.05936222814304113,128,0.1,30,2.26694370826535e-05,16,0.00047698962430792365,0.997033811902821,0.9170444115396107,COMPLETE
118,0.00897290129085867,2024-10-19 12:02:16.201295,2024-10-19 12:03:11.878185,0 days 00:00:55.676890,0.02423474380195302,128,0.1,30,2.2726617629305798e-05,16,0.0008546962814640044,0.9964501273107277,0.8912277110063875,COMPLETE
119,0.007863358309167777,2024-10-19 12:02:21.507229,2024-10-19 12:03:23.426012,0 days 00:01:01.918783,0.03870516314931862,128,0.1,30,1.3160474161829742e-05,16,0.00030182376927768783,0.9969761501095873,0.9046779347348342,COMPLETE
120,0.010116754750058354,2024-10-19 12:02:43.155738,2024-10-19 12:03:34.706458,0 days 00:00:51.550720,0.07637374462501811,128,0.1,30,1.3570251815035599e-05,16,0.00031738005628949425,0.9961215843573326,0.8773615650411838,COMPLETE
121,0.008589719302384544,2024-10-19 12:02:45.417350,2024-10-19 12:03:42.579521,0 days 00:00:57.162171,0.07384730598955577,128,0.1,30,1.3392574000793002e-05,8,0.00031130815221895223,0.9965527518141576,0.8958727617693907,COMPLETE
122,0.008206957888384535,2024-10-19 12:02:50.677407,2024-10-19 12:03:45.948507,0 days 00:00:55.271100,0.08042063026459575,128,0.1,30,1.6115457423582353e-05,8,0.0003114063565582936,0.9968108381917843,0.9005127141983367,COMPLETE
123,0.008199518245930884,2024-10-19 12:03:11.892397,2024-10-19 12:04:07.299553,0 days 00:00:55.407156,0.03970780772676312,128,0.1,30,1.3607823143838027e-05,8,0.0009443246002952831,0.996676185866051,0.9006028998487463,COMPLETE
124,0.012718404231769077,2024-10-19 12:03:14.872195,2024-10-19 12:04:05.070974,0 days 00:00:50.198779,0.037965898036741635,128,0.2,30,1.588681279827921e-05,8,0.0008077624928222598,0.9949311145902938,0.8458235641079717,COMPLETE
125,0.008567899505816877,2024-10-19 12:03:23.438320,2024-10-19 12:04:17.503921,0 days 00:00:54.065601,0.07724893944714849,128,0.2,30,1.3366276070512324e-05,8,0.0003113278319270058,0.9966259861541774,0.8961372681025271,COMPLETE
126,0.007155335217306222,2024-10-19 12:03:34.717657,2024-10-19 12:04:29.248878,0 days 00:00:54.531221,0.03924785896003929,128,0.2,30,1.5929086052684685e-05,8,0.0002955670190485606,0.9971402310174301,0.9132608099794972,COMPLETE
127,0.007013333879777877,2024-10-19 12:03:42.595377,2024-10-19 12:04:45.410992,0 days 00:01:02.815615,0.03987805950964173,128,0.1,30,1.5731981318172767e-05,8,0.0003941254588706342,0.9971184503818382,0.9149821941809314,COMPLETE
128,0.007313860925688677,2024-10-19 12:03:45.960952,2024-10-19 12:04:37.366818,0 days 00:00:51.405866,0.03877998360254665,128,0.2,30,1.0573135091319103e-05,8,0.0005209282506989797,0.9969902167987656,0.9113391122357963,COMPLETE
129,0.011065205483720388,2024-10-19 12:03:46.185511,2024-10-19 12:04:34.704932,0 days 00:00:48.519421,0.03920151633293745,128,0.2,30,3.282563869224611e-05,8,0.000370306600092528,0.9956790520171703,0.8658641514450717,COMPLETE
130,0.008278741778958655,2024-10-19 12:04:05.082624,2024-10-19 12:04:53.479448,0 days 00:00:48.396824,0.049641443480616616,128,0.1,30,2.882174714759674e-05,8,0.00037330197796921476,0.9967122147015733,0.8996425276402199,COMPLETE
131,0.008759414208201078,2024-10-19 12:04:17.515250,2024-10-19 12:05:06.595071,0 days 00:00:49.079821,0.051329100150740825,128,0.1,30,3.251497733795866e-05,16,0.00038998265177136147,0.9966651508674218,0.8938156675544989,COMPLETE
132,0.011007613158402213,2024-10-19 12:04:29.286207,2024-10-19 12:05:09.064582,0 days 00:00:39.778375,0.01897789097933323,128,0.2,30,3.0068742734531187e-05,8,0.00013171134382586493,0.9960610284911686,0.8665623034530187,COMPLETE
133,0.010451977858408219,2024-10-19 12:04:34.715982,2024-10-19 12:05:17.325859,0 days 00:00:42.609877,0.048982588206195686,128,0.2,30,1.6868265197326943e-05,16,0.0002443056418269897,0.9960080383694864,0.8732978866793237,COMPLETE
134,0.009500283777386384,2024-10-19 12:04:45.429961,2024-10-19 12:05:35.180472,0 days 00:00:49.750511,0.048759943254003776,128,0.2,30,1.0569508351192694e-05,8,0.0003826423237749048,0.9960766637471399,0.8848346171368268,COMPLETE
135,0.008704223481468229,2024-10-19 12:04:53.495262,2024-10-19 12:05:35.191182,0 days 00:00:41.695920,0.048104279470883984,128,0.2,30,1.0415541997377237e-05,8,0.0003957495639653671,0.9965223832862881,0.8944847066404487,COMPLETE
136,0.007635488492464243,2024-10-19 12:05:06.609575,2024-10-19 12:05:49.483928,0 days 00:00:42.874353,0.0453117614422344,128,0.2,30,1.0464285472443085e-05,8,0.0005141662867017096,0.9969349944088292,0.9074402432404063,COMPLETE
137,0.007981482598428841,2024-10-19 12:05:09.075183,2024-10-19 12:05:48.912916,0 days 00:00:39.837733,0.04577264556246687,128,0.2,30,1.032216964731941e-05,8,0.0005138508298278426,0.9966930110990904,0.9032459955089163,COMPLETE
138,0.007631779780762457,2024-10-19 12:05:17.336577,2024-10-19 12:05:59.999100,0 days 00:00:42.662523,0.04543852668668472,128,0.2,30,1.0243671176840693e-05,8,0.0004745872354014554,0.9966479371662065,0.9074852013925072,COMPLETE
139,0.007266272612622601,2024-10-19 12:06:00.005679,2024-10-19 12:06:17.207038,0 days 00:00:17.201359,0.04391891550177864,128,0.2,30,1.216164304455006e-05,8,0.00047309125186098197,0.9969914281408917,0.9119159925082692,COMPLETE
