Year,Al,Co,Cr,Cu,Fe,Mn,Ni,V,VarvYS pred(MPa) at 298K,SFE_calc,VEC Avg,EDS Measured Atomic % Al,EDS Measured Atomic % Co,EDS Measured Atomic % Cr,EDS Measured Atomic % Cu,EDS Measured Atomic % Fe,EDS Measured Atomic % Mn,EDS Measured Atomic % Ni,EDS Measured Atomic % V,"Hardness, HV","SD, HV",Yield Strength (MPa),"SD, YS",UTS_True (Mpa),"SD, UTS",UTS/YS,"SD, UTS/YS",Elong_T (%),"SD, Elong%",Hardness (GPa) SRJT,"SD, Hardness",Modulus (GPa) SRJT,"SD, Modulus",Avg Hdyn (GPa) HSR,"SD, Avg Hdyn",Avg Hqs (GPa) HSR,"SD, Avg Hqs",Avg HDYN/HQS,"Std, Hdyn/Hqs",Depth of Penetration (mm) FE_Sim,Cracked,Cold Work (%Reduction),Holding time (h),Grain Size(um)
1,0,45.0,10,0,20.0,0,15.0,10,248.2045892639757,-85.32839206893681,5.1,0.0,44.4,10.4,0.0,20.3,0.0,14.5,10.3,225.8,5.6,487.0,14.8,839.0,5.9,1.72,0.05,25.7,2.6,2.62,0.12,190.02,11.79,,,,,,,,0.0,,,
1,0,30.0,10,0,5.0,0,45.0,10,244.4242486557814,-19.13421194033971,6.600000000000001,0.0,30.2,10.4,0.0,5.2,0.0,43.9,10.4,257.4,16.0,537.0,11.0,829.0,43.3,1.54,0.09,20.8,1.7,2.85,0.34,195.4,9.1,,,,,,,,0.0,,,
1,0,30.0,5,0,30.0,0,20.0,15,275.6920066033588,-58.21776964085162,6.050000000000001,0.0,29.8,5.3,0.0,30.1,0.0,19.5,15.3,227.2,8.7,427.0,14.1,721.0,20.9,1.69,0.07,22.1,1.9,2.4,0.12,189.61,8.42,,,,,,,,0.0,,,
1,0,25.0,10,0,20.0,0,40.0,5,173.2094365490373,1.640264563490415,6.949999999999999,0.0,25.2,10.4,0.0,20.2,0.0,39.0,5.2,187.0,10.1,383.0,33.5,621.0,50.2,1.62,0.18,19.5,0.3,2.31,0.13,189.31,6.19,,,,,,,,0.0,,,
1,0,10.0,10,0,55.0,0,25.0,0,77.58102446893048,11.38838262674635,7.7,0.0,10.1,10.6,0.0,54.8,0.0,24.5,0.0,149.5,4.2,310.0,12.3,446.0,2.6,1.44,0.05,18.3,0.9,1.82,0.04,161.94,4.18,,,,,,,,0.0,,,
1,0,35.0,25,0,5.0,0,30.0,5,202.0427934898094,-46.08663054308739,5.85,0.0,34.9,25.6,0.0,5.0,0.0,29.3,5.2,263.2,13.8,650.0,66.1,974.0,22.7,1.5,0.19,20.5,3.3,2.9,0.19,199.06,15.24,,,,,,,,0.0,,,
1,0,55.0,10,0,10.0,0,15.0,10,254.5196105913244,-124.9873678212238,4.5,0.0,54.7,10.3,0.0,10.1,0.0,14.6,10.3,259.2,15.5,606.0,29.1,952.0,7.9,1.57,0.09,24.9,1.1,2.88,0.16,197.23,6.66,,,,,,,,0.0,,,
1,0,10.0,10,0,25.0,0,50.0,5,166.3823782483187,39.67328974909728,8.05,0.0,10.2,10.5,0.0,25.5,0.0,48.4,5.3,203.9,13.6,447.0,13.5,660.0,13.4,1.48,0.06,14.2,2.7,2.15,0.1,187.18,5.81,,,,,,,,0.0,,,
1,5,0.0,5,0,25.0,0,60.0,5,425.7082280817232,81.80751923674603,8.7,5.5,0.0,5.2,0.0,25.5,0.0,58.6,5.3,195.5,9.2,331.0,29.2,782.0,24.5,2.36,0.18,40.1,3.3,2.31,0.09,178.43,2.68,,,,,,,,0.0,,,
1,0,5.0,15,0,5.0,0,70.0,5,171.0651694635452,79.60742700748533,8.65,0.0,5.2,15.5,0.0,5.2,0.0,69.0,5.1,212.0,9.8,376.0,14.4,764.0,27.2,2.03,0.1,28.1,2.1,2.24,0.19,190.61,9.22,,,,,,,,0.0,,,
1,0,15.0,5,0,45.0,0,30.0,5,155.0269203505092,103.0181752127349,7.449999999999999,0.0,15.2,5.2,0.0,45.1,0.0,29.3,5.2,179.6,10.5,364.0,28.6,547.0,17.9,1.5,0.11,11.9,0.7,1.91,0.11,162.1,5.64,,,,,,,,0.0,,,
1,5,15.0,5,0,5.0,0,65.0,5,448.2754879008656,92.669663498732,7.9,5.3,15.2,5.3,0.0,5.2,0.0,63.8,5.1,227.6,5.4,391.0,41.3,622.0,87.4,1.59,0.26,16.7,5.0,2.47,0.07,195.66,3.8,,,,,,,,0.0,,,
1,5,10.0,5,0,25.0,0,50.0,5,430.901597557685,61.48241037047603,7.9,5.0,10.3,5.2,0.0,25.4,0.0,49.0,5.1,207.8,13.7,275.0,56.2,816.0,55.2,2.97,0.37,0.0,8.5,2.32,0.1,167.49,3.85,,,,,,,,0.0,,,
1,0,25.0,10,0,5.0,0,35.0,25,366.0800115787403,177.301891621497,6.25,0.0,24.9,10.1,0.0,5.0,0.0,34.8,25.2,296.2,2.6,601.0,17.4,1144.0,32.8,1.9,0.08,29.9,0.9,3.4,0.29,198.66,5.95,,,,,,,,0.0,,,
1,5,0.0,5,0,45.0,0,45.0,0,372.6474182350056,176.3601013244486,8.549999999999999,4.9,0.0,5.4,0.0,45.5,0.0,44.2,0.0,172.2,7.2,253.0,22.1,492.0,37.0,1.94,0.2,23.3,2.8,1.96,0.04,168.34,1.84,,,,,,,,0.0,,,
1,0,5.0,10,0,10.0,0,55.0,20,321.2962495490132,202.24048061068,8.0,0.0,5.0,10.1,0.0,10.1,0.0,54.7,20.0,255.3,8.2,517.0,52.3,977.0,23.1,1.89,0.17,26.7,0.6,2.88,0.15,194.55,3.9,,,,,,,,0.0,,,
1,0,50.0,10,0,15.0,0,15.0,10,252.0209974649892,-104.7768406598848,4.800000000000001,0.0,49.6,10.2,0.0,15.3,0.0,14.7,10.2,238.1,2.1,539.0,37.4,1038.0,25.5,1.93,0.14,34.6,3.2,2.68,0.03,194.27,2.2,,,,,,,,0.0,,,
1,0,5.0,0,0,75.0,0,20.0,0,52.69286577653632,-519.4125432374044,8.1,0.0,5.1,0.0,0.0,75.0,0.0,19.9,0.0,235.1,5.0,610.0,30.8,798.0,11.1,1.31,0.07,3.6,0.4,2.53,0.07,157.73,6.21,,,,,,,,1.0,,,
1,0,25.0,10,0,35.0,0,25.0,5,170.3134521300121,9.493008740491714,6.65,0.0,24.8,10.2,0.0,35.2,0.0,24.7,5.1,192.7,3.9,363.0,29.6,576.0,20.1,1.59,0.14,17.2,0.2,2.13,0.08,182.41,4.47,,,,,,,,0.0,,,
1,0,25.0,10,0,25.0,0,35.0,5,173.3394581755487,-0.7868104239916054,6.85,0.0,24.9,10.2,0.0,25.2,0.0,34.5,5.1,216.5,5.8,413.0,19.6,676.0,19.3,1.64,0.09,20.1,2.2,2.29,0.05,169.12,4.74,,,,,,,,0.0,,,
1,0,25.0,5,0,10.0,0,50.0,10,233.5765555037703,-4.90099453429014,7.1,0.0,25.1,5.1,0.0,10.1,0.0,49.6,10.1,200.3,6.8,332.0,55.5,634.0,6.7,1.91,0.32,28.7,4.6,2.35,0.02,201.05,8.11,,,,,,,,0.0,,,
1,0,30.0,20,0,5.0,0,40.0,5,191.1275556236543,-16.78417802206404,6.450000000000001,0.0,29.9,20.5,0.0,5.1,0.0,39.3,5.1,226.0,8.4,508.0,89.3,857.0,57.5,1.69,0.39,24.4,2.9,2.6,0.09,206.43,3.01,,,,,,,,0.0,,,
1,0,40.0,15,0,5.0,0,30.0,10,257.0431020185131,-55.60858067297652,5.6,0.0,40.0,15.3,0.0,5.1,0.0,29.5,10.1,253.1,9.2,448.0,24.9,863.0,58.1,1.93,0.16,28.2,5.6,2.78,0.14,199.42,6.6,,,,,,,,0.0,,,
1,0,5.0,10,0,30.0,0,50.0,5,162.3165993342222,48.74626671882295,8.35,0.0,5.1,10.3,0.0,30.2,0.0,49.4,5.1,175.8,2.6,324.0,16.6,604.0,2.4,1.86,0.1,23.4,0.4,2.11,0.12,169.54,7.83,,,,,,,,0.0,,,
1,0,30.0,0,0,30.0,0,35.0,5,158.4312767337166,102.8849270891784,6.75,0.0,29.9,0.0,0.0,30.5,0.0,34.4,5.1,171.6,4.9,347.0,15.7,610.0,8.5,1.76,0.09,20.0,0.5,1.98,0.12,165.27,9.75,,,,,,,,0.0,,,
1,5,20.0,5,0,25.0,0,45.0,0,400.9904628653007,63.06196012914481,7.35,5.1,20.1,5.1,0.0,25.3,0.0,44.3,0.0,160.0,5.5,313.0,32.1,615.0,23.6,1.96,0.23,24.6,2.1,2.11,0.06,174.64,4.08,,,,,,,,0.0,,,
1,0,5.0,20,0,10.0,0,55.0,10,242.7841552270739,79.93969269201396,8.1,0.0,5.0,20.3,0.0,10.2,0.0,54.3,10.2,215.4,9.8,427.0,32.1,886.0,9.2,2.07,0.16,31.5,0.6,2.62,0.2,187.6,9.77,,,,,,,,0.0,,,
1,0,15.0,5,0,20.0,0,40.0,20,312.9648163949832,74.63859721959169,7.199999999999999,0.0,15.0,5.1,0.0,20.2,0.0,39.4,20.4,235.0,7.5,430.0,0.0,986.0,0.0,2.29,0.0,37.0,0.0,2.71,0.24,190.55,4.78,,,,,,,,0.0,,,
1,5,5.0,10,0,35.0,0,45.0,0,389.3162380688181,108.0772995020787,8.15,5.2,5.1,10.2,0.0,35.2,0.0,44.2,0.0,154.5,8.3,250.0,18.1,549.0,33.3,2.2,0.21,27.5,1.0,1.87,0.03,170.22,2.76,,,,,,,,0.0,,,
1,5,10.0,0,0,30.0,0,50.0,5,421.8442395095231,88.48079617050881,8.0,5.3,10.2,0.0,0.0,30.3,0.0,49.0,5.1,159.7,4.1,282.0,7.6,691.0,56.8,2.45,0.21,41.8,3.1,2.25,0.13,172.48,8.06,,,,,,,,0.0,,,
1,5,5.0,10,0,20.0,0,55.0,5,437.0314242985552,61.22736171987175,8.2,4.6,5.1,10.1,0.0,20.3,0.0,55.0,4.9,190.0,5.8,367.0,50.5,759.0,22.2,2.07,0.29,33.8,2.3,2.57,0.13,190.35,7.63,,,,,,,,0.0,,,
1,15,5.0,0,0,15.0,0,65.0,0,722.4830728639016,212.0757800693046,8.25,14.2,5.3,0.0,0.0,15.6,0.0,64.9,0.0,229.4,8.1,299.0,20.9,333.0,8.2,1.11,0.08,1.4,0.4,2.97,0.07,191.26,2.6,,,,,,,,0.0,,,
1,0,15.0,25,0,5.0,0,50.0,5,192.6929683513158,29.11077864887366,7.45,0.0,15.1,25.2,0.0,5.1,0.0,49.6,5.1,245.6,13.9,503.0,24.9,854.0,52.2,1.7,0.13,22.5,1.0,2.82,0.17,213.37,5.78,,,,,,,,0.0,,,
1,0,10.0,5,0,35.0,0,35.0,15,257.1647127604182,-0.2931107025568472,7.55,0.0,10.0,5.0,0.0,35.1,0.0,34.8,15.0,227.7,6.1,391.0,6.0,832.0,10.7,2.13,0.04,29.7,2.5,2.52,0.19,199.87,10.55,,,,,,,,0.0,,,
1,0,40.0,20,0,5.0,0,30.0,5,195.1570119977128,-61.11244867826741,5.65,0.0,40.1,20.2,0.0,5.1,0.0,29.5,5.1,252.4,12.9,461.0,39.4,863.0,22.7,1.87,0.17,26.2,3.7,3.05,0.19,237.02,7.14,,,,,,,,0.0,,,
1,0,45.0,15,0,10.0,0,15.0,15,309.021602361473,-36.63312516801663,4.85,0.0,44.8,15.1,0.0,10.1,0.0,14.8,15.1,295.1,48.1,569.0,17.4,1044.0,3.3,1.83,0.06,29.1,0.5,3.17,0.14,229.63,6.71,,,,,,,,0.0,,,
1,0,75.0,0,0,15.0,0,0.0,10,241.5553432333521,-136.2416343233708,3.2,0.0,74.4,0.0,0.0,15.4,0.0,0.0,10.2,192.5,4.2,382.0,42.9,646.0,33.7,1.69,0.21,27.2,2.8,2.25,0.09,194.7,8.25,,,,,,,,0.0,,,
1,0,25.0,20,0,10.0,0,35.0,10,253.5297865531169,7.550924685098769,6.5,0.0,24.9,20.3,0.0,10.1,0.0,34.4,10.2,224.5,18.0,460.0,16.8,932.0,15.9,2.03,0.08,32.6,1.9,2.73,0.1,213.93,5.68,,,,,,,,0.0,,,
1,0,45.0,5,0,15.0,0,25.0,10,241.6991008937437,-98.98373461423577,5.4,0.0,45.0,5.1,0.0,15.2,0.0,24.7,9.9,216.0,8.1,357.0,1.4,671.0,36.7,1.88,0.1,26.6,2.4,2.58,0.13,196.42,5.74,,,,,,,,0.0,,,
1,0,30.0,10,0,15.0,0,30.0,15,293.4822157693557,-26.32714843028499,6.15,0.0,29.8,10.1,0.0,15.2,0.0,29.6,15.2,218.6,11.5,444.0,2.4,966.0,7.5,2.18,0.02,33.8,0.7,2.83,0.16,225.0,6.72,,,,,,,,0.0,,,
1,5,10.0,5,0,20.0,0,55.0,5,435.8880452670821,67.29934347482725,8.0,5.2,10.0,5.1,0.0,20.3,0.0,54.2,5.1,200.3,9.4,366.0,8.2,804.0,29.2,2.2,0.09,38.4,4.5,2.67,0.18,209.96,5.85,,,,,,,,0.0,,,
1,0,10.0,20,0,5.0,0,60.0,5,182.6807328230935,50.32305476044827,8.05,0.0,10.3,20.4,0.0,5.1,0.0,59.2,5.1,198.7,6.9,397.0,0.2,734.0,10.6,1.85,0.03,22.4,0.4,2.58,0.16,202.88,4.45,,,,,,,,0.0,,,
1,0,10.0,5,0,5.0,0,50.0,30,374.9055941274212,360.939933873907,7.4,0.0,10.0,5.0,0.0,5.0,0.0,49.5,30.5,281.5,40.4,637.0,10.0,1115.0,24.3,1.75,0.05,25.0,0.4,3.32,0.23,200.47,3.31,,,,,,,,0.0,,,
1,0,35.0,15,0,5.0,0,20.0,25,371.2909790241561,92.07941885491358,5.25,0.0,12.55,12.6,0.0,5.05,0.0,46.95,22.9,491.9,49.4,790.0,0.0,790.0,0.0,1.0,0.0,0.0,0.0,6.04,1.37,223.68,12.55,,,,,,,,1.0,,,
1,0,15.0,20,0,5.0,0,45.0,15,299.8907032427307,120.4648167063556,7.15,0.0,15.1,20.2,0.0,5.1,0.0,44.4,15.3,258.8,9.7,551.0,11.1,1060.0,31.1,1.92,0.07,31.0,0.6,2.96,0.25,207.29,9.81,,,,,,,,0.0,,,
1,0,15.0,5,0,15.0,0,40.0,25,344.4982673788937,195.9614395602805,7.050000000000001,0.0,15.0,5.0,0.0,15.1,0.0,39.5,25.4,264.9,14.8,541.0,19.0,1136.0,8.1,2.1,0.08,33.7,2.6,3.32,0.27,199.57,11.75,,,,,,,,0.0,,,
1,5,5.0,5,0,20.0,0,50.0,15,472.4146152243522,119.9331185090426,7.899999999999999,5.5,4.9,5.0,0.0,20.2,0.0,49.4,15.1,286.1,8.8,542.0,30.2,1006.0,62.9,1.86,0.16,29.1,2.7,3.35,0.13,209.17,5.74,,,,,,,,0.0,,,
1,0,25.0,15,0,5.0,0,35.0,20,340.2266634331817,118.4894388519356,6.300000000000001,0.0,24.9,15.2,0.0,5.2,0.0,34.3,20.4,274.5,9.4,613.0,26.5,1197.0,57.8,1.95,0.13,31.8,1.1,3.29,0.32,209.59,10.0,,,,,,,,0.0,,,
1,0,30.0,10,0,10.0,0,30.0,20,335.5917857189924,47.0720601538439,6.0,0.0,29.6,10.6,0.0,9.9,0.0,28.6,21.2,234.4,9.6,625.0,0.0,1221.0,0.0,1.95,0.0,31.0,0.0,3.37,0.32,203.35,7.86,,,,,,,,0.0,,,
1,0,40.0,5,0,15.0,0,15.0,25,359.5723946411356,-3.01632930160361,5.050000000000001,0.0,39.4,5.3,0.0,14.9,0.0,14.3,26.1,287.7,12.9,551.0,29.1,1504.0,11.3,2.73,0.14,24.0,1.1,3.82,0.25,234.03,14.27,,,,,,,,0.0,,,
1,0,5.0,5,0,30.0,0,45.0,15,261.1804501349519,19.46769007169959,8.05,0.0,5.3,5.3,0.0,30.4,0.0,43.2,15.8,183.9,5.7,361.0,13.6,842.0,37.3,2.33,0.14,34.0,2.1,2.38,0.06,211.23,5.84,,,,,,,,0.0,,,
1,0,20.0,5,0,25.0,0,35.0,15,275.7386381017764,-32.47571489133248,6.95,0.0,20.2,5.3,0.0,25.2,0.0,33.5,15.8,190.2,10.9,391.0,15.7,822.0,28.5,2.1,0.11,30.0,0.2,2.3,0.02,210.99,4.84,,,,,,,,0.0,,,
1,0,40.0,25,0,10.0,0,20.0,5,203.70962460329,-85.30345653319407,5.35,0.0,39.2,26.2,0.0,10.0,0.0,19.2,5.3,284.0,9.9,502.0,24.0,996.0,30.3,1.98,0.11,32.0,2.5,2.77,0.08,215.81,7.71,,,,,,,,0.0,,,
1,0,35.0,15,0,10.0,0,25.0,15,303.7173840881812,-7.488784083936082,5.649999999999999,0.0,34.5,15.7,0.0,10.0,0.0,24.0,15.8,230.7,10.1,521.0,20.2,1042.0,31.8,2.0,0.1,30.0,0.8,2.94,0.16,217.91,9.92,,,,,,,,0.0,,,
1,0,20.0,10,0,10.0,0,45.0,15,292.5769617163763,37.35511968470184,7.05,0.0,20.1,10.6,0.0,10.1,0.0,43.2,15.9,204.2,15.9,443.0,9.4,986.0,50.7,2.23,0.12,34.0,2.7,2.93,0.1,219.29,9.71,,,,,,,,0.0,,,
1,0,25.0,25,0,15.0,0,25.0,10,250.7808665221859,3.233992022860055,6.2,0.0,24.7,26.2,0.0,14.7,0.0,23.9,10.6,239.7,11.1,491.0,5.9,945.0,15.1,1.92,0.04,29.0,1.5,2.77,0.15,216.71,4.13,,,,,,,,0.0,,,
1,0,15.0,15,0,5.0,0,45.0,20,334.3644540244707,185.8450179060361,7.100000000000001,0.0,15.0,15.8,0.0,4.9,0.0,43.3,21.0,235.1,16.8,525.0,8.3,1142.0,119.4,2.18,0.23,35.0,5.1,2.95,0.05,212.65,2.59,,,,,,,,0.0,,,
1,0,5.0,5,0,30.0,0,55.0,5,156.4381732125664,75.18403044540035,8.55,0.0,5.4,5.4,0.0,30.9,0.0,53.1,5.3,176.3,12.7,308.0,27.0,620.0,28.7,2.01,0.2,23.0,0.2,2.15,0.13,196.61,7.25,,,,,,,,0.0,,,
1,0,20.0,10,0,5.0,0,40.0,25,363.0869921976011,220.211782232461,6.65,0.0,19.8,10.5,0.0,4.9,0.0,38.5,26.3,285.0,12.6,590.0,80.5,1274.0,41.1,2.16,0.3,32.0,3.7,3.41,0.31,199.81,9.61,,,,,,,,0.0,,,
1,0,20.0,15,0,0.0,0,35.0,30,386.2269490595816,266.2216946277442,6.3,1.55,15.100000000000001,5.25,0.0,5.050000000000001,0.0,46.6,26.450000000000003,525.6,8.5,559.0,0.0,561.0,0.0,1.0,0.0,0.0,0.0,5.96,1.08,207.91,16.42,,,,,,,,1.0,,,
1,5,10.0,0,0,5.0,0,55.0,25,512.047065973395,257.7033085960359,7.5,3.1,10.4,0.0,0.0,5.2,0.0,54.7,26.6,271.6,11.4,669.0,0.0,1164.0,0.0,1.74,0.0,26.0,0.0,3.48,0.27,205.0,7.83,,,,,,,,0.0,,,
1,0,15.0,15,0,15.0,0,40.0,15,286.9361867832045,74.30366048624921,7.15,0.0,15.1,15.8,0.0,14.9,0.0,38.4,15.8,220.5,15.9,459.0,46.7,931.0,70.6,2.03,0.26,30.0,0.2,2.57,0.22,206.84,7.48,,,,,,,,0.0,,,
1,0,25.0,5,0,10.0,0,35.0,25,358.3455934397506,139.6746239159131,6.35,0.0,24.9,5.3,0.0,10.0,0.0,33.7,26.1,271.6,14.0,614.0,5.9,1311.0,3.3,2.14,0.02,37.0,1.3,3.02,0.08,213.68,5.0,,,,,,,,0.0,,,
1,0,35.0,20,0,10.0,0,15.0,20,337.8624474958932,61.86974654471436,5.2,0.0,12.45,13.399999999999999,0.0,32.65,0.0,28.450000000000003,13.05,546.0,21.6,460.0,0.0,462.0,0.0,1.0,0.0,0.0,0.0,5.22,0.64,208.46,8.66,,,,,,,,1.0,,,
1,0,0.0,20,0,55.0,0,25.0,0,67.31573232641826,-144.2091581786006,8.100000000000001,0.0,0.0,21.5,0.0,55.3,0.0,23.2,0.0,152.3,4.7,318.0,10.0,569.0,47.3,1.79,0.12,23.0,4.3,1.63,0.08,193.04,5.14,,,,,,,,0.0,,,
1,0,10.0,0,0,0.0,0,75.0,15,278.37490397775,-0.7400964607881734,8.45,0.0,10.6,0.0,0.0,0.0,0.0,73.9,15.4,209.9,38.1,398.0,23.7,899.0,27.2,2.26,0.07,36.0,1.0,2.42,0.11,212.4,5.53,,,,,,,,0.0,,,
1,0,50.0,5,0,15.0,0,5.0,25,365.4429332091154,-42.41218704797591,4.25,0.0,48.8,5.3,0.0,15.0,0.0,4.9,26.0,277.6,14.8,539.0,38.6,1581.0,81.5,2.93,0.36,27.0,4.1,3.37,0.41,225.55,14.12,,,,,,,,0.0,,,
1,0,35.0,20,0,30.0,0,15.0,0,112.7525073466349,-153.5130576488452,5.8,0.0,35.0,20.6,0.0,29.9,0.0,14.5,0.0,204.3,9.9,448.0,9.7,892.0,26.1,1.99,0.1,31.0,3.5,2.19,0.1,209.36,6.76,,,,,,,,0.0,,,
1,0,65.0,15,0,0.0,0,10.0,10,266.8285727877104,-141.6353218306625,3.7,0.0,64.0,15.8,0.0,0.0,0.0,9.8,10.5,274.0,19.1,548.0,27.8,960.0,15.3,1.75,0.12,22.0,2.0,3.09,0.14,237.14,8.06,,,,,,,,0.0,,,
1,0,10.0,0,0,30.0,0,40.0,20,295.6443752734542,16.05122863448696,7.600000000000001,0.0,10.4,0.0,0.0,30.6,0.0,38.0,21.0,200.2,19.7,336.0,0.2,850.0,34.7,2.53,0.1,36.0,1.5,2.33,0.1,195.94,11.25,,,,,,,,0.0,,,
1,0,15.0,20,0,15.0,0,40.0,10,243.8177624561959,33.09938390501697,7.2,0.0,15.1,21.2,0.0,14.9,0.0,38.1,10.7,196.7,7.2,431.0,1.5,895.0,6.5,2.08,0.03,32.0,0.0,2.43,0.15,196.74,11.87,,,,,,,,0.0,,,
1,0,40.0,5,0,15.0,0,20.0,20,333.2167889805813,-63.82586045158005,5.300000000000001,0.0,39.6,5.3,0.0,15.1,0.0,19.2,20.8,289.8,11.2,518.0,46.5,1325.0,64.3,2.56,0.1,21.0,1.9,3.42,0.13,234.77,3.79,,,,,,,,0.0,,,
1,0,25.0,0,0,35.0,0,35.0,5,157.4524676865036,123.7373358406803,7.05,0.0,25.6,0.0,0.0,36.0,0.0,33.3,5.2,160.0,9.5,305.0,0.4,557.0,26.5,1.83,0.09,20.0,1.8,1.8,0.06,162.96,4.45,,,,,,,,0.0,,,
1,0,20.0,5,0,15.0,0,40.0,20,322.3600033538088,62.44389805475998,6.9,0.0,20.2,5.3,0.0,15.1,0.0,38.4,20.9,244.6,7.5,244.0,7.1,644.0,47.6,2.64,0.27,39.0,4.9,1.85,0.04,178.91,2.38,,,,,,,,0.0,,,
1,0,20.0,10,0,0.0,0,45.0,25,370.6097422114711,237.9095014399738,6.75,0.0,20.0,10.4,0.0,0.0,0.0,43.5,26.2,248.9,26.1,615.0,18.1,1256.0,70.8,2.04,0.06,36.0,0.2,3.0,0.24,211.02,6.83,,,,,,,,0.0,,,
1,5,5.0,0,0,40.0,0,45.0,5,407.6009792587693,127.0561689346237,8.2,3.9,5.6,0.0,0.0,42.2,0.0,42.8,5.5,150.2,7.2,477.0,0.3,1062.0,26.6,2.23,0.05,34.0,1.7,2.69,0.07,211.67,4.99,,,,,,,,0.0,,,
1,0,10.0,5,0,10.0,0,55.0,20,322.7157020603531,136.6335748126424,7.8,0.0,10.3,5.4,0.0,10.1,0.0,53.3,20.9,244.7,24.8,469.0,37.6,1040.0,60.2,2.22,0.14,33.0,1.9,2.76,0.16,211.4,5.56,,,,,,,,0.0,,,
1,0,20.0,20,0,15.0,0,30.0,15,289.5827742849006,63.98146385691356,6.550000000000001,0.0,19.8,21.1,0.0,14.8,0.0,28.5,15.9,270.9,8.8,470.0,5.0,967.0,63.9,2.06,0.11,31.0,1.7,2.51,0.2,193.22,12.63,,,,,,,,0.0,,,
1,0,30.0,5,0,15.0,0,20.0,30,368.6729681830836,117.3892291118452,5.600000000000001,0.0,25.35,10.55,0.0,15.2,0.0,38.45,10.55,444.0,23.6,404.5,7.95,793.5,37.55,1.945,0.10500000000000001,26.5,1.7,4.28,1.15,202.06,11.59,,,,,,,,1.0,,,
1,0,30.0,0,0,15.0,0,50.0,5,148.4222272439821,69.18857352890144,7.05,0.0,30.9,0.0,0.0,15.6,0.0,48.4,5.2,177.1,15.4,339.0,10.9,620.0,11.2,1.83,0.1,22.0,1.7,1.92,0.03,188.44,2.22,,,,,,,,0.0,,,
2,4,8.0,4,4,16.0,12,48.0,4,364.1664645789403,228.3864762077781,8.08,4.1,8.2,4.2,4.1,16.1,12.2,47.1,4.1,158.8,9.3,277.1,5.8,930.4,10.4,3.36,0.08,41.0,0.2,2.14,0.07,198.95,5.38,2.469271065,0.01223158095,2.301561944,0.121436357,1.072867525,0.05685618595,2.93648,0.0,,0.5,19.9
2,4,16.0,0,4,12.0,8,52.0,4,372.3869585642555,195.2135088334576,7.800000000000001,3.7,16.2,0.0,4.2,12.4,8.3,51.2,4.0,152.1,7.4,267.5,0.1,949.4,13.7,3.55,0.05,42.3,0.2,1.99,0.06,192.46,4.51,2.450212839,0.05225331094,2.321220621,0.04386298467,1.055570856,0.03007687738,2.95912,0.0,,0.5,19.0
2,4,12.0,8,4,16.0,8,48.0,0,345.3217003626806,131.4777856296133,7.92,4.0,12.2,8.3,4.1,16.2,8.1,47.1,0.0,131.0,6.3,226.3,2.3,888.3,1.5,3.92,0.04,42.2,1.9,1.86,0.06,188.59,6.99,2.165430443,0.03516344008,1.905471508,0.07412491233,1.136427616,0.04790530912,3.15257,0.0,,0.5,24.0
2,0,12.0,8,4,16.0,20,36.0,4,156.6231368096109,133.0353193339203,7.64,0.0,11.8,8.1,4.1,15.9,20.5,35.4,4.0,144.9,4.4,271.2,0.0,906.0,29.7,3.34,0.11,39.1,1.8,1.91,0.05,183.07,9.25,2.290953374,0.02799759426,2.098720863,0.05715818699,1.091595083,0.0325852405,3.00533,0.0,,0.5,15.0
2,4,12.0,8,0,8.0,8,56.0,4,388.7773502997001,204.1589994581634,7.840000000000001,4.0,12.2,8.3,0.0,8.2,8.1,55.1,4.1,166.6,8.3,304.1,2.0,938.4,15.4,3.09,0.05,39.0,0.7,2.25,0.06,202.62,6.62,2.784897065,0.08158120723,2.553313225,0.03838303137,1.090699346,0.03591247007,2.88349,0.0,,0.5,26.0
2,4,0.0,8,4,24.0,12,44.0,4,349.492183726434,180.5690469759004,8.4,4.1,0.0,8.4,4.1,23.9,12.1,43.3,4.1,135.8,6.6,241.5,2.1,864.2,55.1,3.58,0.23,41.8,2.9,1.84,0.08,180.09,9.6,2.131297978,0.04457662293,1.886665217,0.03588290606,1.129664107,0.03193531416,3.167,0.0,,0.5,28.0
2,4,12.0,0,0,16.0,8,52.0,8,400.6485160109938,250.0224047830627,7.800000000000001,4.4,12.1,0.0,0.0,16.2,8.1,50.9,8.2,198.3,6.8,392.9,3.6,1069.3,39.3,2.72,0.1,33.7,2.6,2.42,0.03,197.69,1.26,2.883425822,0.06347924986,2.702500797,0.05354170018,1.066947261,0.0316000455,2.62447,0.0,,0.5,18.0
2,0,24.0,8,0,12.0,16,32.0,8,215.3815047244339,165.7644628497346,6.640000000000001,0.0,23.8,8.3,0.0,12.2,16.3,31.5,8.2,145.9,5.5,270.7,4.3,957.6,3.6,3.54,0.06,40.3,0.2,1.96,0.05,193.2,7.63,3.089973283,0.09964628555,2.47143877,0.07599807647,1.250273048,0.05571150584,2.93871,0.0,,0.5,20.0
2,4,16.0,8,0,12.0,0,48.0,12,447.1938070880873,54.08506841785218,7.279999999999999,4.0,16.2,8.2,0.0,12.2,0.0,47.1,12.2,191.0,8.6,444.3,3.8,1180.3,43.8,2.66,0.1,41.6,2.7,2.64,0.07,212.29,7.68,3.098196412,0.1005410218,2.877461831,0.07236980223,1.076711558,0.04420617468,2.56335,0.0,,0.5,26.0
2,4,0.0,4,0,20.0,8,52.0,12,407.4644680504476,293.3946070671782,8.32,4.3,0.0,4.2,0.0,20.1,8.1,51.0,12.3,160.8,13.1,304.8,1.9,950.9,27.3,3.12,0.09,40.0,1.1,2.18,0.03,181.2,13.16,2.548546696,0.05646308733,2.381275015,0.0625485814,1.070244587,0.03677644114,2.91675,0.0,,0.5,18.0
2,0,16.0,0,4,20.0,20,28.0,12,223.103934746737,258.293050097505,7.16,0.0,15.9,0.0,4.1,19.3,20.4,27.9,12.4,166.0,3.4,256.1,0.0,515.8,0.0,2.01,0.0,16.8,0.0,2.03,0.1,178.26,6.77,2.404773219,0.05644312747,2.134813022,0.06310723921,1.126456132,0.04251913091,3.38255,0.0,,0.5,20.0
2,0,0.0,8,4,16.0,12,52.0,8,195.7659694594279,296.4379228845017,8.64,0.0,0.0,8.2,4.2,16.0,12.4,51.1,8.2,149.5,5.0,264.8,3.2,945.9,2.8,3.57,0.04,43.1,1.1,1.93,0.07,187.31,7.28,2.317706973,0.1103122023,2.110921122,0.03094534099,1.097960008,0.05468047634,2.991,0.0,,0.5,23.0
2,4,20.0,4,4,16.0,0,52.0,0,345.9032675204167,36.50664651400556,7.680000000000001,4.2,20.6,4.2,4.4,16.7,0.0,50.0,0.0,143.6,11.0,210.1,12.6,761.3,4.2,3.62,0.22,35.7,1.5,1.9,0.04,195.54,10.54,2.242756782,0.07528594253,1.992267793,0.08585544926,1.125730582,0.06149379396,3.20529,0.0,,0.5,32.0
2,0,16.0,8,4,16.0,20,36.0,0,108.1028713795258,75.52568151623113,7.52,0.0,16.1,8.3,4.1,16.0,20.2,35.3,0.0,136.3,4.8,257.3,5.1,801.2,9.0,3.11,0.07,34.3,2.5,1.9,0.11,189.94,8.73,2.200672234,0.06664918367,1.917960383,0.1185288449,1.147402341,0.07896596085,3.06898,0.0,,0.5,21.0
2,0,20.0,8,4,0.0,20,44.0,4,169.32512425966,136.9437151239273,7.320000000000001,0.0,18.6,8.0,4.2,0.0,20.5,44.8,3.9,161.2,5.8,319.3,0.7,1043.6,33.9,3.27,0.11,40.7,2.0,2.2,0.06,201.32,6.66,2.556149588,0.1055633851,2.30875664,0.100844351,1.10715419,0.06655249928,2.82163,0.0,,0.5,19.0
2,4,12.0,0,12,20.0,8,44.0,0,322.7523249258276,117.9586214229024,8.24,3.9,12.2,0.0,11.9,20.3,8.4,43.2,0.0,132.7,5.3,212.6,0.7,791.6,30.6,3.72,0.14,39.0,2.6,1.79,0.04,170.41,5.59,2.229616251,0.04513427555,1.978283306,0.04669855346,1.127045982,0.03504743218,3.24553,0.0,,0.5,29.0
2,4,8.0,4,4,16.0,12,48.0,4,364.1664645789403,228.3864762077781,8.08,4.1,8.2,4.2,4.2,16.1,12.2,47.0,4.1,140.2,3.8,284.2,34.3,988.8,52.7,3.48,0.46,41.2,2.3,2.42075,0.17104,177.9897,10.3923,2.687071331,0.180830548,2.409599116,0.1939386865,1.115152854,0.116994348,2.92064,0.0,60.0,0.5,26.24
2,4,16.0,0,4,12.0,8,52.0,4,372.3869585642555,195.2135088334576,7.800000000000001,4.2,15.0,6.199999999999999,4.2,12.2,8.2,52.2,4.1,151.5,5.7,301.0,6.6,1079.9,27.4,3.59,0.12,44.8,0.3,2.2272499999999997,0.149645,167.02587499999998,8.709520000000001,2.459800013,0.1340717898,2.100959156,0.1401642333,1.170798588,0.1008629476,3.055615,0.0,60.0,0.5,31.94
2,4,12.0,8,4,16.0,8,48.0,0,345.3217003626806,131.4777856296133,7.92,4.3,12.1,8.2,4.2,16.1,8.2,47.0,0.0,128.9,3.1,217.6,4.8,897.5,9.1,4.13,0.1,47.1,1.7,2.03375,0.12825,156.06205,7.02674,2.29609446,0.05376972209,1.952169157,0.04634067528,1.176175974,0.03921965728,3.19059,0.0,60.0,0.5,39.92
2,0,12.0,8,4,16.0,20,36.0,4,156.6231368096109,133.0353193339203,7.64,4.199999999999999,12.149999999999999,8.2,2.1,12.15,8.1,51.1,2.05,143.2,4.6,265.35,5.25,1028.9,12.5,3.92,0.09,47.45,1.3,2.166075,0.149905,168.16035499999998,10.176495,2.4179182355,0.0709487634,2.1146582875,0.10700113114000001,1.1457466589999998,0.065000380775,2.99082,0.0,60.0,0.5,40.57
2,4,12.0,8,0,8.0,8,56.0,4,388.7773502997001,204.1589994581634,7.840000000000001,4.1,12.2,8.2,0.0,8.2,8.0,55.2,4.1,157.8,3.7,313.1,5.7,1160.3,15.9,3.71,0.08,47.8,0.9,2.2984,0.17156,180.25866,13.32625,2.539742011,0.08812780471,2.277147418,0.167661587,1.115317344,0.09078110427,2.79105,0.0,60.0,0.5,38.83
2,4,0.0,8,4,24.0,12,44.0,4,349.492183726434,180.5690469759004,8.4,4.2,0.0,8.3,4.1,24.0,11.9,43.4,4.1,118.6,2.1,230.5,3.6,976.4,27.2,4.24,0.14,49.0,2.8,2.04183,0.1035,165.34178,8.62772,2.31177784,0.05042419579,1.967530737,0.05387252789,1.174964028,0.04113154191,3.09278,0.0,60.0,0.5,46.4
2,4,12.0,0,0,16.0,8,52.0,8,400.6485160109938,250.0224047830627,7.800000000000001,5.0,12.3,0.0,0.0,16.2,7.9,50.5,8.1,187.1,8.4,410.3,2.95,1259.2,26.2,3.07,0.12000000000000001,40.6,2.15,2.66481,0.18124,251.52542,11.8935,3.039233799,0.1057285086,2.67861407,0.1312484237,1.134629222,0.06818227329,2.56019,0.0,60.0,0.5,25.5
2,0,24.0,8,0,12.0,16,32.0,8,215.3815047244339,165.7644628497346,6.640000000000001,0.0,22.9,8.1,0.0,12.2,16.0,32.7,8.1,135.8,5.9,270.2,2.3,1049.1,25.2,3.88,0.1,45.4,1.5,2.30458,0.17062,163.61494,8.43557,2.615294809,0.07816016621,2.269412482,0.1238023045,1.152410515,0.07168275661,2.92772,0.0,60.0,0.5,33.91
2,4,16.0,8,0,12.0,0,48.0,12,447.1938070880873,54.08506841785218,7.279999999999999,4.9,16.1,8.2,0.0,12.0,0.0,46.6,12.1,200.9,8.0,317.95,6.45,1162.75,25.5,3.685,0.11,46.0,0.9,2.81816,0.09638,217.16004,11.87638,3.40986689,0.1263768285,2.957928758,0.06620633668,1.152788714,0.04991166569,2.66796,0.0,60.0,0.5,30.79
2,4,0.0,4,0,20.0,8,52.0,12,407.4644680504476,293.3946070671782,8.32,4.4,0.0,4.2,0.0,20.2,8.0,51.0,12.2,171.8,8.6,365.7,10.6,1276.4,25.8,3.49,0.12,46.6,0.3,2.34363,0.11628,221.13755,29.76582,2.784928647,0.1277054962,2.385855796,0.1035861118,1.167266124,0.07371154669,2.64478,0.0,60.0,0.5,35.98
2,0,16.0,0,4,20.0,20,28.0,12,223.103934746737,258.293050097505,7.16,0.0,16.1,0.0,4.0,20.1,20.3,27.4,12.0,154.4,4.1,348.8,9.55,1070.6,32.9,3.07,0.14,38.6,0.55,2.23035,0.14844,174.16814,5.95133,2.504361459,0.09978614404,2.134115292,0.03835851452,1.173489299,0.05129481409,2.71738,0.0,60.0,0.5,17.69
2,0,0.0,8,4,16.0,12,52.0,8,195.7659694594279,296.4379228845017,8.64,0.0,0.0,8.3,4.1,16.1,12.3,51.2,8.0,148.0,8.8,316.0,8.5,1101.1,40.0,3.48,0.16,43.5,0.8,2.24507,0.08134,234.50396,8.81364,2.520597211,0.1195855748,2.203732744,0.08643107544,1.143785342,0.07040650488,2.82016,0.0,60.0,0.5,32.26
2,4,20.0,4,4,16.0,0,52.0,0,345.9032675204167,36.50664651400556,7.680000000000001,4.0,20.4,4.1,4.2,16.3,0.0,51.0,0.0,106.8,2.1,176.8,2.3,800.2,3.2,4.53,0.06,42.0,1.1,2.0598,0.18693,182.79735,15.43856,2.135903911,0.05015469545,1.876787639,0.08852877819,1.138063714,0.05996673028,3.35442,0.0,60.0,0.5,101.01
2,0,16.0,8,4,16.0,20,36.0,0,108.1028713795258,75.52568151623113,7.52,0.0,16.1,8.2,4.0,16.0,20.3,35.3,0.0,132.1,2.4,259.4,3.4,953.9,46.1,3.68,0.18,41.4,2.4,2.0491,0.14439,229.87245,15.37128,2.344665897,0.08956774783,1.999719404,0.06000816761,1.172497447,0.05695715669,3.01655,0.0,60.0,0.5,34.3
2,0,20.0,8,4,0.0,20,44.0,4,169.32512425966,136.9437151239273,7.320000000000001,0.0,19.9,8.2,4.2,0.0,20.5,43.2,4.0,154.0,7.2,340.8,4.35,1095.8,27.9,3.22,0.145,41.0,2.1,2.24657,0.12215,263.51154,13.16373,2.517517871,0.09048418055,2.225225344,0.1031566729,1.131354125,0.06636397627,2.74209,0.0,60.0,0.5,39.16
2,4,12.0,0,12,20.0,8,44.0,0,322.7523249258276,117.9586214229024,8.24,4.1,12.3,0.0,11.8,20.4,8.1,43.2,0.0,124.5,5.0,209.6,5.3,846.1,9.7,4.04,0.11,42.4,1.8,2.65671,0.17891,141.59049,8.23314,2.498294295,0.08897432106,2.29152259,0.1111514885,1.090233326,0.06560581868,3.29358,0.0,60.0,0.5,43.31
2,4,0.0,4,4,16.0,12,56.0,4,359.9793981115457,293.9644933288605,8.72,4.216666667,0.0,4.18,4.080666667,16.32,12.06266667,55.00133333,4.140666667,156.5,3.2,310.2,8.3,1057.5,16.0,3.41,0.1,42.0,3.1,2.14464,0.08979,189.54369,12.07105,2.507592159,0.08461074232,2.204685483,0.1185458905,1.13739224,0.07220175876,2.84506,0.0,60.0,0.5,26.0
2,0,4.0,8,4,16.0,20,44.0,4,152.0880947071725,194.5287967164054,8.280000000000001,0.0,4.071333333,8.226666667,4.066666667,16.108,20.192,43.26666667,4.07,132.3,2.5,267.0,5.0,1019.4,17.6,3.82,0.095,46.7,1.9,2.06284,0.13965,199.97957,12.26028,2.162341855,0.0863530759,1.844308919,0.06372241502,1.172440166,0.06191286516,2.94218,0.0,60.0,0.5,41.0
2,4,8.0,0,12,20.0,8,48.0,0,320.8925365076139,135.7834854900219,8.56,3.977333333,8.11,0.0,11.90133333,20.35933333,8.217333333,47.43666667,0.0,124.8,4.0,232.6,1.7,911.2,19.2,3.92,0.09,42.1,0.7,1.89373,0.09843,189.50244,6.99077,2.362670313,0.07519440593,2.013460179,0.07703297967,1.173437815,0.05839721773,3.10753,0.0,60.0,0.5,43.0
2,0,24.0,4,0,8.0,4,36.0,24,347.8636350798642,276.7416732999185,6.44,0.0,20.5,4.2,0.0,8.1,4.0,38.9,24.4,203.7,5.4,431.54,9.4,1447.09,31.1,3.35,0.1,48.8,1.4,2.74,0.11,207.26,5.75,3.068837182,0.07517270695,2.803562934,0.06832998491,1.094620401,0.03782465394,2.44715,0.0,60.0,0.5,41.795
2,4,32.0,8,4,4.0,20,24.0,4,379.3546642476262,137.1925269358556,6.0,4.2,30.4,8.2,4.1,4.1,20.1,24.7,4.1,157.9,6.4,311.4,3.1,1127.03,11.7,3.62,0.05,48.8,0.5,2.22,0.08,195.91,8.51,2.698576915,0.09097072063,2.317471883,0.06233922303,1.164448611,0.05021999029,2.84059,0.0,60.0,0.5,40.59
2,4,0.0,12,4,4.0,16,52.0,8,388.7456018063563,218.7158454111235,8.32,4.1,20.75,12.3,4.1,4.1,16.1,51.2,8.2,162.2,4.4,307.14,2.5,1219.51,18.7,3.97,0.07,55.7,2.6,2.23,0.03,184.96,7.62,2.692431295,0.09515605891,2.320051187,0.06530043652,1.160505126,0.05243203982,2.80936,0.0,60.0,0.5,52.45
2,4,12.0,4,0,28.0,0,40.0,12,421.3504604958384,22.07993065135827,7.44,4.0,11.1,4.1,0.0,28.0,0.0,40.8,12.0,139.2,4.4,261.94,2.0,1097.43,35.3,4.19,0.14,50.6,2.3,2.11,0.1,193.96,8.01,2.581483816,0.09563907412,2.130959607,0.03829463959,1.211418465,0.04988197848,2.94135,0.0,60.0,0.5,33.47
2,0,44.0,12,0,4.0,4,12.0,24,365.6154192075509,100.7880385580747,4.6,4.0,20.433333333333334,2.7333333333333334,0.0,22.766666666666666,1.3,39.43333333333333,9.333333333333334,134.46666666666667,4.8,245.07666666666665,2.5,1031.8066666666666,23.96666666666666,4.213333333333334,0.11666666666666668,48.833333333333336,1.7333333333333334,1.99,0.07666666666666667,192.50333333333333,8.573333333333332,2.4604628933333332,0.10715934278,2.0482596296666666,0.06424343159333333,1.2003519773333333,0.06669381478666667,3.0157066666666665,0.0,60.0,0.5,38.57
2,0,16.0,20,0,4.0,4,36.0,20,326.8303149032857,230.7397973281698,6.72,4.0,29.766666666666666,1.3666666666666667,0.0,17.53333333333333,2.6,38.06666666666667,6.666666666666667,129.73333333333332,5.2,228.21333333333334,3.0,966.1833333333333,12.63333333333333,4.236666666666666,0.09333333333333335,47.06666666666666,1.1666666666666667,1.8699999999999999,0.05333333333333334,191.04666666666668,9.136666666666667,2.339441970666667,0.11867961144,1.9655596523333332,0.09019222359666666,1.1892854896666667,0.08350565109333333,3.090063333333333,0.0,60.0,0.5,43.67
2,4,40.0,0,0,12.0,4,36.0,4,389.3238462321857,26.04232959415593,5.96,4.0,39.1,0.0,0.0,12.3,3.9,36.7,4.0,125.0,5.6,211.35,3.5,900.56,1.3,4.26,0.07,45.3,0.6,1.75,0.03,189.59,9.7,2.218421048,0.1301998801,1.882859675,0.1161410156,1.178219002,0.1003174874,3.16442,0.0,60.0,0.5,48.77
2,4,8.0,12,4,4.0,24,40.0,4,358.7393511507548,216.993062247932,7.640000000000001,3.8,8.0,12.3,4.2,4.1,24.0,39.4,4.1,143.2,3.0,282.39,1.6,1143.09,11.7,4.05,0.05,54.6,0.5,2.08,0.03,171.77,7.72,2.399340119,0.04518620691,2.102915351,0.09692063026,1.140958963,0.05680602062,2.89893,0.0,60.0,0.5,40.11
2,0,4.0,8,0,4.0,28,40.0,16,252.2997273665236,301.6946369472245,7.64,2.8499999999999996,11.05,10.275,3.1500000000000004,4.1,19.0,41.325,8.174999999999999,159.27499999999998,3.55,316.3775,7.219999999999999,1207.25,9.44,3.875,0.068,52.575,0.8400000000000001,2.3200000000000003,0.045,182.57750000000001,8.0375,2.736625412,0.0793586868325,2.389405067,0.111155749295,1.1441638527500002,0.062161386060000004,2.805025,0.0,60.0,0.5,41.32666666666667
2,4,0.0,4,4,8.0,16,52.0,12,396.5403832310135,305.7714923116878,8.360000000000001,1.9,14.1,8.25,2.1,4.1,14.0,43.25,12.249999999999998,175.35,4.1,350.365,12.839999999999998,1271.4099999999999,7.18,3.7,0.08600000000000001,50.55,1.1800000000000002,2.56,0.06,193.385,8.355,3.0739107050000003,0.113531166755,2.675894783,0.12539086833000002,1.1473687425,0.0675167515,2.71112,0.0,60.0,0.5,42.54333333333333
2,0,24.0,4,0,4.0,32,20.0,16,259.1874967146512,186.8227346046893,6.08,0.95,17.15,6.225,1.05,4.1,9.0,45.175,16.324999999999996,191.425,4.65,384.35249999999996,18.459999999999997,1335.57,4.92,3.525,0.10400000000000001,48.525,1.52,2.8,0.075,204.1925,8.6725,3.411195998,0.1477036466775,2.9623844989999997,0.139625987365,1.15057363225,0.07287211694000001,2.617215,0.0,60.0,0.5,43.76
2,0,20.0,4,0,4.0,4,48.0,20,328.2655106976067,264.0820282142761,7.04,0.0,20.2,4.2,0.0,4.1,4.0,47.1,20.4,207.5,5.2,418.34,24.08,1399.73,2.66,3.35,0.12200000000000001,46.5,1.86,3.04,0.09,215.0,8.99,3.748481291,0.1818761266,3.248874215,0.1538611064,1.153778522,0.07822748238,2.52331,0.0,60.0,0.5,44.97666666666667
2,0,40.0,4,0,28.0,4,4.0,20,307.9533086162796,55.4810378310384,4.960000000000001,0.0,39.7,4.2,0.0,27.9,3.9,4.2,20.1,223.3,21.2,531.3,29.7,1312.87,0.4,2.47,0.14,28.2,2.2,2.54,0.16,203.53,12.28,3.20567522,0.1914464089,2.826750261,0.1128020834,1.134049677,0.08145472836,2.30775,0.0,60.0,0.5,46.19333333333333
2,4,0.0,12,16,4.0,12,52.0,0,328.4057089162708,147.3681638008699,8.96,4.4,0.0,12.1,15.7,4.1,12.4,51.3,0.0,138.3,2.2,269.65,3.7,1062.73,15.9,3.94,0.08,51.5,1.9,1.99,0.06,182.28,6.22,2.334064363,0.06446537373,2.010146987,0.07737945909,1.16114114,0.05501224356,2.95862,0.0,60.0,0.5,47.41
2,4,0.0,8,24,4.0,16,44.0,0,305.5829637793096,124.1429198290732,9.08,4.3,0.0,8.3,23.5,4.1,16.2,43.7,0.0,139.6,3.5,261.17,6.5,1060.66,6.9,4.06,0.11,52.6,0.3,1.98,0.07,171.74,6.93,2.341335723,0.06056501269,1.92673806,0.09305765937,1.215181125,0.06657860702,2.97953,0.0,60.0,0.5,51.3
2,4,36.0,0,0,4.0,4,40.0,12,450.3595499115717,78.4707024326171,6.039999999999999,4.15,6.1,6.25,13.75,12.1,16.1,37.55,4.1,135.95,3.7350000000000003,257.86,4.4,1064.96,17.5,4.13,0.11499999999999999,52.2,0.35,2.0549999999999997,0.115,167.015,7.645,2.3498730959999996,0.076105035995,1.97494445,0.083923788065,1.190446379,0.058367477880000004,2.970965,0.0,60.0,0.5,38.55
2,4,12.0,4,4,20.0,16,32.0,8,371.2558171822746,178.6020494063395,7.36,4.0,12.2,4.2,4.0,20.1,16.0,31.4,8.2,132.3,3.97,254.55,2.3,1069.26,28.1,4.2,0.12,51.8,0.4,2.13,0.16,162.29,8.36,2.358410469,0.0916450593,2.02315084,0.07478991676,1.165711633,0.05015634874,2.9624,0.0,60.0,0.5,25.8
2,4,8.0,0,0,4.0,8,52.0,24,462.0927583768108,351.4160270083012,7.56,4.0,8.2,8.2,4.014285714285714,4.1,8.0,51.2,24.4,199.9,11.04,449.1,0.9,1462.73,40.8,3.26,0.09,48.4,2.0,2.63,0.13,191.23,7.05,3.096089107,0.09696480201,2.663908773,0.1200780148,1.162235411,0.04985005639,2.44255,0.0,60.0,0.5,14.7
2,4,4.0,12,0,0.0,4,52.0,24,476.8966599264303,327.2830249688899,7.600000000000001,4.0,4.1,12.2,4.0285714285714285,4.1,3.9,51.3,24.4,320.6,11.79,719.13,12.5,1161.35,31.7,1.61,0.05,13.8,2.1,3.43,0.24,206.62,9.62,3.78895355,0.08121410342,3.35563821,0.2142223653,1.12913053,0.07603770591,2.22111,0.0,60.0,0.5,15.1
2,4,0.0,4,0,4.0,4,60.0,24,469.3217474139727,327.7652591912965,8.16,4.0,4.8999999999999995,4.2,4.042857142857143,4.1,4.0,59.3,24.5,200.0,8.8,445.73,2.2,1476.34,7.1,3.31,0.02,50.2,0.0,2.59,0.12,196.1,14.4,3.092614597,0.110348650696,2.701480512,0.180408615142,1.144785085,0.07741448869,2.4463,0.0,60.0,0.5,15.5
2,0,24.0,8,0,16.0,40,4.0,8,175.1346010450485,15.7291215938463,5.840000000000001,4.042857142857143,5.699999999999999,4.2,4.057142857142857,4.125,10.025,53.4,23.35,201.95,11.235,437.9475,2.242857142857143,1362.6174999999998,12.657142857142857,3.0975,0.04,43.775000000000006,0.5571428571428572,2.5774999999999997,0.16249999999999998,187.285,13.82,3.01691568775,0.139483197972,2.6434326277499998,0.14659486498399998,1.1410404615,0.07879127147000001,2.4736775,0.0,60.0,0.5,16.3
2,4,28.0,4,0,4.0,4,44.0,12,451.5894194002063,120.0716832763983,6.52,4.085714285714285,6.5,4.2,4.071428571428571,4.15,16.05,47.5,22.2,203.9,13.67,430.165,2.285714285714286,1248.895,18.214285714285715,2.885,0.06,37.35,1.1142857142857143,2.565,0.205,178.47,13.24,2.9412167785,0.168617745248,2.5853847434999997,0.112781114826,1.137295838,0.08016805425,2.501055,0.0,60.0,0.5,17.1
2,4,32.0,4,0,0.0,4,44.0,12,456.8727202281709,106.944525712153,6.28,4.128571428571428,7.3,4.2,4.085714285714285,4.175,22.075000000000003,41.6,21.049999999999997,205.85000000000002,16.105,422.38250000000005,2.3285714285714287,1135.1725000000001,23.771428571428572,2.6725,0.08,30.925,1.6714285714285715,2.5525,0.2475,169.655,12.66,2.8655178692499996,0.197752292524,2.52733685925,0.078967364668,1.1335512145,0.08154483703,2.5284325,0.0,60.0,0.5,17.900000000000002
2,0,8.0,0,4,4.0,28,36.0,20,266.0203086464975,368.9953511035376,7.48,4.171428571428572,8.1,4.2,4.1,4.2,28.1,35.7,19.9,207.8,18.54,414.6,2.3714285714285714,1021.45,29.32857142857143,2.46,0.1,24.5,2.2285714285714286,2.54,0.29,160.84,12.08,2.78981896,0.2268868398,2.469288975,0.04515361451,1.129806591,0.08292161981,2.55581,0.0,60.0,0.5,18.7
2,0,36.0,4,0,16.0,16,8.0,20,298.8294665033955,94.32288749998875,5.16,4.214285714285714,9.466666666666667,4.2,4.033333333333333,6.866666666666667,24.033333333333335,35.5,17.366666666666667,190.43333333333334,13.303333333333333,373.08333333333337,2.414285714285714,1046.9966666666667,34.885714285714286,2.9033333333333333,0.12,32.46666666666667,2.7857142857142856,2.3866666666666667,0.24333333333333332,167.03666666666666,11.833333333333334,2.731091730333333,0.16972780979,2.366420009,0.07228278584,1.1564161543333333,0.07289903868,2.6572233333333335,0.0,60.0,0.5,19.5
2,4,4.0,16,0,8.0,0,52.0,16,461.4457678375581,193.2440028277917,7.8,4.257142857142857,10.833333333333332,4.2,3.9666666666666663,9.533333333333333,19.96666666666667,35.300000000000004,14.833333333333332,173.06666666666666,8.066666666666666,331.56666666666666,2.4571428571428573,1072.5433333333333,40.44285714285714,3.3466666666666667,0.14,40.43333333333333,3.342857142857143,2.2333333333333334,0.19666666666666666,173.23333333333335,11.586666666666666,2.6723645006666668,0.11256877977999999,2.263551043,0.09941195717,1.1830257176666665,0.06287645755,2.758636666666667,0.0,60.0,0.5,20.3
2,4,12.0,4,4,12.0,16,36.0,12,396.7789960059682,234.3169462104923,7.319999999999999,4.3,12.2,4.2,3.9,12.2,15.9,35.1,12.3,155.7,2.83,290.05,2.5,1098.09,46.0,3.79,0.16,48.4,3.9,2.08,0.15,179.43,11.34,2.613637271,0.05540974977,2.160682077,0.1265411285,1.209635281,0.05285387642,2.86005,0.0,60.0,0.5,21.1
2,4,4.0,4,8,28.0,16,32.0,4,327.7257819094518,140.1637828026656,8.08,4.1,4.3,4.2,7.8,28.0,16.1,31.3,4.1,133.1,11.43,252.13,4.133333333333334,971.81,32.166666666666664,3.85,0.12666666666666668,46.3,3.3333333333333335,1.86,0.08,178.42,9.02,2.175357359,0.05084604494,1.806146392,0.1000236337,1.204419181,0.05158020627,3.04386,0.0,60.0,0.5,21.0
2,4,28.0,0,20,4.0,8,36.0,0,327.0148968573193,146.4525876975218,7.359999999999999,4.3,28.0,4.15,19.9,4.1,8.4,35.4,14.299999999999999,136.2,2.48,266.57,5.7666666666666675,920.36,18.333333333333332,3.45,0.09333333333333334,44.6,2.7666666666666666,1.81,0.1,168.2,8.3,2.133210909,0.07649558693,1.838586062,0.03592049515,1.160245339,0.03961610488,2.77553,0.0,60.0,0.5,19.8
2,0,12.0,4,0,4.0,16,40.0,24,319.5031118118955,383.9218091252056,7.120000000000001,4.35,12.1,4.1,19.799999999999997,4.3,16.1,39.0,24.5,198.1,12.44,406.38,7.4,1293.44,4.5,3.18,0.06,39.6,2.2,2.54,0.27,192.43,6.65,3.13763228,0.2576147833,2.691661495,0.3417943809,1.165686059,0.1364103695,2.5072,0.0,60.0,0.5,20.1
2,4,16.0,0,20,4.0,12,44.0,0,320.0360449010121,246.4268696064028,8.200000000000001,4.4,16.2,5.4975555555555555,19.7,4.2,12.3,43.3,19.066222222222223,119.7,3.33,218.75,4.1,870.7,4.7,3.98,0.08,44.6,1.3,1.79,0.05,173.17,6.24,2.14495846,0.0678724521,1.789396252,0.04614594167,1.198705126,0.03826361052,3.21961,0.0,60.0,0.5,25.0
2,4,28.0,4,0,8.0,0,40.0,16,472.8828193435298,40.80691225626065,6.359999999999999,2.2,12.181666666666667,6.895111111111111,9.85,14.112333333333336,10.231666666666667,43.232,13.632444444444445,120.29444444444445,3.733278940998476,197.25052676226824,2.7300389788425563,813.2381644394147,3.847671364659633,4.140133139239805,0.04811784633097382,42.238483789281204,0.8032539315665403,2.1738107321926554,0.27790051804927907,186.62309570893655,10.787545943729473,2.408551708614581,0.05711290876258725,2.1742236067580496,0.03734266820345762,1.1214494257459573,0.02931737803145838,3.2227550000000003,0.0,60.0,0.5,118.375
3,0,8.0,8,0,24.0,8,44.0,8,200.9990115794922,200.8764420237989,7.920000000000001,0.0,8.163333333333334,8.292666666666667,0.0,24.02466666666667,8.163333333333334,43.16400000000001,8.198666666666668,120.88888888888889,4.136557881996952,175.7510535245365,1.3600779576851132,755.7763288788294,2.995342729319266,4.300266278479611,0.016235692661947635,39.8769675785624,0.30650786313308065,2.5576214643853104,0.5058010360985581,200.0761914178731,15.335091887458946,2.672144957229162,0.04635336542517449,2.559050961516099,0.02853939473691524,1.044193725491915,0.02037114554291676,3.2259,0.0,50.0,2.0,211.75
3,0,16.0,8,0,8.0,12,44.0,12,254.8679542363877,286.2447801411867,7.28,0.0,16.17928571428572,8.243571428571428,0.0,8.172142857142857,12.102142857142857,42.989285714285714,12.31,186.0,9.604686356149273,353.506181551265,3.1168430940931877,947.917920370051,4.693635555026124,2.6814748081925273,0.032566262794331516,27.8375871698104,0.5681118524425107,2.5226836593467867,0.18131590317599838,247.04738928263248,28.54148080887844,2.867392284856583,0.04036155625638525,2.728522921196345,0.04245395879826785,1.050895435981659,0.02042904999896867,2.51963,0.0,40.0,1.0,107.39
3,0,32.0,8,0,8.0,12,32.0,8,222.1111932861971,139.4731438628181,6.2,0.0,31.958,8.314666666666666,0.0,8.152666666666667,12.309333333333337,31.064666666666668,8.200666666666667,136.55555555555554,5.410894360249309,261.272043239183,4.8736082305012625,1027.431770746895,6.391928380732982,3.9324213873365954,0.04889683292671541,42.467537333277605,0.8297158417519408,2.5546589207227086,0.13890212039744665,226.8795470541888,10.497724144894631,2.69856628242522,0.07816650331763057,2.48119631504937,0.07871486596753165,1.087606920120517,0.04110796108863122,2.65204,0.0,50.0,4.0,33.17
3,0,8.0,8,0,20.0,12,44.0,8,202.194963837585,248.5661415350371,7.88,0.0,8.097333333333331,8.043333333333331,0.0,20.11733333333333,12.357333333333331,43.20733333333333,8.176666666666666,112.44444444444444,6.064468466220084,184.9837238866585,6.739850660083259,839.5863935029075,12.87888910598071,4.538704140356321,0.23514473589481838,44.1724064910147,4.16580182295463,1.9985341996470891,0.16678830210008627,226.2679656778265,14.12337228814466,2.236414135478797,0.05056654075435479,2.080778332443259,0.05328362044164246,1.074796916427321,0.03284645773854172,3.05912,0.0,50.0,1.0,193.91
3,0,16.0,8,0,16.0,8,44.0,8,210.9339126528569,178.6203566306617,7.44,0.0,16.116,8.219333333333333,0.0,16.116,8.196000000000003,43.15866666666667,8.188,135.66666666666666,6.442049363362564,262.1828433491725,8.951319060537545,937.10560262301,19.783425806197258,3.574244564031148,0.04660067906937098,37.09821329702355,0.3856535930484996,2.407107576334737,0.1825572217493312,221.3070345258085,8.345465013231218,2.723840875447427,0.03218444598613583,2.34523607218114,0.06298554562354357,1.161435689889493,0.02596774746757929,2.59496,0.0,60.0,1.0,30.12
3,0,8.0,8,0,32.0,8,40.0,4,149.1594947288943,118.9568098794005,7.96,0.0,8.302666666666665,8.258000000000001,0.0,32.11133333333333,8.168666666666667,39.06933333333333,4.089333333333333,200.44444444444446,8.632947224313245,409.940171337235,6.95471277934168,680.576583078066,39.84729307952017,1.6601851456957937,0.18105938018599874,14.7336923682329,3.0677116615626856,2.2461801408206674,0.03160667693019303,256.638906635053,3.098198944260681,2.770141542225638,0.0955182826277823,2.522864717449887,0.02190586420594512,1.098014302180142,0.03537653387832442,2.5635,0.0,50.0,8.0,24.94
3,0,16.0,8,0,12.0,12,40.0,12,250.9650916696234,270.9294077436599,7.199999999999999,0.0,15.991999999999996,8.222,0.0,12.086666666666668,12.242,39.18333333333332,12.272666666666668,143.66666666666666,3.4999999999999996,253.358960108993,4.958106498145816,1022.6562959215901,59.91116035284308,4.036392853371562,0.3155180813026265,43.5058983892185,5.7497697300768715,2.4046829978037296,0.16222988075643816,221.74971454647425,14.426225375514967,2.897669796627089,0.0639948009536271,2.750538972189747,0.1867090803023085,1.053491634157872,0.06811396152727502,2.7199,0.0,50.0,8.0,62.98
3,0,16.0,8,0,12.0,12,40.0,12,250.9650916696234,270.9294077436599,7.199999999999999,0.0,16.158571428571427,8.220714285714285,0.0,12.148571428571428,12.208571428571432,39.105714285714285,12.157857142857145,144.33333333333334,3.6400549446402586,255.37187607537948,4.988551670158404,1029.209880959085,13.360647776396533,4.030239730295468,0.026415197036525413,42.9767392938696,0.81775958252697,2.6023508206164876,0.6340557061139818,231.11762422655434,47.771013806431775,2.672133456495738,0.2292467324156874,2.449468283703126,0.1166883118685953,1.090903472510363,0.09626605302176958,2.66769,0.0,50.0,4.0,55.9
3,0,28.000000000000004,12,0,12.0,8,36.0,4,170.5324511170283,80.10567210029828,6.6,0.0,27.932666666666663,12.276000000000002,0.0,12.15,8.234000000000002,35.32333333333334,4.083333333333333,118.88888888888889,8.631338250816034,180.4251686696895,5.589943474197434,830.963691376252,18.46690245092278,4.6055863353384225,0.04035778169926849,43.1978338728291,0.8549760193016787,2.075424642762707,0.2023947867792947,236.82632729196902,11.938802043849684,2.285003251968679,0.0665500335459127,2.087277623352406,0.1051668709352409,1.094728955268875,0.0544658837607143,3.01363,0.0,50.0,4.0,91.84
3,0,12.0,8,0,20.0,8,44.0,8,206.39692983714,190.7983101563522,7.680000000000001,0.0,12.26,8.199999999999998,0.0,20.09466666666667,8.173333333333332,43.08933333333333,8.182666666666666,139.11111111111111,4.675586713035179,234.4547694067285,23.453443504379738,897.9108657476785,86.47081070636567,3.8297828959495237,0.014363690317426266,39.3196526064079,0.8110387106133552,2.879964399446367,0.2537603524069398,212.62252358616567,20.246635768800818,2.660712972995158,0.1490114456185946,2.437375541808438,0.06492180444372433,1.091630291416239,0.06108888922020222,2.68663,0.0,50.0,4.0,27.95
3,0,36.0,8,0,8.0,12,28.000000000000004,8,223.9111527901352,123.2961241345713,5.880000000000001,0.0,35.714666666666666,8.158666666666667,0.0,8.147333333333332,12.109333333333332,27.705333333333336,8.166,122.77777777777777,4.81606109226663,197.47467951900802,4.890687446668187,895.0518499710785,13.373720607683794,4.5324891887464736,0.04454224180711419,46.082236712528854,0.7259072716108411,2.4270658040415203,0.18441199215797946,217.62943539927176,12.102356262284868,2.457381384612032,0.05254465197614559,2.24763065370127,0.04887380725489043,1.093320817886763,0.0292020769278956,2.97501,0.0,50.0,2.0,188.11
3,0,8.0,8,0,28.000000000000004,8,40.0,8,197.0636144918728,182.0366684171011,7.840000000000001,0.0,8.205384615384615,8.22,0.0,27.866923076923076,8.153846153846153,39.412307692307685,8.140000000000002,100.11111111111111,11.554220008291344,195.83826000201,2.503226412061574,800.952442169822,3.6678671026557863,4.089867026808762,0.07101199905577212,37.83471328680185,2.8326495791196837,2.3265179475587288,0.19411820718268424,199.2485406695358,12.386375041263022,2.703272692733113,0.05131323171671225,2.549527726668013,0.09520017112311333,1.060303312043611,0.04000654587744445,3.00903,0.0,60.0,2.0,64.37
3,0,8.0,8,0,32.0,8,40.0,4,149.1594947288943,118.9568098794005,7.96,0.0,8.252666666666666,8.277333333333335,0.0,31.900666666666663,8.231333333333334,39.215333333333334,4.121333333333333,107.22222222222223,5.477225575051662,161.2184028575885,1.2704947921712777,708.5721574430429,2.3163113562701114,4.395107164465316,0.02026909347066372,37.10134400484465,0.536372185487202,2.088401377107989,0.44229595498482904,207.8904165475073,23.184269638984297,2.283369602696814,0.0775988691355959,2.046546369102432,0.05297529328954381,1.115718479273083,0.04114851014071214,3.09284,0.0,40.0,2.0,117.68
3,0,24.0,8,0,8.0,8,40.0,12,261.5372610383831,205.8903332497384,6.76,0.0,24.220666666666663,8.24,0.0,8.06,8.114666666666666,39.202,12.162666666666668,125.8,5.99666574022598,245.030899078266,1.5161831026255805,1057.32360122397,35.77635782373584,4.315062325614074,0.17271124879376565,47.3849513170127,3.6623740877093804,2.7625206074717212,0.09147034580703498,220.6952892847917,13.830939152325998,2.755578996520981,0.06230940930170328,2.619973862077141,0.06048901969073917,1.051758201257905,0.03151466257332968,2.7551,0.0,50.0,1.0,101.7
3,0,24.0,8,0,12.0,8,36.0,12,258.6219208101834,192.9794738729455,6.679999999999999,0.0,23.982666666666667,8.204666666666666,0.0,12.109333333333334,8.18,35.437333333333335,12.092666666666666,154.22222222222223,4.176654695380556,269.0790436597715,8.442607140210058,1068.76329533831,6.8781380562476855,3.9719306297582726,0.09911005458042148,44.22191298561785,0.4851593380339045,2.7126890367525665,0.2514389992633827,219.03552663666022,16.59321827350262,2.998804851239282,0.1782584587311643,2.755221915683887,0.0685693437562182,1.088407737383627,0.06368927581186085,2.58951,0.0,50.0,1.0,44.16
3,0,12.0,8,0,8.0,12,48.0,12,252.765217489624,312.0935116589853,7.599999999999999,0.0,12.146,8.258666666666665,0.0,8.144666666666668,12.118666666666668,47.145999999999994,12.186,148.22222222222223,3.7006005518624194,272.6757609642905,1.9811446943738422,779.422873814183,44.28170519105566,2.858423759625103,0.14163258710194265,24.9329710458384,1.644086019249899,2.423388621736787,0.3828165805511558,222.21982212447722,13.43698743676021,2.710286274845573,0.217635019915557,2.58102842073369,0.0587401983501713,1.050079980938428,0.0831730376612433,2.76251,0.0,40.0,2.0,51.19
3,0,20.0,4,0,8.0,12,40.0,16,286.6338860416932,331.6417538454799,6.92,0.0,23.994333333333334,8.219999999999999,0.0,8.158666666666667,12.190666666666667,37.25666666666666,10.181666666666667,154.38888888888889,5.9742479531507495,282.37188219577627,3.147044822611579,916.0449497456415,32.86765686894011,3.231304223589711,0.16299540709037103,32.11635228720485,1.8332626675182586,2.571270201202391,0.3302995197101266,226.73612608381057,12.789785578080313,2.8077002506563247,0.12355065422121538,2.6620563506603685,0.06477389912828972,1.054574253602637,0.05478635383247245,2.6699849999999996,0.0,50.0,4.0,38.595
3,0,36.0,8,0,8.0,12,28.000000000000004,8,223.9111527901352,123.2961241345713,5.880000000000001,0.0,35.842666666666666,8.181333333333333,0.0,8.172666666666666,12.262666666666666,27.367333333333335,8.177333333333333,160.55555555555554,8.24789535443908,292.068003427262,4.312944950849316,1052.6670256771,21.453608546824565,3.6041846875543184,0.18435822707879937,39.2997335285713,2.022439315786618,2.719151780667995,0.27778245886909747,231.25243004314396,12.142583719400417,2.905114226467076,0.02946628852687374,2.743084280587047,0.07080759990640814,1.059068526266846,0.02639967000370159,2.57746,0.0,50.0,8.0,26.0
3,0,24.0,12,0,16.0,8,36.0,4,168.4308740170019,84.56241080458013,6.84,0.0,23.91466666666667,12.351333333333333,0.0,16.15666666666667,8.164666666666667,35.28133333333333,4.1306666666666665,120.77777777777777,3.527668414752788,171.634079461387,5.478845079087053,791.0362753336135,10.039560224709021,4.608853194050982,0.20572104706722774,40.068293537858494,2.2116159640549777,2.566511562658544,0.17420127486453024,209.95664024998285,17.10423029696666,2.597429354780377,0.0307715329992696,2.421649415733957,0.09199878313975245,1.072586864929474,0.03734791607404198,3.07067,0.0,50.0,8.0,140.01
3,0,44.0,12,0,8.0,12,20.0,4,180.9907510212047,69.40279779278072,5.28,0.0,43.46533333333333,12.262,0.0,8.120666666666667,12.192666666666666,19.87066666666667,4.090666666666667,127.11111111111111,8.992280640144141,202.637855675381,7.567968476453079,1000.8715328316,20.772275683163365,4.9392130088218185,0.1120276382658999,49.7223004333924,1.3493143314493454,2.299661573745641,0.3190978533208951,224.36221399713853,20.76540625539092,2.569180642656021,0.06062831713130614,2.881413777498622,0.2613299450934607,0.8916389109815206,0.1044187510591451,2.94805,0.0,60.0,2.0,82.55
3,0,16.0,12,0,12.0,8,40.0,12,256.2813520999204,222.8782930484327,7.159999999999999,0.0,15.991333333333332,12.352666666666668,0.0,12.079333333333334,8.150666666666668,39.25800000000001,12.168,141.3,2.1931712199461306,278.138405087326,9.657091873819105,1054.1731424845,31.504991141617705,3.790102780497089,0.018334229464572065,43.00516986149985,0.4870126988437129,2.4937113286215253,0.236010642228004,232.11753413421152,14.418963754333182,2.747289351136605,0.1270919398922359,2.468881571970802,0.08562516481968707,1.112766761405879,0.05578043680487931,2.59804,0.0,50.0,8.0,38.9
3,0,8.0,4,0,32.0,8,40.0,8,192.0751221274112,188.7040108810133,7.92,0.0,8.294,4.163333333333332,0.0,31.994000000000007,8.148,39.206,8.195333333333332,114.44444444444444,5.317685377847939,202.514837195642,1.0902983554553192,804.0652195150765,14.11366469906989,3.9704015303249074,0.09106915077839431,34.799510322592354,1.578375003704295,2.0605429189122995,0.18725322512689999,205.12104333142113,12.051533395126253,2.241779992304809,0.3080931682981698,2.167725886324679,0.07608020687548726,1.03416211728951,0.1415606157056933,2.98586,0.0,40.0,2.0,48.72
3,0,28.000000000000004,12,0,8.0,8,36.0,8,224.4760136253038,131.2495909399068,6.48,0.0,27.928666666666665,12.298666666666666,0.0,8.099999999999998,8.19,35.28066666666666,8.198666666666668,134.88888888888889,5.883120864907597,229.4297278746075,0.325902495161776,983.651481048593,2.4037623926485803,4.287375878274143,0.016567306944613114,43.9318255343168,1.2113592950440457,2.8690451685236975,0.2709167256444798,215.6241782437296,15.395352117345196,2.879509499395724,0.02213967241589674,2.763859137525643,0.1102239845269502,1.041843797427975,0.03904327967268965,2.82666,0.0,40.0,2.0,110.87
3,0,36.0,8,0,8.0,12,28.000000000000004,8,223.9111527901352,123.2961241345713,5.880000000000001,0.0,35.91733333333333,8.267999999999999,0.0,8.156666666666668,12.148666666666664,27.29933333333333,8.216,155.6,6.81469001496033,294.019961155018,22.5554645557788,1027.114459091343,51.325986276791575,3.493349414293035,0.09369838927326415,37.47796456869925,1.3419870380511951,2.136800115063118,0.1878663988944238,255.8826692676037,21.450378073279083,2.49404536750402,0.09081646137694643,2.267476182464976,0.09348168715561807,1.099921307571461,0.05225730799823506,2.49957,0.0,50.0,2.0,22.78
