Nb,Cr,V,W,Zr,PROP LT (K),PROP ST (K),PROP 500C CTE (1/K),PROP 1000C CTE (1/K),PROP 1500C CTE (1/K),EQ 1273K THCD (W/mK),EQ 1273K Density (g/cc),EQ 1523K THCD (W/mK),EQ 1523K Density (g/cc),EQ 2/3*ST THCD (W/mK),EQ 2/3*ST Density (g/cc),Pugh_Ratio_PRIOR,YS 1000C PRIOR,YS 1500C PRIOR,1000 Min Creep NH [1/s],1300 Min Creep NH [1/s],1500 Min Creep NH [1/s],SCHEIL ST,SCHEIL LT,Kou Criteria
0.95,0,0.05,0,0,2695.868051,2646.16173,7.85E-06,8.33E-06,8.78E-06,55.58712228,8.253299034,58.1936589,8.195566296,60.66864568,8.137772119,4.592775041,11.21724623,3.148613717,1.50E-12,8.49E-10,1.73E-08,2695.958048,2357.862423,633.1409625
0.95,0,0,0,0.05,2699.963067,2643.68163,7.74E-06,8.20E-06,8.63E-06,2.057492928,8.254702151,2.061184124,8.198116173,2.064322861,8.142065727,4.521035599,8.062923791,2.122559404,3.00E-14,4.17E-10,8.91E-08,2700.053066,2127.957441,954.8010816
0.9,0,0.1,0,0,2641.839474,2557.381254,7.97E-06,8.47E-06,8.97E-06,46.49464292,8.128082913,48.41531491,8.069872906,49.78033004,8.025935931,4.521035599,33.80208897,11.92660224,3.81E-12,1.74E-09,3.20E-08,2641.929471,2222.833846,797.5066347
0.9,0,0.05,0,0.05,2644.365686,2529.159591,7.86E-06,8.34E-06,8.81E-06,2.20891702,8.130623026,2.21340457,8.073533826,2.216051316,8.035067589,4.451355662,33.46714995,11.88091539,1.40E-11,5.40E-09,9.38E-08,2644.455683,1689.360058,1923.558518
0.95,0,0,0.05,0,2787.064923,2777.925693,7.58E-06,8.02E-06,8.43E-06,64.40823307,8.89354846,67.43677218,8.834022974,71.36534461,8.752545604,4.383647799,1.056391654,0.180802412,2.28E-14,7.22E-11,4.37E-09,2787.154919,2759.059294,34.75093602
0.9,0,0,0,0.1,2652.372727,2528.752148,7.74E-06,8.21E-06,8.65E-06,1.162672275,8.133187381,1.164001884,8.077219692,1.164772717,8.039681701,4.383647799,23.28583196,7.732809864,2.22E-14,3.12E-10,6.13E-08,2652.462727,2020.677727,1567.727242
0.9,0,0.05,0.05,0,2737.380133,2675.00895,7.70E-06,8.16E-06,8.61E-06,53.20006394,8.7688541,55.3947507,8.708702916,57.62374545,8.643523075,4.317829457,30.39433062,10.99830811,5.23E-13,3.75E-10,8.57E-09,2737.470132,2353.374507,703.2744442
0.9,0,0,0.05,0.05,2735.7342,2655.709282,7.58E-06,8.03E-06,8.45E-06,2.221422252,8.757486866,2.225423248,8.698640844,2.228934046,8.638309849,4.25382263,26.35350403,9.33497434,3.22E-13,1.61E-05,2.79E-08,2735.824198,2072.728573,1188.374402
0.85,0,0.1,0.05,0,2688.301749,2586.520258,7.82E-06,8.30E-06,8.79E-06,45.09637951,8.645570583,46.76709847,8.584825561,48.07245745,8.533946693,4.25382263,71.20055266,30.24045288,1.17E-11,6.78E-09,1.38E-07,2688.391745,2217.29612,874.4452361
0.85,0,0.05,0.05,0.05,2684.823849,2539.844218,7.70E-06,8.17E-06,8.63E-06,2.392012301,8.635131912,2.396924659,8.575670072,2.39994431,8.533797105,4.191553544,73.63068016,31.68344962,3.69E-06,3.78E-05,0.000226756,2684.913844,1669.818219,2164.24151
0.65,0,0.35,0,0,2381.118473,2277.249999,8.56E-06,9.18E-06,9.87E-06,25.88130136,7.51523599,26.63299301,7.455162373,26.61884196,7.45635859,4.191553544,155.739942,72.10918304,1.22E-10,2.59E-08,3.29E-07,2381.208473,2141.435348,246.2724459
0.9,0,0,0.1,0,2825.082612,2807.318759,7.42E-06,7.85E-06,8.26E-06,61.30835772,9.414263839,63.79672061,9.352528888,67.17669881,9.262768212,4.130952381,7.760240757,2.192450741,5.64E-06,5.42E-05,5.10E-09,2825.172609,2768.076984,73.3852164
0.85,0,0,0.05,0.1,2687.257835,2519.427354,7.59E-06,8.04E-06,8.47E-06,1.263531703,8.625292932,1.265004437,8.567107474,1.265826419,8.529558913,4.130952381,57.74687764,23.90179217,3.30E-12,4.53E-06,4.15E-07,2687.347829,2017.252204,1591.454305
0.8,0,0.1,0.1,0,2734.056431,2617.66618,7.66E-06,8.13E-06,8.62E-06,44.06914242,9.170029657,45.53631029,9.106841937,46.79313764,9.048292189,4.014492754,117.8791402,56.3788947,2.52E-13,3.19E-10,9.44E-09,2734.146428,2214.050803,959.0346696
0.65,0,0.3,0.05,0,2500.762259,2347.163586,8.29E-06,8.87E-06,9.51E-06,28.36561404,8.164423363,29.17838305,8.101623606,29.31005202,8.09076629,4.014492754,225.3458792,115.3589253,1.66E-11,4.07E-08,2.32E-06,2500.852257,2142.756632,359.9397222
0.5,0,0.5,0,0,2247.458323,2192.323737,8.92E-06,9.61E-06,1.04E-05,21.81077906,7.153736944,22.41348577,7.092984314,22.26856775,7.108309485,4.014492754,196.4062872,93.68286718,3.94E-10,6.70E-08,7.65E-07,2247.548318,2135.177693,86.20842608
0.75,0.05,0.2,0,0,2481.373408,2360.045622,8.24E-06,8.83E-06,9.53E-06,33.77502139,7.836494652,34.81793838,7.768631928,35.01122174,7.7559231,3.995670996,162.9127145,77.17028387,2.79E-17,1.00E-12,3.02E-10,2474.912357,2009.816732,667.4414216
0.8,0,0.05,0.1,0.05,2726.042952,2550.11487,7.54E-06,8.00E-06,8.46E-06,2.600122459,9.145985202,2.605513237,9.084244751,2.608955892,9.038953444,3.95851216,126.7554501,61.76529402,7.37E-13,1.14E-09,4.07E-08,2726.132947,1654.037322,2364.207278
0.75,0,0.15,0.1,0,2689.938811,2542.596926,7.78E-06,8.28E-06,8.80E-06,38.59384834,9.050334723,39.78945032,8.986464915,40.58215957,8.940660716,3.95851216,175.6168427,89.49077489,9.95E-13,6.40E-10,1.39E-08,2690.02881,2171.933185,866.4194754
0.45,0,0.55,0,0,2211.133715,2172.859605,9.03E-06,9.75E-06,1.06E-05,21.1454261,7.03347943,21.73383875,6.972578909,21.56222302,6.99116907,3.95851216,200.8683535,95.82831825,5.04E-10,8.27E-08,9.27E-07,2211.22371,2134.215585,56.92154977
0.6,0,0.35,0.05,0,2457.099881,2308.793044,8.41E-06,9.01E-06,9.70E-06,26.28745159,8.046591715,27.01862827,7.983359642,27.06461759,7.979127028,3.95851216,253.8684265,132.0382254,3.26E-11,9.31E-09,1.36E-07,2457.189876,2140.094251,263.6440798
0.7,0.05,0.25,0,0,2430.756254,2319.588849,8.35E-06,8.97E-06,9.71E-06,30.41600871,7.705569463,31.26554967,7.644708885,31.34223963,7.638787142,3.94017094,189.1206526,91.60060781,1.95E-06,1.16E-05,4.99E-05,2422.15814,2029.062515,480.9069606
0.85,0,0,0.15,0,2864.226852,2838.147954,7.27E-06,7.68E-06,8.08E-06,58.9239974,9.941142275,60.99097353,9.877299589,63.93530297,9.778732718,3.903954802,22.35104361,8.101346672,4.66E-06,4.50E-05,6.80E-09,2864.316851,2779.221226,113.8030153
0.55,0,0.4,0.05,0,2415.360344,2276.679492,8.52E-06,9.15E-06,9.88E-06,24.70055384,7.929518236,25.37555691,7.865887189,25.36186717,7.867256782,3.903954802,276.7276876,145.4208234,4.95E-11,1.30E-08,1.84E-07,2415.45034,2137.354715,192.6851644
0.4,0,0.6,0,0,2180.67632,2157.160659,9.15E-06,9.89E-06,1.08E-05,20.77759279,6.913097966,21.36708251,6.852090822,21.17068973,6.873317954,3.903954802,199.9293877,94.94262231,6.01E-10,9.66E-08,1.07E-06,2180.76632,2133.670695,34.33115951
0.65,0.05,0.3,0,0,2381.723401,2284.377184,8.47E-06,9.11E-06,9.89E-06,27.78162011,7.582578633,28.52723166,7.521428263,28.52699562,7.521449047,3.886075949,211.9055051,104.2785179,4.99E-07,4.27E-10,1.52E-05,2370.670986,2043.575361,350.9772677
0.3,0,0.7,0,0,2140.916082,2136.55474,9.39E-06,1.02E-05,1.11E-05,20.97007064,6.671316338,21.61494547,6.610225886,21.36463262,6.634906592,3.798898072,179.9768821,83.25027849,6.87E-10,1.12E-07,1.26E-06,2141.006076,2132.049826,6.851130688
0.75,0,0.05,0.15,0.05,2768.272646,2559.742557,7.39E-06,7.84E-06,8.29E-06,2.83826281,9.662512485,2.844193479,9.598594495,2.848113839,9.549935037,3.74829932,190.422103,101.3376615,1.30E-12,4.21E-09,2.42E-08,2768.362641,1640.267016,2508.301475
0.7,0,0.15,0.15,0,2739.348627,2576.10668,7.62E-06,8.11E-06,8.63E-06,38.35095317,9.583435057,39.4361367,9.517101255,40.24539514,9.463177499,3.74829932,242.513966,132.7961647,6.82E-13,4.81E-10,1.09E-08,2739.438623,2169.342998,952.2499943
0.5,0.05,0.45,0,0,2251.911896,2204.315156,8.83E-06,9.54E-06,1.04E-05,23.02056126,7.215931177,23.6092618,7.154138213,23.4868419,7.167780832,3.731707317,253.9798691,127.4705586,2.75E-20,8.44E-16,1.21E-13,2231.46885,2073.373225,144.0395986
0.65,0.05,0.25,0.05,0,2500.157459,2346.389181,8.20E-06,8.80E-06,9.54E-06,30.49878084,8.238656468,31.30753784,8.173231605,31.43362833,8.1622193,3.731707317,296.0770714,159.1643057,6.24E-11,1.91E-08,2.89E-07,2493.935543,2028.839918,483.9737543
0.8,0,0,0.2,0,2904.598291,2870.404726,7.11E-06,7.52E-06,7.91E-06,57.12314583,10.47346456,58.85139482,10.40762293,61.4364853,10.2997297,3.698924731,44.6221307,18.87858105,3.64E-06,3.57E-05,1.01E-08,2904.688287,2790.592662,155.3871199
0.5,0,0.4,0.1,0,2487.634835,2312.423587,8.37E-06,8.99E-06,9.70E-06,25.44673376,8.472169785,26.12199742,8.405330723,26.1707575,8.400174237,3.698924731,378.7782529,213.9560386,1.32E-11,5.23E-09,8.99E-08,2487.724835,2136.62921,230.0765686
0.45,0.05,0.5,0,0,2217.514786,2185.003311,8.94E-06,9.68E-06,1.06E-05,22.20501389,7.094026832,22.77683962,7.032098633,22.62900778,7.049042398,3.682730924,257.409148,129.0042724,1.18E-09,3.46E-07,4.96E-06,2193.751246,2080.655621,105.3421873
0.6,0.05,0.3,0.05,0,2456.836692,2312.483183,8.32E-06,8.95E-06,9.72E-06,28.09910631,8.117509297,28.8113182,8.053143427,28.86250234,8.048140739,3.682730924,325.4765898,176.9646309,1.51E-10,3.96E-08,5.87E-07,2449.141341,2043.045716,350.8436649
0.45,0,0.45,0.1,0,2452.332436,2287.162411,8.48E-06,9.13E-06,9.88E-06,24.44479099,8.359902822,25.09713163,8.292558952,25.1016308,8.29206396,3.650730412,395.7320974,224.2011158,1.84E-11,6.95E-09,1.17E-07,2452.422434,2135.326809,179.0074608
0.15,0,0.85,0,0,2136.532808,2134.909034,9.74E-06,1.06E-05,1.17E-05,24.62486684,6.303379287,25.6119583,6.24251734,25.22247233,6.267423477,3.650730412,100.6181496,41.31060571,4.73E-10,9.20E-08,1.13E-06,2136.622804,2132.666554,
0.4,0.05,0.55,0,0,2189.054073,2169.096999,9.06E-06,9.82E-06,1.08E-05,21.70969852,6.972029943,22.2795163,6.910008053,22.1083449,6.929670103,3.634920635,254.6339519,126.9025823,4.34E-07,1.69E-05,5.05E-05,2162.574255,2086.47863,76.75305854
0.55,0.05,0.35,0.05,0,2415.352553,2283.394569,8.43E-06,9.09E-06,9.90E-06,26.24837212,7.998642461,26.90312379,7.933888749,26.90126086,7.934087233,3.634920635,348.4812638,190.821148,1.25E-10,3.35E-08,4.77E-07,2406.062102,2054.966477,259.5937818
0.1,0,0.9,0,0,2147.565334,2144.097329,9.86E-06,1.07E-05,1.19E-05,27.59412642,6.178507487,28.87915405,6.117825394,28.4016373,6.141171987,3.603674541,62.42850592,23.26112151,3.56E-10,7.66E-08,1.05E-06,2147.655332,2136.559707,14.5009173
0.35,0.05,0.6,0,0,2167.111795,2156.573401,9.18E-06,9.97E-06,1.10E-05,21.52995067,6.849779389,22.11343287,6.787706848,21.91880661,6.809504187,3.588235294,245.1242195,120.9144978,5.15E-14,4.64E-05,7.23E-10,2139.151013,2092.055388,53.78353143
0.05,0,0.95,0,0,2163.361423,2159.677442,9.98E-06,1.09E-05,1.20E-05,32.53130717,6.052129365,34.38832268,5.991683799,33.77107511,6.012410267,3.55771725,23.23562716,7.026594724,2.63E-10,7.53E-08,1.11E-06,2163.451421,2148.355796,23.36327217
0.3,0.05,0.65,0,0,2151.924397,2147.497765,9.30E-06,1.01E-05,1.12E-05,21.68557972,6.727104194,22.30122185,6.665025735,22.08094563,6.688361875,3.542635659,228.385735,110.8699561,2.01E-14,3.90E-11,3.31E-10,2124.210048,2098.114423,36.43882256
0.75,0,0,0.25,0,2946.260268,2904.103781,6.96E-06,7.35E-06,7.74E-06,55.81583381,11.01046274,57.26382247,10.94273791,59.54142522,10.82500011,3.512820513,73.31580673,34.50064408,2.65E-06,2.66E-05,1.69E-08,2946.350265,2804.25464,197.9854792
0.5,0,0,0,0.5,2267.405251,2073.330391,7.76E-06,8.30E-06,8.82E-06,0.766363231,7.269780397,0.767468408,7.218219122,0.766874915,7.247535311,3.512820513,54.70722393,21.56753521,1.47E-14,2.45E-10,5.67E-08,2267.495245,2016.327745,20.47888256
0.15,0,0.8,0.05,0,2226.507648,2181.365789,9.47E-06,1.03E-05,1.13E-05,25.84614838,7.005106239,26.8572415,6.939578649,26.58289525,6.958160908,3.512820513,177.3707275,83.78772098,1.16E-10,3.62E-08,5.55E-07,2226.597643,2133.502018,61.77897238
0.6,0,0.2,0.2,0,2752.654918,2549.085203,7.58E-06,8.08E-06,8.63E-06,34.81635309,10.00930386,35.69106428,9.939711667,36.28140893,9.888241926,3.512820513,385.0405446,228.6431834,7.07E-13,5.04E-10,1.15E-08,2752.744913,2151.649288,863.4830549
0.55,0.05,0.3,0.1,0,2524.27481,2342.967302,8.16E-06,8.78E-06,9.54E-06,28.58641454,8.659795275,29.27145902,8.592301516,29.37392821,8.58129636,3.498084291,438.3123315,254.7304342,4.40E-11,1.46E-08,2.31E-07,2518.403369,2043.307744,372.8556072
0.25,0.05,0.7,0,0,2143.386339,2142.03069,9.41E-06,1.02E-05,1.13E-05,22.22844654,6.603822043,22.9006196,6.541784316,22.6501215,6.566034706,3.498084291,204.0089257,96.73093156,2.16E-10,2.57E-07,7.82E-06,2117.78909,2103.693465,24.04304546
0.1,0,0.85,0.05,0,2228.955233,2188.635645,9.58E-06,1.04E-05,1.15E-05,28.84055523,6.888915037,30.14830057,6.823330186,29.8171536,6.840645707,3.468948035,122.538253,53.95459201,2.33E-19,1.18E-14,5.01E-09,2229.04523,2137.949605,72.67590973
0.7,0,0.05,0.25,0,2909.137166,2806.230832,7.07E-06,7.49E-06,7.92E-06,48.42429784,10.89302602,49.62704783,10.82420851,51.21734963,10.72335137,3.468948035,183.779813,100.204588,5.20E-07,1.97E-05,0.000172297,2909.227163,2347.131538,1000.737985
0.5,0.05,0.35,0.1,0,2486.833267,2315.350791,8.28E-06,8.92E-06,9.72E-06,26.92644893,8.544703208,27.56942395,8.476685082,27.62029374,8.470841477,3.454545455,463.2870185,270.4847525,9.02E-14,5.45E-05,0.000373578,2479.923695,2055.82807,280.2272085
0.2,0.05,0.75,0,0,2141.126539,2140.437647,9.53E-06,1.04E-05,1.15E-05,23.25939737,6.479737592,24.02375862,6.417789404,23.73522908,6.442285339,3.454545455,171.7700703,78.68553116,3.39E-11,8.60E-11,2.76E-09,2119.279987,2108.184362,16.40781688
0.05,0,0.9,0.05,0,2236.803085,2201.646666,9.70E-06,1.06E-05,1.17E-05,33.82540891,6.77201485,35.69886205,6.706418387,35.28601107,6.721421294,3.426065163,61.16215826,23.51075929,9.25E-11,3.28E-08,5.36E-07,2236.893082,2150.797457,79.64113768
0.35,0,0.5,0.15,0,2493.822331,2308.035207,8.45E-06,9.10E-06,9.89E-06,25.19920251,8.806987602,25.88388582,8.735769185,25.92559914,8.731122207,3.426065163,492.2642253,292.0272688,5.93E-14,2.90E-10,3.68E-08,2493.912327,2133.816702,202.3275647
0.3,0.05,0.6,0.05,0,2258.199938,2196.384093,9.02E-06,9.80E-06,1.08E-05,23.02207356,7.411975693,23.6562707,7.345810545,23.51100306,7.361900659,3.411985019,343.7759786,184.3740956,6.72E-13,2.65E-05,19817882.58,2241.484797,2092.389172,82.99911146
0.15,0.05,0.8,0,0,2144.600737,2143.105252,9.65E-06,1.05E-05,1.17E-05,24.96470414,6.354640522,25.87912495,6.292833114,25.53963918,6.31684301,3.411985019,131.8548316,57.33204027,2.73E-06,2.84E-10,1.65E-08,2127.668375,2112.57275,21.89974642
0.45,0.05,0.4,0.1,0,2451.376098,2292.19175,8.39E-06,9.06E-06,9.91E-06,25.72232278,8.43064009,26.34133925,8.362127762,26.35357749,8.360662008,3.411985019,478.6107746,279.7688558,1.97E-13,3.21E-09,1.68E-07,2443.406075,2065.31045,221.5274059
0.4,0.1,0.5,0,0,2191.37114,2174.016154,8.97E-06,9.76E-06,1.08E-05,22.74230777,7.031860532,23.28692554,6.968807512,23.13118046,6.988034987,3.39800995,314.205209,163.1192981,3.43E-07,1.45E-05,2.35E-05,2142.814875,2034.71925,123.1571975
0,0,0.95,0.05,0,2249.306579,2221.538556,9.82E-06,1.07E-05,1.19E-05,42.94416205,6.6541993,46.11027817,6.588639244,45.57258716,6.600070626,3.384138786,6.308777417,1.486371624,6.90E-06,7.14E-05,1.49E-09,2249.396574,2186.300949,50.6879682
0.3,0,0.55,0.15,0,2466.941774,2293.960933,8.56E-06,9.25E-06,1.01E-05,25.21689442,8.701440156,25.93443296,8.629628227,25.95204155,8.627744593,3.384138786,480.9451833,283.3251272,1.17E-11,5.20E-09,9.42E-08,2467.031771,2132.936146,185.1918895
0.4,0.05,0.45,0.1,0,2418.415058,2273.071154,8.51E-06,9.20E-06,1.01E-05,24.92380785,8.317498948,25.53546162,8.248522945,25.51745439,8.250713514,3.37037037,483.4615184,282.0089632,1.71E-06,1.85E-05,7.27E-08,2409.399569,2074.303944,182.2077103
0.1,0.05,0.85,0,0,2153.171322,2150.564639,9.77E-06,1.07E-05,1.19E-05,27.69932297,6.228303298,28.86907344,6.166690656,28.45647587,6.189397493,3.37037037,85.41837242,34.07857833,1.99E-07,1.29E-06,1.03E-06,2141.801167,2120.705542,32.54099627
0.25,0.05,0.65,0.05,0,2241.763193,2189.659235,9.14E-06,9.94E-06,1.10E-05,23.50833368,7.295235286,24.19774504,7.228900104,24.02746073,7.246262096,3.37037037,313.959033,165.3085084,1.82E-06,1.36E-08,2.18E-07,2225.285351,2098.189726,76.0682689
0.35,0.1,0.55,0,0,2171.117902,2162.451129,9.09E-06,9.90E-06,1.10E-05,22.43624802,6.907987521,22.99119366,6.844897481,22.81554201,6.86613112,3.356703567,301.6478717,154.9644445,1.61E-13,3.48E-05,0.000170813,2119.546658,2046.451033,94.87839554
0.7,0,0,0.3,0,2989.251437,2939.280463,6.80E-06,7.18E-06,7.56E-06,54.94177201,11.55132215,56.15102299,11.48183671,58.15514924,11.35373712,3.343137255,106.7669457,54.30353955,1.73E-06,1.83E-05,3.36E-08,2989.341432,2818.245807,241.6231191
0.25,0,0.6,0.15,0,2443.418174,2284.218912,8.68E-06,9.39E-06,1.03E-05,25.70019015,8.596970112,26.47913569,8.524590944,26.4785665,8.524647367,3.343137255,454.9071372,264.8415884,1.27E-11,5.70E-09,1.04E-07,2443.508172,2133.412547,176.7795769
0.4,0,0,0,0.6,2144.533312,2043.044185,7.77E-06,8.32E-06,8.86E-06,0.999212719,7.080099458,1.001317006,7.029509809,1.000015307,7.062351725,3.343137255,35.24377094,12.57581707,4.84E-08,2.31E-06,1.73E-05,2144.623309,2016.360184,8.24527165
0.05,0.05,0.9,0,0,2166.165282,2163.523946,9.89E-06,1.08E-05,1.21E-05,32.20130242,6.100478568,33.84738447,6.039117767,33.32027619,6.059591097,3.32967033,36.35101024,12.1716894,4.50E-06,6.85E-05,1.93E-08,2160.571009,2137.475384,36.54514521
0.2,0.05,0.7,0.05,0,2231.336098,2186.637472,9.26E-06,1.01E-05,1.12E-05,24.50422275,7.178346142,25.28451773,7.111881299,25.08523712,7.12983818,3.32967033,272.9882571,139.9350767,2.87E-06,1.78E-05,5.89E-05,2216.322863,2104.227238,76.23600183
0.3,0.1,0.6,0,0,2157.242304,2153.887926,9.21E-06,1.00E-05,1.12E-05,22.476889,6.783718661,23.05907862,6.720636634,22.86151896,6.743344516,3.316301703,280.9518102,142.0878667,1.34E-14,2.59E-11,3.15E-10,2105.969316,2057.873691,73.26833364
0.2,0,0.65,0.15,0,2423.880637,2278.671537,8.80E-06,9.53E-06,1.04E-05,26.75827277,8.493484798,27.63994051,8.420564914,27.62654601,8.421744378,3.303030303,413.0398108,236.1639364,1.29E-11,5.97E-09,1.10E-07,2423.970634,2133.875009,179.0118745
0.65,0,0.05,0.3,0,2954.610757,2842.627055,6.92E-06,7.32E-06,7.74E-06,48.14518697,11.4357965,49.185784,11.36510027,50.65340304,11.25384852,3.303030303,232.365352,132.938048,4.16E-10,7.64E-07,5.64E-05,2954.700756,2348.605131,1072.903229
0.15,0.05,0.75,0.05,0,2226.806319,2187.590616,9.38E-06,1.02E-05,1.13E-05,26.19504073,7.061141445,27.12356463,6.994588949,26.88814831,7.012409502,3.289855072,220.5552258,108.6474279,6.02E-06,9.60E-05,0.000379909,2214.460903,2110.365278,82.15122311
0.25,0.1,0.65,0,0,2149.414677,2148.567506,9.32E-06,1.02E-05,1.14E-05,22.9073163,6.658869762,23.53858238,6.595842712,23.31526198,6.619451118,3.27677497,251.6259519,124.4226519,1.25E-10,1.92E-07,6.98E-06,2101.951712,2068.856087,53.48227269
0.15,0,0.7,0.15,0,2408.914767,2277.356601,8.92E-06,9.67E-06,1.06E-05,28.59987182,8.390888799,29.65102845,8.317455057,29.63138826,8.318912323,3.263788969,354.2885103,197.1594645,1.24E-11,5.96E-09,1.13E-07,2409.004766,2136.909141,185.6934716
0.4,0.05,0.4,0.15,0,2521.673055,2327.57004,8.24E-06,8.89E-06,9.73E-06,26.80808819,8.987656396,27.43511572,8.915833597,27.50428222,8.907186953,3.250896057,583.4090803,356.521857,1.20E-06,1.88E-05,1.58E-07,2515.657055,2066.56143,265.8680155
0.1,0.05,0.8,0.05,0,2227.810886,2192.918308,9.49E-06,1.04E-05,1.15E-05,28.93455308,6.943442543,30.11463424,6.876846261,29.83089029,6.89372199,3.250896057,157.0770127,72.64564604,9.11E-07,1.71E-07,2.30E-06,2219.097,2120.001375,92.00946379
0.2,0.1,0.7,0,0,2147.150829,2146.773986,9.44E-06,1.03E-05,1.15E-05,23.81640699,6.533243632,24.52803683,6.470320701,24.27252462,6.494208135,3.238095238,213.347465,102.1329926,1.79E-13,2.10E-10,6.06E-09,2106.519961,2079.424336,44.74767621
0.1,0,0.75,0.15,0,2398.941455,2280.500342,9.04E-06,9.81E-06,1.08E-05,31.6295895,8.289083318,32.97178592,8.215163006,32.95767359,8.215985591,3.225385528,277.8976172,148.2997599,1.11E-11,5.69E-09,1.11E-07,2399.031454,2142.935829,193.0948312
0.35,0.05,0.45,0.15,0,2491.479499,2310.109048,8.36E-06,9.04E-06,9.91E-06,26.24153403,8.879139309,26.87627843,8.806706975,26.91800904,8.801525609,3.212765957,582.3511975,354.5369639,2.67E-17,1.50E-12,4.21E-10,2484.856409,2075.760784,228.2942066
0.05,0.05,0.85,0.05,0,2233.818564,2203.17452,9.61E-06,1.05E-05,1.17E-05,33.45477945,6.825057102,35.10085118,6.758463015,34.74736268,6.773479615,3.212765957,85.07432743,35.01138592,2.00E-18,1.08E-09,8.37E-09,2229.359311,2139.263686,92.77097214
0.3,0.1,0.55,0.05,0,2257.102954,2199.941936,8.93E-06,9.73E-06,1.08E-05,23.87313347,7.473582961,24.46583024,7.406337649,24.33637428,7.422108654,3.200235571,408.2690751,225.808067,1.05E-13,5.10E-10,3.11E-08,2225.788933,2047.693308,121.0709635
0.15,0.1,0.75,0,0,2149.903279,2148.845269,9.56E-06,1.05E-05,1.17E-05,25.37025747,6.406628129,26.21191584,6.343860914,25.91367852,6.367350348,3.200235571,166.1792746,75.80839798,5.53E-15,4.81E-11,7.15E-09,2118.268883,2089.173258,42.89199639
0.05,0,0.8,0.15,0,2394.117188,2288.541965,9.15E-06,9.96E-06,1.10E-05,36.69863155,8.187965456,38.58841434,8.113586391,38.60866043,8.11274821,3.187793427,184.1692484,91.50101626,9.38E-12,5.17E-09,1.04E-07,2394.207185,2158.11156,194.7522622
0.2,0,0.6,0.2,0,2519.236924,2330.761666,8.53E-06,9.22E-06,1.01E-05,28.33865113,9.172538507,29.23641703,9.096554364,29.34427992,9.086748622,3.187793427,504.7732221,302.6143261,4.26E-12,2.44E-09,5.02E-08,2519.326919,2136.231294,251.6648556
0.3,0.05,0.5,0.15,0,2463.916508,2296.50951,8.47E-06,9.18E-06,1.01E-05,26.10458997,8.771829207,26.76660523,8.698813633,26.78706375,8.696365141,3.175438596,566.8664194,342.5860979,3.47E-12,3.37E-05,2.45E-07,2456.821579,2083.725954,208.5562868
0,0.05,0.9,0.05,0,2244.209197,2219.10739,9.73E-06,1.07E-05,1.19E-05,41.50890116,6.705776974,44.16567312,6.639233456,43.70183717,6.651333969,3.175438596,15.64679928,4.54056903,5.49E-10,4.54E-07,1.75E-05,2244.299197,2186.203572,49.15286651
0.1,0.1,0.8,0,0,2157.115157,2155.186842,9.68E-06,1.06E-05,1.19E-05,27.88286202,6.278793913,28.94253345,6.216236775,28.58365669,6.23858559,3.163170163,111.1158003,46.88798039,5.39E-07,4.94E-06,3.66E-07,2135.739988,2101.644363,52.73982351
0.25,0.1,0.6,0.05,0,2241.0172,2193.634652,9.05E-06,9.87E-06,1.10E-05,24.23222868,7.355220092,24.87244254,7.287817747,24.72187498,7.30480181,3.163170163,373.3599882,202.8605964,2.75E-06,2.00E-05,7.30E-05,2209.806752,2059.711127,111.3166238
0,0,0.85,0.15,0,2394.30664,2302.173499,9.27E-06,1.01E-05,1.12E-05,45.89420019,8.087427388,49.0019863,8.012618034,49.14986004,8.008921653,3.150987224,77.61840911,32.94697229,5.51E-06,5.59E-05,1.78E-09,2394.396639,2191.301014,162.6858241
0.15,0,0.65,0.2,0,2501.275714,2327.207192,8.64E-06,9.36E-06,1.03E-05,30.15793281,9.075128025,31.22293618,8.998441944,31.34151197,8.989296523,3.150987224,444.6296403,260.7742457,4.03E-12,2.42E-09,5.07E-08,2501.365709,2139.270084,254.2610145
0.6,0,0.05,0.35,0,3001.281826,2880.453047,6.76E-06,7.16E-06,7.57E-06,48.18642718,11.98158761,49.08129896,11.90914176,50.4282993,11.78691884,3.150987224,281.3537777,167.2666183,1.33E-11,1.86E-08,6.35E-07,3001.371825,2351.2762,1145.551746
0.25,0.05,0.55,0.15,0,2439.575794,2286.59639,8.59E-06,9.32E-06,1.03E-05,26.43618503,8.665633428,27.15028207,8.592061083,27.15414365,8.591630432,3.138888889,535.7873069,320.0648579,1.05E-12,1.02E-09,2.37E-08,2432.261062,2091.165437,199.0002754
0.05,0.1,0.85,0,0,2168.242895,2166.290325,9.80E-06,1.08E-05,1.21E-05,31.99266484,6.149491843,33.44859812,6.087202262,32.99594536,6.107589037,3.126874279,51.7900532,18.76252004,5.23E-06,7.48E-05,1.03E-08,2157.628977,2124.533352,53.25523237
0.2,0.1,0.65,0.05,0,2230.651676,2190.546665,9.17E-06,1.00E-05,1.12E-05,25.09173685,7.23673744,25.81039244,7.169218712,25.63526843,7.186814459,3.126874279,326.2131981,172.8005477,1.44E-06,1.13E-05,4.26E-05,2201.992661,2070.897036,105.758979
0.55,0,0.1,0.35,0,2970.453992,2796.884522,6.88E-06,7.30E-06,7.75E-06,43.42878563,11.87111274,44.24705957,11.79735668,45.30548574,11.69030529,3.114942529,404.2629756,251.7854644,9.79E-07,1.16E-05,1.01E-07,2970.543987,2201.448362,1440.143847
0.1,0,0.7,0.2,0,2487.356835,2328.075125,8.76E-06,9.50E-06,1.04E-05,33.19531399,8.979084582,34.54679724,8.901717426,34.70116722,8.892289441,3.114942529,363.4789096,206.1316088,3.58E-12,2.28E-09,4.92E-08,2487.446833,2146.351208,257.1303355
0.2,0.05,0.6,0.15,0,2419.08118,2280.309987,8.71E-06,9.46E-06,1.05E-05,27.32907719,8.560457181,28.13042738,8.48635479,28.12174294,8.487221998,3.103092784,487.884148,286.483299,2.97E-06,1.85E-05,6.17E-05,2411.959821,2098.864196,198.7241925
0.15,0.1,0.7,0.05,0,2225.76962,2190.94994,9.29E-06,1.02E-05,1.14E-05,26.61533137,7.1179663,27.46106097,7.05037349,27.25536668,7.067925388,3.091324201,266.3652365,135.9606858,9.43E-07,1.03E-07,1.25E-06,2202.06514,2082.969515,111.3959751
0.05,0,0.75,0.2,0,2477.888065,2333.630926,8.88E-06,9.65E-06,1.06E-05,38.29889474,8.884339288,40.18570947,8.806311835,40.43083805,8.795569813,3.07963595,260.5720487,139.8195761,2.99E-12,2.05E-09,4.59E-08,2477.978063,2160.882438,251.1777073
0.25,0.15,0.6,0,0,2150.993049,2150.543126,9.23E-06,1.01E-05,1.14E-05,23.66392053,6.71472713,24.24982195,6.650695266,24.04672985,6.674420062,3.07963595,302.4389067,155.0243467,7.61E-11,1.42E-07,6.09E-06,2084.827894,2031.732269,87.86801951
0.15,0.05,0.65,0.15,0,2402.996305,2277.701291,8.83E-06,9.61E-06,1.06E-05,28.96465244,8.45620297,29.90876438,8.3815976,29.89210844,8.3830153,3.068027211,421.9357796,241.5992165,3.04E-10,1.18E-07,1.88E-06,2396.653247,2108.557622,202.8735144
0.1,0.1,0.75,0.05,0,2225.960327,2195.172922,9.40E-06,1.03E-05,1.16E-05,29.11368918,6.998726159,30.17181222,6.931103447,29.92530971,6.947891537,3.056497175,194.0056851,93.47196789,1.25E-16,4.15E-12,5.61E-09,2209.138352,2099.042727,117.9024521
0,0,0.8,0.2,0,2473.058383,2344.372918,9.00E-06,9.79E-06,1.08E-05,47.52661071,8.790822487,50.58822997,8.712155482,51.08084077,8.698923131,3.045045045,137.6626558,66.20330827,4.62E-06,4.65E-05,1.95E-09,2473.148382,2194.052757,219.0940001
0.2,0.15,0.65,0,0,2149.570736,2149.530365,9.35E-06,1.03E-05,1.16E-05,24.44549876,6.58752494,25.10111919,6.523612194,24.87175054,6.54747977,3.045045045,257.7968472,128.1426177,5.45E-13,5.12E-10,1.33E-08,2092.936248,2046.840623,75.69945166
0.1,0.05,0.7,0.15,0,2391.716715,2278.936281,8.95E-06,9.75E-06,1.08E-05,31.69240335,8.352769945,32.87740939,8.277689103,32.86022557,8.278858048,3.033670034,336.9308245,185.7165691,7.36E-10,1.90E-07,2.42E-06,2386.853766,2121.758141,207.8076706
0.05,0.1,0.8,0.05,0,2230.71851,2203.61672,9.52E-06,1.04E-05,1.17E-05,33.2158479,6.878822843,34.65715104,6.811216539,34.35166099,6.826442821,3.022371365,111.2387269,48.32996434,9.38E-11,3.59E-08,6.08E-07,2222.041881,2124.946256,109.9018599
0.35,0.1,0.4,0.15,0,2488.423002,2301.968465,8.27E-06,8.97E-06,9.93E-06,27.20789515,8.968810844,27.97715232,8.878700805,28.00270323,8.875084781,3.022371365,674.9366915,420.1378214,4.21E-15,6.08E-12,1.88E-10,2476.657259,2013.561634,256.5327767
0.15,0.15,0.7,0,0,2152.554992,2151.860907,9.47E-06,1.04E-05,1.17E-05,25.84754193,6.459357603,26.61522702,6.395615925,26.35080916,6.419028356,3.011148272,203.0453542,96.47248605,6.84E-16,9.98E-12,2.12E-09,2108.421445,2062.32582,71.41500031
0.2,0.05,0.55,0.2,0,2513.948489,2328.198266,8.44E-06,9.15E-06,1.01E-05,28.93776666,9.244099282,29.74148939,9.1668661,29.8318739,9.157384029,3,592.3238838,363.6812571,6.95E-12,3.81E-09,7.66E-08,2508.989996,2096.894371,267.0765671
0.05,0.05,0.75,0.15,0,2385.39015,2284.30965,9.06E-06,9.89E-06,1.10E-05,36.22993723,8.250053174,37.85477435,8.174524908,37.85396276,8.174565208,3,232.6928064,120.4443078,2.99E-11,1.61E-08,3.21E-07,2382.711262,2144.615637,198.0452197
0.3,0.1,0.45,0.15,0,2460.312862,2290.964694,8.38E-06,9.11E-06,1.01E-05,27.09374119,8.843250202,27.69226717,8.769012372,27.70213321,8.767664359,2.988925803,655.0260309,404.6618178,1.17E-12,6.10E-09,18919537.67,2447.455132,2029.359507,237.1760256
0,0.1,0.85,0.05,0,2239.497605,2216.779529,9.64E-06,1.06E-05,1.19E-05,40.36915985,6.75804638,42.60413158,6.69050521,42.20405004,6.703274931,2.988925803,27.75009365,9.13944185,1.10E-09,4.91E-07,6.11E-06,2239.587599,2186.491974,45.86878905
0.25,0.15,0.55,0.05,0,2237.614001,2192.296022,8.96E-06,9.81E-06,1.10E-05,25.04126906,7.416083438,25.62684177,7.347597345,25.48807717,7.365179866,2.977924945,435.3197378,243.0631194,1.44E-11,6.56E-06,4.65E-07,2193.455631,2018.360006,147.1898164
0.1,0.15,0.75,0,0,2159.380644,2157.894739,9.59E-06,1.05E-05,1.19E-05,28.14786574,6.329993921,29.10081685,6.266478049,28.78680119,6.288778312,2.977924945,139.0153782,61.47251972,8.03E-06,8.36E-05,6.99E-10,2129.485095,2080.38947,78.34360014
0.5,0,0.1,0.4,0,3020.628907,2836.911023,6.72E-06,7.13E-06,7.58E-06,44.16346345,12.42125154,44.8865696,12.34576146,45.89623345,12.22708877,2.977924945,458.0448596,292.5437456,2.22E-14,3.36E-11,1.09E-09,3020.718902,2201.623277,1540.592751
0.15,0.05,0.6,0.2,0,2494.710056,2323.645468,8.55E-06,9.30E-06,1.03E-05,30.52884749,9.144951213,31.47168463,9.067026025,31.56700814,9.058450128,2.9669967,525.0056074,315.8088689,3.09E-10,1.18E-07,2.01E-06,2490.215909,2107.120284,264.4881467
0,0.05,0.8,0.15,0,2383.89885,2294.270418,9.18E-06,1.00E-05,1.12E-05,44.25872856,8.147942813,46.81160435,8.071995827,46.87784723,8.069910905,2.9669967,112.3689498,51.14348353,1.00E-08,1.83E-06,3.68E-06,2383.988845,2191.89322,146.7430851
0.25,0.1,0.5,0.15,0,2435.288753,2282.652266,8.50E-06,9.25E-06,1.03E-05,27.26196877,8.735286927,27.90493907,8.660503225,27.90190171,8.660891284,2.956140351,618.6655168,377.8478257,2.54E-14,2.65E-11,7.59E-05,2421.77459,2043.678965,229.982233
0.05,0.15,0.8,0,0,2169.547146,2168.007879,9.71E-06,1.07E-05,1.21E-05,31.90079592,6.19918291,33.18251377,6.135950726,32.79254059,6.156421296,2.945355191,69.09715066,26.65790679,5.95E-13,7.69E-10,7.63E-09,2154.634774,2109.539149,75.31453639
0.2,0.15,0.6,0.05,0,2227.814887,2190.356512,9.08E-06,9.95E-06,1.12E-05,25.75779344,7.295970672,26.41083274,7.227381899,26.25249369,7.245366315,2.945355191,381.7307964,208.0320368,6.57E-06,6.50E-05,1.24E-09,2186.941141,2034.845516,141.8503161
0.1,0.05,0.65,0.2,0,2479.344934,2322.826104,8.67E-06,9.44E-06,1.05E-05,33.23687888,9.047203775,34.41358251,8.968607633,34.53061668,8.96012977,2.934640523,435.3692083,253.9818891,7.67E-10,2.03E-07,2.78E-06,2475.809592,2122.713967,263.6957052
0.2,0.1,0.55,0.15,0,2413.99432,2277.135527,8.62E-06,9.40E-06,1.05E-05,27.98338894,8.628379288,28.7002995,8.55307664,28.68676385,8.55463431,2.923995657,564.5072944,339.1281987,5.72E-15,1.98E-05,6.90E-05,2400.592822,2058.497197,227.0011689
0.55,0,0,0.45,0,3126.294919,3054.336399,6.33E-06,6.68E-06,7.04E-06,54.62641859,13.18827903,55.25667743,13.11431256,56.51629912,12.95200771,2.913419913,217.5200878,127.3899799,6.92E-15,2.43E-11,1.63E-09,3126.384914,2870.078039,373.0793742
0.15,0.15,0.65,0.05,0,2223.190682,2191.277145,9.20E-06,1.01E-05,1.14E-05,27.11351318,7.175597561,27.87489732,7.106948702,27.69168011,7.124785673,2.913419913,314.2139974,165.3518191,4.22E-14,2.38E-10,3.30E-08,2189.236593,2053.140968,142.2200995
0.1,0,0,0,0.9,2054.544348,2038.248754,7.79E-06,8.39E-06,8.99E-06,8.870618554,6.56251005,9.094526169,6.514579727,8.952288368,6.546333583,2.913419913,,,1.93E-06,1.84E-05,9.04E-05,2054.634345,2016.614345,40.26473052
0.05,0.05,0.7,0.2,0,2468.271328,2325.913933,8.79E-06,9.58E-06,1.06E-05,37.77088405,8.950785862,39.37132411,8.871539739,39.54455826,8.862288568,2.902912621,322.2455562,179.0098049,9.51E-12,6.38E-09,1.41E-07,2466.267645,2147.17202,247.4307019
0.15,0.1,0.6,0.15,0,2396.990396,2274.563851,8.74E-06,9.54E-06,1.07E-05,29.41438347,8.522427634,30.25089605,8.446633314,30.22952,8.448749785,2.892473118,491.1711231,288.1556407,3.41E-12,5.60E-09,1.01E-07,2384.850413,2074.754788,228.4893747
0.1,0.15,0.7,0.05,0,2223.227125,2195.391755,9.31E-06,1.02E-05,1.16E-05,29.38113853,7.054781669,30.3208748,6.986117212,30.10412019,7.003191714,2.88210075,232.7424205,116.0842794,2.37E-06,1.78E-05,6.33E-05,2199.065155,2074.96953,145.4460557
0,0.05,0.75,0.2,0,2461.698311,2333.225365,8.91E-06,9.72E-06,1.08E-05,45.7749456,8.855625606,48.25711231,8.775750454,48.57713422,8.764756165,2.871794872,186.3267102,94.4599967,2.54E-08,2.95E-06,3.12E-06,2461.788309,2194.692684,193.6716558
0.1,0.1,0.65,0.15,0,2384.650177,2275.133647,8.86E-06,9.68E-06,1.08E-05,31.85664017,8.417328989,32.89141266,8.341070721,32.86638803,8.343079976,2.861554846,397.4124137,225.08173,6.04E-12,3.22E-10,4.57E-08,2375.200796,2096.105171,227.7183652
0.05,0.15,0.75,0.05,0,2227.381111,2203.040533,9.43E-06,1.04E-05,1.18E-05,33.10313268,6.933326925,34.35681595,6.864693509,34.09140887,6.880323619,2.851380042,139.0521049,63.14846745,9.41E-11,3.75E-08,6.47E-07,2214.878094,2109.782469,131.5869471
0.05,0,0,0,0.95,2088.205273,2069.753879,7.79E-06,8.40E-06,9.01E-06,19.23562176,6.482994147,20.36686474,6.435473525,19.73642969,6.462992217,2.851380042,,,3.45E-06,2.61E-05,0.000102453,2088.295269,2022.199644,107.3962537
0.15,0.2,0.65,0,0,2152.632558,2151.873033,9.38E-06,1.03E-05,1.18E-05,26.40400175,6.512844885,27.09524142,6.448113773,26.85877826,6.471965908,2.841269841,241.9082616,119.0169924,1.32E-16,3.34E-12,1.46E-09,2098.15039,2032.054765,104.8364964
0.2,0.1,0.5,0.2,0,2508.881294,2320.303912,8.35E-06,9.09E-06,1.01E-05,29.62847256,9.316670101,30.33318975,9.238169257,30.39744507,9.230224642,2.831223629,681.0809086,426.7876673,3.01E-06,2.04E-05,6.98E-05,2499.687833,2052.592208,288.9487301
0.05,0.1,0.7,0.15,0,2377.096612,2279.096827,8.97E-06,9.82E-06,1.10E-05,35.91761987,8.312976322,37.30441939,8.236282381,37.28496268,8.237449785,2.831223629,282.6497832,151.2564034,3.50E-17,7.82E-10,1.14E-09,2371.802253,2128.706628,207.5480839
0,0.15,0.8,0.05,0,2235.125038,2214.585761,9.55E-06,1.05E-05,1.19E-05,39.48425345,6.811021475,41.36198815,6.742468177,41.01845466,6.75590064,2.821240799,41.76331623,15.01790629,4.48E-11,1.86E-08,3.25E-07,2235.215038,2187.119413,41.06951456
0.1,0.2,0.7,0,0,2159.972754,2158.587115,9.50E-06,1.05E-05,1.19E-05,28.49895185,6.381918326,29.34672086,6.317429178,29.07086187,6.340024945,2.811320755,168.6046022,77.56893391,8.54E-06,8.98E-05,6.39E-10,2123.061705,2055.96608,108.4905091
0.15,0.1,0.55,0.2,0,2488.528164,2316.321519,8.46E-06,9.23E-06,1.03E-05,30.99283617,9.215742575,31.8127531,9.136560097,31.87943035,9.129434441,2.801462905,606.414522,372.6987068,8.52E-12,1.50E-08,1.80E-07,2480.036759,2070.941134,286.4580056
0,0.1,0.75,0.15,0,2374.203584,2286.776912,9.09E-06,9.97E-06,1.12E-05,42.96532793,8.209257701,45.0610522,8.132157032,45.07355965,8.131661472,2.801462905,149.0166176,71.42002135,2.69E-10,5.83E-08,7.45E-07,2374.293578,2192.197953,131.4385217
0.5,0,0,0.5,0,3174.597873,3096.199896,6.18E-06,6.51E-06,6.87E-06,55.27553838,13.73560497,55.73066685,13.6604322,56.7300383,13.48566412,2.791666667,251.7860535,151.7337594,7.62E-06,7.24E-05,1.96E-09,3174.687868,2890.424743,418.5016748
0.05,0.2,0.75,0,0,2170.052079,2168.680021,9.62E-06,1.06E-05,1.21E-05,31.92369923,6.249565874,33.04301088,6.185376972,32.70704449,6.20611023,2.781931464,87.79682719,35.65794869,1.94E-13,2.84E-10,7.36E-09,2151.600516,2092.504891,102.9695715
0.1,0.1,0.6,0.2,0,2471.887584,2315.255186,8.58E-06,9.37E-06,1.05E-05,33.3896758,9.11625053,34.39932931,9.036407655,34.47902728,9.029457374,2.772256729,508.1654684,303.5532316,6.00E-12,3.22E-09,2.02E-07,2465.079397,2094.983772,279.0559562
0.15,0.2,0.6,0.05,0,2218.85362,2188.432818,9.11E-06,1.00E-05,1.14E-05,27.69767703,7.234052462,28.37166913,7.164331482,28.20592186,7.183064859,2.75308642,363.5419116,196.4357338,4.34E-10,1.26E-07,1.87E-06,2175.851679,2019.756054,180.4915321
0.05,0.1,0.65,0.2,0,2459.393573,2317.286463,8.70E-06,9.51E-06,1.07E-05,37.41406041,9.018120562,38.75755662,8.937638461,38.87128775,8.930160143,2.743589744,384.8072257,219.8888242,8.52E-18,9.96E-10,,2455.444682,2130.349057,250.0259016
0.1,0.2,0.65,0.05,0,2219.44585,2193.561819,9.22E-06,1.02E-05,1.16E-05,29.7417514,7.111625299,30.56456182,7.041903461,30.37255106,7.05966155,2.724770642,272.7335804,140.1210018,8.33E-16,1.69E-05,5.59E-05,2188.824368,2047.728743,180.2359907
0,0.1,0.7,0.2,0,2451.270611,2322.661126,8.82E-06,9.66E-06,1.08E-05,44.39279171,8.921278524,46.39892259,8.84017835,46.59848747,8.831391521,2.715447154,236.2318126,124.6676609,3.08E-10,6.23E-08,9.50E-07,2451.360607,2194.264982,172.6606247
0.25,0.15,0.4,0.2,0,2527.852622,2310.688532,8.14E-06,8.88E-06,9.96E-06,29.84226195,9.508411999,30.53534666,9.41547444,30.57062399,9.409593795,2.706180344,829.8365222,536.2442428,6.61E-06,6.61E-05,2.73E-09,2515.607268,1980.511643,324.8408337
0.05,0.2,0.7,0.05,0,2223.702563,2201.495391,9.34E-06,1.03E-05,1.18E-05,33.11408873,6.988584607,34.19267086,6.918908877,33.96216503,6.935137778,2.696969697,167.9485124,79.13217819,2.63E-11,4.52E-08,7.68E-07,2207.843798,2090.748173,157.995529
0.45,0,0,0.55,0,3224.118585,3140.060478,6.02E-06,6.35E-06,6.70E-06,56.33418925,14.28212799,56.61063908,14.20590195,57.32330036,14.01811535,2.678714859,281.6388021,173.5677955,6.64E-06,6.26E-05,2.50E-09,3224.208581,2913.658581,466.1806916
0.05,0.15,0.65,0.15,0,2368.956656,2273.157606,8.88E-06,9.76E-06,1.10E-05,35.75388494,8.376751824,36.92257883,8.2988754,36.88855335,8.301375212,2.678714859,333.3724162,183.4090888,9.51E-12,5.89E-09,1.25E-07,2361.21887,2110.123245,222.4413361
0.2,0.15,0.45,0.2,0,2503.611818,2307.339292,8.26E-06,9.02E-06,1.01E-05,30.42223217,9.390272446,31.02093675,9.31048492,31.05531692,9.305309445,2.678714859,770.4859022,491.4026601,5.72E-14,3.61E-05,1.91E-09,2491.089261,2004.993636,320.744321
0.15,0.2,0.55,0.1,0,2296.413111,2223.968076,8.83E-06,9.72E-06,1.11E-05,29.09289071,7.948965563,29.74111184,7.874748538,29.64153143,7.887397141,2.66966967,495.238368,286.6240682,1.40E-10,5.08E-08,8.37E-07,2265.094566,2008.998941,246.8187105
0,0.2,0.75,0.05,0,2231.068567,2212.544338,9.46E-06,1.05E-05,1.20E-05,38.82482022,6.864716594,40.39314669,6.795136398,40.10100888,6.809220604,2.66966967,56.97878005,21.87379747,9.56E-14,2.52E-10,1.09E-08,2231.158566,2187.062941,39.26746016
0.1,0.25,0.65,0,0,2158.895362,2157.151209,9.41E-06,1.04E-05,1.20E-05,28.94244028,6.434582555,29.68468245,6.369105278,29.44244739,6.392378529,2.660678643,199.3759236,94.88360313,3.90E-16,2.21E-12,1.72E-10,2116.504377,2028.408752,141.7648403
0,0.15,0.7,0.15,0,2365.001803,2279.888623,9.00E-06,9.90E-06,1.12E-05,41.96435363,8.271387947,43.67383631,8.193117226,43.6534498,8.194140604,2.651741294,186.6517892,93.13078794,3.64E-12,2.51E-09,5.58E-08,2365.091801,2192.996176,118.7824489
0.15,0.15,0.5,0.2,0,2482.334769,2305.601015,8.37E-06,9.16E-06,1.03E-05,31.55806434,9.287522337,32.2520726,9.207064004,32.28902642,9.20223931,2.651741294,688.2927911,430.914888,4.49E-14,4.48E-10,1.28E-07,2470.514488,2031.418863,314.8860549
0.4,0,0.05,0.55,0,3199.965787,3047.517897,6.14E-06,6.49E-06,6.88E-06,51.79554573,14.17620436,52.15793934,14.09817964,52.91837124,13.9262626,2.651741294,445.545839,290.5377676,1.40E-15,3.83E-12,1.65E-10,3200.055784,2379.960159,1438.198959
0.1,0.2,0.6,0.1,0,2289.665549,2227.957284,8.95E-06,9.86E-06,1.12E-05,31.07373889,7.833987281,31.86246551,7.759542639,31.74894842,7.77140897,2.642857143,391.7107679,217.9815458,2.80E-06,1.73E-05,5.64E-05,2265.893334,2041.797709,240.2452886
0.05,0.25,0.7,0,0,2169.74575,2168.29054,9.53E-06,1.06E-05,1.22E-05,32.06187099,6.300655233,33.02693911,6.235495202,32.73891595,6.256682208,2.634025717,107.4106507,45.5233831,6.34E-14,1.12E-10,4.11E-09,2148.539942,2072.444317,134.3454638
0.1,0.15,0.55,0.2,0,2464.61943,2305.780806,8.49E-06,9.31E-06,1.05E-05,33.65679404,9.186243867,34.50374187,9.10513615,34.54941089,9.100226721,2.625246548,581.2816651,354.3047901,2.58E-12,1.33E-05,1.65E-08,2454.944903,2063.849278,302.8628161
0.15,0.25,0.55,0.05,0,2212.539664,2182.28965,9.02E-06,9.96E-06,1.14E-05,28.37786921,7.293348732,28.95967948,7.222539211,28.8089957,7.242836232,2.607843137,413.8164569,228.8251317,1.96E-13,3.65E-05,4.43E-09,2161.854327,1983.758702,223.097845
0.05,0.15,0.6,0.2,0,2450.925323,2308.162076,8.61E-06,9.45E-06,1.07E-05,37.21911505,9.086361263,38.32718917,9.004625524,38.39397216,8.999117685,2.599217986,447.6088501,261.8740476,3.02E-12,2.33E-09,5.53E-08,2445.202667,2111.107042,261.1884119
0.1,0.25,0.6,0.05,0,2214.468292,2189.655012,9.13E-06,1.01E-05,1.16E-05,30.20227904,7.169273734,30.90744014,7.098478546,30.73760863,7.117343362,2.582118562,313.4533744,165.2163183,1.36E-12,7.45E-14,6.18E-12,2178.413415,2018.31779,222.118669
0,0.15,0.65,0.2,0,2441.487296,2313.018571,8.73E-06,9.59E-06,1.09E-05,43.3250268,8.987798014,44.92945185,8.905455611,45.04689419,8.898757058,2.573643411,286.5238833,156.1056498,1.02E-12,9.14E-10,2.46E-08,2441.577291,2194.481666,153.6727938
0.05,0.25,0.65,0.05,0,2219.601709,2199.007108,9.25E-06,1.02E-05,1.18E-05,33.24896232,7.044611574,34.16087328,6.97387801,33.96235856,6.990905492,2.556840077,197.3957598,95.93942421,9.43E-11,4.07E-08,7.29E-07,2200.949907,2069.854282,191.4713706
0.35,0,0.05,0.6,0,3252.353018,3093.88718,5.98E-06,6.32E-06,6.71E-06,53.75930862,14.72275182,53.97136321,14.64371644,54.51343102,14.45785473,2.548511047,469.5049379,309.9462174,5.41E-16,1.80E-12,8.50E-11,3252.443016,2392.347391,1514.57656
0.2,0.2,0.4,0.2,0,2497.748137,2289.518939,8.17E-06,8.96E-06,1.02E-05,31.33317362,9.464928413,31.81635569,9.383834778,31.82234851,9.382675094,2.540229885,860.0322012,557.0398136,9.23E-07,6.84E-06,1.15E-07,2482.893562,1954.797937,366.4206403
0.15,0.25,0.5,0.1,0,2288.009716,2214.683141,8.74E-06,9.65E-06,1.11E-05,29.8109159,8.013198253,30.353329,7.937813253,30.25849128,7.952672022,2.53199618,555.5869474,327.6612702,6.20E-13,1.66E-09,1.65E-08,2251.020491,1969.924866,292.3201734
0,0.25,0.7,0.05,0,2227.3245,2210.664,9.37E-06,1.04E-05,1.20E-05,38.37020711,6.919146462,39.66433892,6.848524295,39.41998827,6.863246326,2.53199618,72.78000432,29.39228543,2.34E-14,8.06E-11,3.95E-09,2227.414495,2187.31887,36.13795344
0.1,0.3,0.6,0,0,2156.151079,2153.462722,9.32E-06,1.03E-05,1.20E-05,29.48664944,6.488002478,30.12098311,6.4215219,29.91017298,6.445895601,2.523809524,230.834133,113.10465,5.69E-17,6.44E-13,6.94E-11,2109.852844,1998.757219,183.1981155
0,0.2,0.65,0.15,0,2356.138576,2273.693208,8.91E-06,9.83E-06,1.12E-05,41.22025726,8.334349871,42.59507156,8.2548924,42.5572153,8.257337322,2.515669516,224.5457801,115.7235787,6.39E-13,1.45E-09,4.77E-08,2356.228572,2193.132947,108.1150117
0.15,0.2,0.45,0.2,0,2475.770917,2291.773455,8.28E-06,9.10E-06,1.03E-05,32.23497349,9.360311289,32.79756535,9.278558147,32.8077207,9.276861923,2.515669516,770.1318523,489.9747826,1.47E-11,8.25E-09,1.68E-07,2461.385238,1988.289613,359.3282141
0.1,0.25,0.55,0.1,0,2282.037211,2221.443235,8.86E-06,9.79E-06,1.13E-05,31.55189149,7.896508765,32.20931388,7.82091011,32.10519594,7.834392107,2.507575758,442.6310386,251.449777,1.42E-12,2.95E-14,2.66E-12,2253.71244,2008.616815,285.082256
0.05,0.3,0.65,0,0,2168.628235,2166.805137,9.44E-06,1.05E-05,1.22E-05,32.31832709,6.352465893,33.13393835,6.286320017,32.89013227,6.308167551,2.499527856,127.4676326,55.99015716,2.16E-14,4.83E-11,2.01E-09,2145.46721,2049.371585,170.9974808
0.1,0.2,0.5,0.2,0,2457.216315,2294.707255,8.40E-06,9.24E-06,1.05E-05,34.04373728,9.257203334,34.72899577,9.174812291,34.7464313,9.172410309,2.491525424,654.1956586,405.7479988,2.91E-06,1.78E-05,5.68E-05,2445.154399,2029.058774,335.569636
0.05,0.25,0.6,0.1,0,2280.326698,2229.544718,8.98E-06,9.93E-06,1.14E-05,34.51244841,7.779978577,35.35980933,7.704203691,35.24244878,7.71600502,2.483568075,308.367192,164.9838684,2.99E-11,1.61E-08,3.21E-07,2264.862061,2067.766436,237.5535904
0.05,0.2,0.55,0.2,0,2442.587643,2298.801145,8.52E-06,9.38E-06,1.07E-05,37.18107375,9.155526319,38.06862388,9.072518926,38.10042282,9.069123471,2.467787115,510.0892545,304.4512623,6.68E-12,1.64E-08,3.10E-07,2435.298872,2089.203247,278.9790038
0.3,0,0.05,0.65,0,3305.57716,3142.526439,5.83E-06,6.16E-06,6.53E-06,56.31047493,15.26638432,56.34863967,15.18650211,56.61194736,14.98601933,2.452181987,482.6993775,321.4232995,1.93E-16,7.94E-13,4.16E-11,3305.667156,2406.571531,1593.498466
0.1,0.3,0.55,0.05,0,2208.172355,2183.610071,9.04E-06,1.00E-05,1.16E-05,30.77170208,7.227744132,31.35612226,7.155859284,31.20844129,7.176286146,2.452181987,354.4030762,191.0059081,3.43E-11,6.13E-10,1.62E-08,2167.885697,1984.790072,267.882518
0,0.2,0.6,0.2,0,2432.128241,2304.443647,8.64E-06,9.52E-06,1.09E-05,42.53234982,9.055201295,43.78857577,8.971599112,43.85175554,8.966821787,2.444444444,336.5201667,188.1757083,1.75E-12,3.71E-09,4.93E-08,2432.218236,2195.122611,137.5337427
0.05,0.3,0.6,0.05,0,2215.023952,2195.571959,9.16E-06,1.02E-05,1.18E-05,33.51080505,7.101423949,34.26068538,7.029616703,34.0932747,7.047652884,2.429097606,226.8928449,113.2283848,9.42E-11,4.23E-08,7.73E-07,2194.232982,2045.137357,230.9757707
0.25,0,0.1,0.65,0,3286.681398,3060.68678,5.94E-06,6.30E-06,6.71E-06,54.11824018,15.16904774,54.29302257,15.08714501,54.75077427,14.90081123,2.429097606,607.9216079,414.7474378,1.95E-16,8.01E-13,4.21E-11,3286.771393,2227.675768,2044.151679
0,0.3,0.65,0.05,0,2223.901038,2208.948253,9.28E-06,1.03E-05,1.20E-05,38.10677226,6.974326211,39.15204026,6.902646687,38.95311117,6.917990613,2.406392694,88.61467756,37.25730639,1.50E-06,4.52E-05,0.000152407,2223.991036,2187.895411,34.29220559
0.15,0.25,0.4,0.2,0,2468.514422,2274.97,8.19E-06,9.03E-06,1.04E-05,33.03680028,9.43413081,33.45951933,9.351063503,33.44977578,9.353327534,2.391462307,851.4655025,549.432398,2.00E-11,1.11E-08,2.25E-07,2452.422637,1941.327012,415.0641661
0.1,0.3,0.5,0.1,0,2273.220706,2212.966934,8.77E-06,9.73E-06,1.13E-05,32.14801863,7.959916108,32.67019458,7.883146071,32.57813059,7.898716793,2.384057971,493.3268238,285.348535,2.63E-11,2.49E-10,7.33E-09,2241.147554,1973.051929,339.0764131
0.05,0.35,0.6,0,0,2166.713263,2164.168065,9.35E-06,1.04E-05,1.22E-05,32.69876972,6.40501318,33.36641835,6.33786643,33.16535519,6.360601316,2.376693767,147.510702,66.78043081,6.09E-11,2.36E-08,2.02E-07,2142.395931,2022.300306,213.7339189
0,0.2,0.55,0.25,0,2515.579287,2335.149708,8.36E-06,9.21E-06,1.05E-05,43.93071961,9.767014315,45.05088994,9.679783325,45.19216622,9.667042414,2.376693767,459.8628169,273.3783067,5.12E-12,9.89E-09,1.06E-07,2515.669286,2196.573661,162.7874957
0.1,0.25,0.45,0.2,0,2449.395436,2282.183344,8.31E-06,9.17E-06,1.05E-05,34.55871293,9.329149019,35.07985246,9.245455779,35.07691446,9.246011413,2.369369369,726.433224,457.4348415,4.74E-11,1.84E-08,3.60E-07,2435.509408,1990.413783,385.2964025
0.05,0.3,0.55,0.1,0,2272.883668,2224.157396,8.89E-06,9.87E-06,1.15E-05,34.77953374,7.841665742,35.45105097,7.764734176,35.35081993,7.777932625,2.362084456,347.7875777,190.0004614,2.99E-11,1.68E-08,3.40E-07,2255.344188,2042.248563,277.3334429
0.25,0,0.05,0.7,0,3359.432612,3193.776812,5.67E-06,5.99E-06,6.36E-06,59.60027491,15.80603947,59.42661974,15.72547853,59.3205207,15.50962848,2.362084456,482.9083665,323.1346865,6.38E-17,3.29E-13,1.92E-11,3359.522611,2423.426986,1677.602141
0.05,0.25,0.5,0.2,0,2434.151371,2289.315036,8.43E-06,9.32E-06,1.07E-05,37.29897498,9.225634586,37.9750782,9.141337156,37.98304822,9.140171637,2.347631814,571.7489879,347.1568499,3.02E-12,2.53E-09,6.21E-08,2425.551075,2063.45545,305.1585258
0.2,0,0.1,0.7,0,3342.006165,3111.438261,5.79E-06,6.13E-06,6.54E-06,58.15619861,15.71073608,58.15088184,15.62804035,58.3378923,15.42607087,2.340463458,599.8282679,410.473592,1.16E-11,3.14E-08,9.07E-06,3342.096162,2241.000537,2156.407672
0.1,0.35,0.5,0.05,0,2200.472581,2175.30907,8.95E-06,9.97E-06,1.17E-05,31.46169293,7.287054143,31.91959584,7.214062974,31.79687569,7.236550295,2.333333333,395.110066,217.131084,2.45E-11,3.80E-10,1.10E-08,2157.32249,1949.226865,322.2815691
0,0.25,0.55,0.2,0,2423.040422,2296.94905,8.55E-06,9.46E-06,1.09E-05,41.98737427,9.123506044,42.93338363,9.03862618,42.96240877,9.035585577,2.326241135,385.6448733,220.3611652,4.09E-13,1.17E-09,5.35E-08,2423.130417,2195.034792,124.3856111
0.15,0,0.15,0.7,0,3326.474208,3040.570308,5.91E-06,6.27E-06,6.72E-06,58.28799544,15.62067577,58.44430834,15.53584901,58.88458807,15.34614906,2.319186561,675.8826073,467.4298186,5.20E-17,2.83E-13,1.70E-11,3326.564205,2203.46858,2108.683551
0.05,0.35,0.55,0.05,0,2209.944265,2191.15184,9.07E-06,1.01E-05,1.18E-05,33.90564845,7.159038307,34.49443085,7.086141199,34.35921625,7.10541339,2.312169312,255.9679599,130.6619844,5.27E-06,8.05E-05,0.000491524,2187.743348,2017.647723,272.3872947
0.25,0,0,0.75,0,3431.827631,3340.543046,5.40E-06,5.68E-06,6.01E-06,66.04449562,16.43952597,65.36438242,16.36071051,64.23676391,16.11446269,2.298245614,316.9915761,202.8869989,2.15E-06,2.17E-05,0.000133886,3431.917626,3043.100751,636.8204828
0,0.35,0.6,0.05,0,2220.81099,2207.398823,9.19E-06,1.03E-05,1.20E-05,38.02682974,7.030271388,38.84046702,6.957518804,38.68566774,6.973466974,2.291338583,103.980397,45.15841513,7.76E-12,4.50E-09,9.29E-08,2220.900989,2187.805364,30.3222705
0.05,0.25,0.45,0.25,0,2523.302977,2318.221446,8.16E-06,9.01E-06,1.04E-05,38.83978079,9.936257258,39.40423282,9.848460944,39.44978391,9.839902924,2.284467714,714.7083638,453.4496074,4.94E-06,4.82E-05,2.45E-09,2517.419225,2061.3236,334.1821882
0.2,0,0.05,0.75,0,3413.66145,3248.101456,5.51E-06,5.82E-06,6.19E-06,63.85405608,16.34064978,63.40832671,16.25958192,62.7939835,16.02751151,2.277632724,467.6673417,313.1270824,1.94E-17,1.27E-13,8.36E-12,3413.751447,2443.655822,1761.073749
0.1,0.35,0.45,0.1,0,2263.058156,2202.425359,8.68E-06,9.66E-06,1.13E-05,32.87483825,8.024228216,33.25468869,7.946269057,33.18025711,7.964442877,2.270833333,543.3420755,319.2991002,1.69E-11,1.24E-08,4.95E-09,2228.206027,1933.110402,398.2695319
0.05,0.4,0.55,0,0,2164.031186,2160.296084,9.26E-06,1.04E-05,1.22E-05,33.21191081,6.458312862,33.7296959,6.390149885,33.57225889,6.414024623,2.264069264,167.1007843,77.61095578,1.69E-11,9.63E-09,7.15E-08,2139.338487,1993.242862,266.3786064
0,0.25,0.5,0.25,0,2507.200791,2325.445019,8.27E-06,9.15E-06,1.06E-05,43.34956456,9.839688483,44.14618989,9.751110363,44.22496075,9.740604622,2.264069264,520.9193077,315.4188497,1.19E-12,3.23E-09,8.02E-08,2507.290786,2196.195161,144.3315921
0.15,0,0.1,0.75,0,3397.466838,3164.972131,5.63E-06,5.96E-06,6.37E-06,63.44334096,16.24730186,63.19225066,16.16398671,62.97217781,15.94551102,2.257340242,573.3866028,392.0036278,1.68E-17,1.14E-13,7.65E-12,3397.556835,2258.46121,2271.600908
0.05,0.35,0.5,0.1,0,2264.982333,2217.993341,8.80E-06,9.80E-06,1.15E-05,35.18955161,7.904217582,35.68546174,7.826112087,35.60627436,7.840922302,2.250645995,386.3600993,214.9151481,6.47E-06,9.23E-05,0.000537345,2245.926529,2012.830904,322.3147794
0.05,0.3,0.45,0.2,0,2425.434024,2279.698695,8.34E-06,9.25E-06,1.08E-05,37.57580852,9.296705437,38.04413228,9.211099206,38.0388406,9.212283532,2.237360754,632.134996,389.5666611,3.01E-12,2.62E-09,6.58E-08,2415.830618,2034.734993,343.1404184
0.1,0,0.15,0.75,0,3383.185581,3093.093478,5.75E-06,6.11E-06,6.55E-06,65.05973934,16.15949685,64.99558218,16.07393665,65.12375567,15.86755555,2.237360754,633.9860845,437.0836421,1.35E-17,9.72E-14,6.69E-12,3383.27558,2224.179955,2224.542206
0.2,0.05,0.05,0.7,0,3334.862363,3060.069335,5.70E-06,6.06E-06,6.56E-06,58.94738427,15.82432957,58.42630836,15.73990914,57.63920442,15.53973585,2.230769231,865.0780109,616.6849744,9.49E-17,4.79E-13,2.77E-11,3334.841847,1954.746222,3108.093512
0,0.35,0.55,0.1,0,2269.81448,2233.247014,8.92E-06,9.94E-06,1.17E-05,39.14074893,7.784262239,39.83039371,7.706049919,39.74505423,7.717521779,2.230769231,206.6906329,103.5636138,2.52E-12,1.82E-09,4.17E-08,2269.904476,2190.808851,62.0455759
0,0.3,0.5,0.2,0,2414.13336,2290.479734,8.46E-06,9.39E-06,1.09E-05,41.67213374,9.192730414,42.33379476,9.106554606,42.34320105,9.105065626,2.217687075,433.3949045,252.2038876,4.63E-10,1.67E-07,3.94E-06,2414.223355,2195.12773,114.0952469
0.2,0,0,0.8,0,3485.17005,3398.958751,5.24E-06,5.51E-06,5.83E-06,70.54011037,16.96644505,69.46888531,16.88740694,67.50217352,16.62452013,2.217687075,293.4997252,186.8322034,7.06E-13,1.36E-05,7.24E-05,3485.260046,3093.710046,659.6990744
0.05,0,0.2,0.75,0,3370.767132,3033.31417,5.87E-06,6.25E-06,6.73E-06,69.39180166,16.07726414,69.5476113,15.98945819,70.05948362,15.79306246,2.217687075,647.8558201,446.3163265,1.00E-17,7.80E-14,5.57E-12,3370.857131,2226.761506,1990.485031
0.05,0.4,0.5,0.05,0,2204.36917,2185.669989,8.98E-06,1.00E-05,1.19E-05,34.44285835,7.217471693,34.86763155,7.143468198,34.76785876,7.164229084,2.204737733,284.1769034,147.9115035,3.25E-12,1.45E-09,8.69E-12,2181.534117,1986.438492,328.1113177
0.15,0,0.05,0.8,0,3467.952069,3306.147287,5.36E-06,5.66E-06,6.01E-06,69.41800883,16.86914934,68.60296999,16.78774948,67.26095491,16.53844113,2.198312236,434.1741999,289.3124155,5.43E-18,4.61E-14,3.43E-12,3468.042064,2469.958314,1847.457858
0,0.4,0.55,0.05,0,2218.066531,2206.017704,9.10E-06,1.02E-05,1.20E-05,38.12807866,7.086997975,38.7203181,7.013156298,38.60934964,7.029689232,2.185558354,118.4165631,52.79555369,1.12E-12,9.92E-10,2.51E-08,2218.156528,2188.060903,30.17448305
0.1,0,0.1,0.8,0,3452.697781,3221.921028,5.48E-06,5.80E-06,6.19E-06,70.52618856,16.77766773,69.91629583,16.69391004,69.05697825,16.45789114,2.179229481,525.4891422,357.0469975,4.33E-18,3.89E-14,2.97E-12,3452.787781,2283.692156,2392.837946
0.05,0.3,0.4,0.25,0,2515.840414,2306.175339,8.07E-06,8.94E-06,1.04E-05,39.12091877,10.01184412,39.45912312,9.922669582,39.47546177,9.917062599,2.179229481,786.1193991,505.3458405,9.54E-13,1.04E-09,2.89E-08,2509.471738,2030.376113,372.4147459
0,0.3,0.45,0.25,0,2499.106734,2317.182948,8.18E-06,9.08E-06,1.06E-05,43.01361942,9.913333788,43.51249714,9.823389467,43.5496469,9.814837111,2.160432253,580.1287648,356.7919729,4.89E-10,1.65E-07,4.02E-06,2499.196732,2196.101107,130.8600426
0.05,0,0.15,0.8,0,3439.341972,3148.591554,5.59E-06,5.94E-06,6.37E-06,74.50286609,16.69202238,74.08212906,16.60590773,73.64864728,16.38184289,2.160432253,566.9065208,387.3485447,3.19E-18,3.09E-14,2.45E-12,3439.431971,2255.336346,2347.300645
0.05,0.45,0.5,0,0,2160.631571,2155.070954,9.17E-06,1.03E-05,1.22E-05,33.86998753,6.512381155,34.23230423,6.443186269,34.12206921,6.468486278,2.160432253,185.8194208,88.19954459,4.21E-06,6.57E-05,3.29E-08,2136.30566,1959.210035,327.6975349
0.15,0.05,0.05,0.75,0,3390.103194,3111.587225,5.54E-06,5.90E-06,6.39E-06,63.40529826,16.36154481,62.56292912,16.27647862,61.19992139,16.05898721,2.154228856,852.9911929,609.5044892,1.85E-06,1.53E-05,6.95E-09,3390.117812,1993.022187,3166.848719
0.05,0.4,0.45,0.1,0,2256.625838,2210.963664,8.71E-06,9.74E-06,1.15E-05,35.75258573,7.967652349,36.06876586,7.888355311,36.01635279,7.905019984,2.148056245,423.6523415,239.3748852,9.50E-19,3.42E-14,5.66E-12,2236.709142,1979.613517,378.6570074
0.15,0,0,0.85,0,3538.52499,3462.050354,5.08E-06,5.35E-06,5.66E-06,76.41546617,17.48628838,74.81661152,17.40720302,71.68637328,17.1265326,2.141914191,251.6374154,157.6560304,2.71E-12,6.15E-06,2.48E-05,3538.614988,3159.519363,661.1587242
0,0,0.2,0.8,0,3427.82513,3087.415677,5.71E-06,6.08E-06,6.55E-06,82.91851417,16.6122512,82.72116184,16.52377736,82.76941082,16.3095772,2.141914191,556.1523696,377.8976072,1.02E-11,2.16E-08,5.35E-07,3427.915126,2267.428876,2090.553933
0.1,0.05,0.1,0.75,0,3376.111715,3028.863944,5.66E-06,6.04E-06,6.57E-06,64.07094372,16.27061447,63.40110733,16.1833074,62.42149265,15.98341185,2.135802469,900.0511912,644.9026361,4.66E-10,1.60E-07,2.62E-06,3376.107645,2081.01202,2607.336385
0,0.4,0.5,0.1,0,2264.304925,2230.734803,8.83E-06,9.88E-06,1.17E-05,39.24802475,7.84592681,39.70405137,7.766538924,39.64798517,7.778797706,2.129720854,230.3299328,117.7059572,3.61E-13,4.00E-10,1.12E-08,2264.394921,2191.299296,57.21648389
0.1,0,0.05,0.85,0,3521.940562,3368.853305,5.20E-06,5.49E-06,5.84E-06,76.84764449,17.3904805,75.5004013,17.30892606,73.06865135,17.04110439,2.123669124,379.1562326,249.4815113,1.39E-18,1.55E-14,1.32E-12,3522.030556,2505.934931,1922.000405
0,0.35,0.45,0.2,0,2405.372004,2284.959149,8.37E-06,9.33E-06,1.10E-05,41.57655061,9.262893048,41.96975566,9.175402662,41.97015232,9.175286114,2.117647059,479.3200394,283.2903811,6.02E-13,7.62E-10,2.26E-08,2405.462003,2195.366378,105.1835368
0.05,0,0.1,0.85,0,3507.275492,3283.239076,5.32E-06,5.63E-06,6.02E-06,80.34596821,17.30076533,79.17079733,17.21674469,77.25129372,16.9618736,2.105691057,452.4291999,303.1433655,1.01E-18,1.22E-14,1.08E-12,3507.365489,2319.269864,2516.900896
0.05,0.45,0.45,0.05,0,2198.337408,2178.999417,8.89E-06,9.98E-06,1.19E-05,35.13570866,7.276741641,35.3893393,7.201614878,35.33083966,7.224153515,2.105691057,311.1018159,164.6593222,1.48E-14,2.57E-11,9.60E-10,2175.647408,1951.551783,390.6822798
0,0,0.15,0.85,0,3494.45271,3207.9293,5.44E-06,5.77E-06,6.20E-06,88.40457386,17.21717205,87.34448967,17.13068488,85.82995982,16.88768229,2.087974173,470.3025853,315.5163952,1.26E-06,4.58E-08,17091852.97,3494.542706,2302.247706,2467.472217
0,0.45,0.5,0.05,0,2215.676536,2204.807998,9.01E-06,1.01E-05,1.21E-05,38.4134357,7.144522402,38.78806653,7.069575262,38.72160853,7.086671356,2.087974173,131.4995807,59.88274086,8.24E-07,1.34E-05,3.62E-07,2215.766531,2187.670906,26.99260679
0.1,0.05,0.05,0.8,0,3445.183477,3165.965843,5.39E-06,5.73E-06,6.22E-06,69.2457022,16.89222414,67.95906379,16.8066914,65.76464104,16.57078509,2.082125604,820.15316,585.6911885,5.10E-10,1.64E-07,2.69E-06,3445.228016,2047.132391,3209.077586
0.1,0,0,0.9,0,3591.536831,3531.013556,4.93E-06,5.18E-06,5.49E-06,84.23620157,17.99802222,81.88601465,17.91906671,77.07235985,17.61913854,2.070512821,188.017442,113.7005338,1.46E-13,1.03E-09,1.76E-07,3591.626829,3252.531204,608.4386555
0.05,0.5,0.45,0,0,2156.5843,2148.330646,9.08E-06,1.02E-05,1.23E-05,34.66642328,6.569334118,34.88650907,6.496991928,34.83038796,6.524044677,2.064748201,203.2705188,98.27016521,1.92E-12,2.21E-09,1.78E-08,2133.306342,1922.210717,399.5999764
0.05,0.05,0.1,0.8,0,3432.076903,3079.362923,5.50E-06,5.87E-06,6.40E-06,71.75019622,16.80335334,70.60552351,16.71546771,68.82101036,16.49812082,2.064748201,847.1981716,605.2826655,3.18E-18,3.21E-14,2.60E-12,3432.124853,2142.029228,2654.990223
0,0.35,0.4,0.25,0,2491.199804,2310.247017,8.09E-06,9.02E-06,1.06E-05,42.91179081,9.987969773,43.1279957,9.896639793,43.13822485,9.889769229,2.064748201,637.0781565,397.0852999,1.61E-13,2.67E-10,9.01E-09,2491.2898,2196.194175,121.6585445
0.05,0,0.05,0.9,0,3575.215173,3437.655857,5.05E-06,5.32E-06,5.67E-06,87.08872445,17.90360074,84.91990354,17.822071,80.7657134,17.5340416,2.053301512,298.6918749,191.4437532,3.21E-19,4.85E-15,4.75E-13,3575.30517,2556.209545,1961.518262
0.05,0.45,0.4,0.1,0,2247.863823,2202.93099,8.62E-06,9.67E-06,1.15E-05,36.48306395,8.031988812,36.61056968,7.951482243,36.59306845,7.970283816,2.053301512,459.2598388,263.044193,4.78E-14,2.04E-05,1.21E-09,2227.815509,1941.719884,443.7949845
0,0.45,0.45,0.1,0,2259.343278,2228.578556,8.74E-06,9.81E-06,1.17E-05,39.55045812,7.908451834,39.77528852,7.827870914,39.75116638,7.840858614,2.036334913,252.1686761,130.9990874,3.86E-14,9.38E-11,4.07E-09,2259.433275,2191.33765,54.4809071
0,0.4,0.4,0.2,0,2396.768292,2280.315034,8.28E-06,9.26E-06,1.10E-05,41.69761438,9.334013095,41.82949971,9.245189117,41.8287469,9.246271935,2.025157233,523.0107578,313.2429884,1.05E-11,6.49E-11,2.26E-09,2396.858287,2195.762662,101.0176852
0.05,0.05,0.05,0.85,0,3499.699702,3223.990629,5.23E-06,5.56E-06,6.04E-06,77.07953884,17.41529312,75.14231778,17.32947569,71.69555756,17.07379322,2.014084507,763.3047138,542.73856,1.01E-18,1.27E-14,1.14E-12,3499.769241,2126.673616,3222.433863
0.05,0.5,0.4,0.05,0,2191.918948,2170.983034,8.80E-06,9.91E-06,1.19E-05,36.00224264,7.336866186,36.07270084,7.26059891,36.0646903,7.285247947,2.014084507,336.3501985,180.6010787,2.50E-06,2.12E-05,2.08E-09,2170.132762,1911.037137,465.3994141
0.05,0,0,0.95,0,3643.810141,3607.656904,4.77E-06,5.01E-06,5.32E-06,94.95409291,18.50063383,91.4647017,18.42198627,84.09069481,18.10080027,2.003115265,99.30435212,54.94942348,6.72E-06,7.39E-05,1.57E-09,3643.900138,3402.804513,437.2822419
0,0.5,0.45,0.05,0,2213.64603,2203.774009,8.92E-06,1.01E-05,1.21E-05,38.89124767,7.202861561,39.04569727,7.12679224,39.02545515,7.14442743,1.997668998,142.8400514,66.15120294,2.02E-06,3.08E-05,9.71E-08,2213.736027,2187.640402,25.16485761
0,0.05,0.1,0.85,0,3487.092408,3132.56811,5.35E-06,5.71E-06,6.22E-06,82.53004138,17.32837302,80.62038229,17.24009306,77.49881729,17.00421475,1.997668998,766.1516368,543.3106842,7.29E-11,5.74E-08,1.92E-06,3487.182403,2234.086778,2678.208116
0,0,0.05,0.95,0,3627.323591,3514.923171,4.89E-06,5.16E-06,5.50E-06,101.8866328,18.4074894,98.33666176,18.32616485,91.26581108,18.01550941,1.986852282,188.1363065,113.7931987,1.10E-05,0.000120103,3.08E-10,3627.413589,2645.317964,1876.629315
0,0.4,0.35,0.25,0,2483.403345,2304.52591,8.00E-06,8.95E-06,1.06E-05,43.04076747,10.06361651,42.9799051,9.970881018,42.97349246,9.965431712,1.976135489,691.3906512,435.9243759,8.91E-12,2.61E-11,1.01E-09,2483.49334,2196.397715,114.4229202
0.05,0.05,0,0.9,0,3567.347789,3396.805831,4.96E-06,5.26E-06,5.69E-06,83.17755713,18.02125192,80.22168497,17.93790229,74.34518001,17.63707018,1.965517241,645.6246221,453.6036946,3.38E-19,5.03E-15,5.03E-13,3567.437786,2082.342161,2740.079567
0.05,0.5,0.35,0.1,0,2238.791278,2193.70527,8.53E-06,9.60E-06,1.15E-05,37.40072891,8.097246278,37.32498079,8.015511802,37.35390498,8.036785623,1.965517241,492.803749,285.6052314,2.55E-06,2.22E-05,3.18E-09,2219.376212,1900.280587,523.3595648
0,0.5,0.4,0.1,0,2254.994379,2226.776724,8.65E-06,9.75E-06,1.17E-05,40.05716132,7.971855388,40.04624579,7.890063602,40.05708142,7.903718777,1.949771689,271.8194879,143.1391706,1.51E-06,2.23E-05,2.00E-07,2255.084378,2191.988753,53.72862618
0,0.05,0.05,0.9,0,3553.197807,3286.947012,5.07E-06,5.40E-06,5.87E-06,87.96313307,17.92969552,85.00564026,17.84377727,79.56812711,17.5665019,1.949771689,678.5214274,477.8419289,2.40E-10,7.41E-08,1.22E-06,3553.287804,2247.192179,3183.494229
0,0.45,0.35,0.2,0,2388.372456,2276.491196,8.19E-06,9.19E-06,1.10E-05,42.03914162,9.406110231,41.90857494,9.315933256,41.91258767,9.318045451,1.939393939,564.090402,341.7141154,2.60E-12,5.35E-09,9.95E-08,2388.462454,2195.366829,95.4014968
0.05,0.55,0.35,0.05,0,2185.211872,2161.386196,8.71E-06,9.85E-06,1.19E-05,37.03971373,7.40003001,36.93582388,7.320438479,36.9921724,7.347591492,1.929110106,359.5541904,195.4474428,1.47E-12,3.25E-09,2.41E-08,2165.012705,1867.91708,551.8550572
0,0.55,0.4,0.05,0,2211.976889,2202.920965,8.83E-06,9.99E-06,1.21E-05,39.57591388,7.262032825,39.50085439,7.18482425,39.52967285,7.202971702,1.913857678,152.0813309,71.35228117,1.61E-11,1.30E-08,3.10E-07,2212.066889,2187.971264,23.59803477
0,0.05,0,0.95,0,3619.655382,3472.227263,4.80E-06,5.09E-06,5.52E-06,94.16197453,18.52451952,89.89540287,18.44135774,81.22740371,18.11494519,1.903803132,555.9904723,385.3547051,1.48E-19,2.27E-15,2.25E-13,3619.74538,2354.57788,2502.021489
0,0.55,0.35,0.1,0,2251.310785,2225.332904,8.56E-06,9.68E-06,1.17E-05,40.78387732,8.036156063,40.52517135,7.953135198,40.57450139,7.967391672,1.869309838,288.9250194,153.8445949,4.24E-12,4.48E-09,1.22E-07,2251.400781,2192.305156,52.21541903
0,0.6,0.35,0.05,0,2210.669051,2202.254587,8.74E-06,9.92E-06,1.21E-05,40.48900671,7.322054067,40.16741815,7.243688796,40.24947668,7.262318673,1.835864064,158.8991743,75.26038115,1.34E-11,1.18E-08,2.94E-07,2210.75905,2188.663425,23.41985191
0,0.6,0.3,0.1,0,2248.33175,2224.254878,8.47E-06,9.61E-06,1.18E-05,41.75424423,8.101372973,41.22706023,8.017104429,41.31914086,8.03189011,1.794326241,303.1559505,162.8563609,3.47E-12,4.02E-09,1.14E-07,2248.421746,2192.326121,50.86327841
0,0.65,0.3,0.05,0,2209.721754,2201.780663,8.65E-06,9.86E-06,1.21E-05,41.66105973,7.382943672,41.0665955,7.303403885,41.20771376,7.322483193,1.763102725,163.0024039,77.67621954,1.09E-11,1.05E-08,2.75E-07,2209.811753,2187.716128,22.14139537
0,0.65,0.25,0.1,0,2246.084777,2223.553607,8.38E-06,9.55E-06,1.18E-05,43.00182103,8.167525784,42.17486463,8.081990559,42.31491004,8.09722639,1.724279835,314.2098604,169.9388376,2.79E-12,3.55E-09,1.06E-07,2246.174777,2192.079152,49.40102319
0,0.7,0.25,0.05,0,2209.134591,2201.504667,8.56E-06,9.79E-06,1.22E-05,43.13431531,7.444720561,42.22868937,7.363988049,42.43678936,7.38348055,1.695064233,164.1347066,78.43066203,1.57E-06,5.37E-10,1.27E-08,2209.224588,2188.128963,23.74144063
0,0.7,0.2,0.1,0,2244.58813,2223.242457,8.29E-06,9.48E-06,1.18E-05,44.57321722,8.234634724,43.40146456,8.147813409,43.59595824,8.16341241,1.658698539,321.8108112,174.880904,2.20E-12,3.08E-09,9.62E-08,2244.678128,2192.582503,50.73543979
0,0.75,0.2,0.05,0,2208.908257,2201.431502,8.47E-06,9.72E-06,1.22E-05,44.96692815,7.507404207,43.69583712,7.425460364,43.98163937,7.445326551,1.631303209,162.0778627,77.38954371,1.07E-06,1.12E-05,5.79E-08,2208.998251,2187.902626,24.2904182
0,0.75,0.15,0.1,0,2243.852829,2223.336969,8.20E-06,9.41E-06,1.18E-05,46.53291375,8.302720613,44.95273181,8.214593372,45.20985302,8.230459664,1.597168597,325.7095883,177.4975359,9.89E-12,9.64E-06,1.02E-07,2243.942827,2192.847202,51.18329665
0,0.8,0.15,0.05,0,2209.044876,2201.565346,8.38E-06,9.66E-06,1.22E-05,47.23948061,7.57101466,45.52621365,7.487840464,45.90429723,7.508037576,1.571428571,156.656995,74.46004949,5.69E-07,7.52E-06,2.49E-07,2209.134871,2188.039246,24.31028295
0,0.8,0.1,0.1,0,2243.882476,2223.855649,8.11E-06,9.35E-06,1.19E-05,48.97079758,8.371804876,46.89225989,8.28235144,47.22248541,8.298378959,1.539325843,325.6846151,177.6319414,3.49E-07,5.02E-06,5.23E-07,2243.972474,2192.876849,53.31541185
0,0.85,0.1,0.05,0,2209.547807,2201.909882,8.29E-06,9.59E-06,1.22E-05,50.06533022,7.635572562,47.80055508,7.551148569,48.2910045,7.571630545,1.515095502,147.7489322,69.5995789,1.01E-06,3.05E-09,5.84E-08,2209.637803,2187.542178,23.84284234
0,0.85,0.05,0.1,0,2244.667825,2224.82349,8.02E-06,9.28E-06,1.19E-05,52.58645884,8.442117925,49.30875767,8.351109221,49.72571841,8.367179389,1.484848485,321.5436476,175.1584165,7.92E-07,9.46E-06,1.33E-07,2244.757819,2192.662194,53.98461951
0,0.9,0.05,0.05,0,2210.420125,2202.469093,8.20E-06,9.53E-06,1.23E-05,53.60760408,7.701099176,50.63252394,7.615405504,51.26356064,7.636122743,1.461998803,135.2957383,62.82867496,3.50E-07,5.12E-06,6.03E-07,2210.510123,2187.414498,25.05801476
0,0.95,0,0.05,0,2211.659716,2203.249965,8.11E-06,9.46E-06,1.23E-05,58.10832523,7.767616402,54.18573087,7.680632721,54.99806076,7.701531154,1.411867365,119.3274718,54.25089823,2.77E-06,1.91E-05,6.75E-05,2211.749715,2187.65409,28.57746978
