number,value,datetime_start,datetime_complete,duration,params_alpha,params_batch_size,params_drop_out_rate,params_encoder_neurons_layer_1,params_epochs,params_lambda,params_latent_dim,params_learning_rate,params_num_layers_decoder,params_num_layers_encoder,params_optimizer,user_attrs_encoder_decoder_config,user_attrs_first_layer_neurons,user_attrs_neurons_per_layer_decoder,user_attrs_neurons_per_layer_encoder,user_attrs_relative_deterioration,user_attrs_test_r2,state
0,0.048918327813548594,2024-12-21 15:21:30.352527,2024-12-21 15:21:40.222430,0 days 00:00:09.869903,0.05910637717872039,768,0.2,528,50,1.0207884540092363e-05,22,0.00016644837306194242,5,4,adam,"{'neurons_per_layer_encoder': [528, 264, 132, 66], 'neurons_per_layer_decoder': [66, 132, 264, 528, 1056]}",528,"[66, 132, 264, 528, 1056]","[528, 264, 132, 66]",0.9988264850053924,0.3889790033099435,COMPLETE
1,0.006255989494147165,2024-12-21 15:21:30.363202,2024-12-21 15:21:48.863320,0 days 00:00:18.500118,0.031320907169050165,256,0.2,1824,50,0.0005458840264545712,38,0.0009620113177206378,2,5,adam,"{'neurons_per_layer_encoder': [1824, 912, 456, 228, 114], 'neurons_per_layer_decoder': [114, 228]}",1824,"[114, 228]","[1824, 912, 456, 228, 114]",0.9984018553336457,0.9218587162143834,COMPLETE
2,0.08295008837246039,2024-12-21 15:21:30.418383,2024-12-21 15:22:08.530823,0 days 00:00:38.112440,0.02419257310166374,768,0.3,1904,50,7.714297630623974e-05,111,0.00043036318798259776,3,4,sgd,"{'neurons_per_layer_encoder': [1904, 952, 476, 238], 'neurons_per_layer_decoder': [238, 476, 952]}",1904,"[238, 476, 952]","[1904, 952, 476, 238]",0.9986989757435846,-0.036099309568617954,COMPLETE
3,0.08273992512767211,2024-12-21 15:21:30.449950,2024-12-21 15:21:40.405570,0 days 00:00:09.955620,0.063356681687303,640,0.2,1424,50,0.00026685153534552206,29,0.0005323770578022905,2,5,sgd,"{'neurons_per_layer_encoder': [1424, 712, 356, 178, 89], 'neurons_per_layer_decoder': [89, 178]}",1424,"[89, 178]","[1424, 712, 356, 178, 89]",0.9984178088056624,-0.03347423710523367,COMPLETE
4,0.08125614688839611,2024-12-21 15:21:30.509213,2024-12-21 15:23:19.571173,0 days 00:01:49.061960,0.15329550147089707,384,0.1,1600,50,1.737410432052691e-05,165,0.00026040538355923256,4,3,adadelta,"{'neurons_per_layer_encoder': [1600, 800, 400], 'neurons_per_layer_decoder': [400, 800, 1600, 3200]}",1600,"[400, 800, 1600, 3200]","[1600, 800, 400]",0.9974547939794057,-0.014940904116317766,COMPLETE
5,0.08034395611827795,2024-12-21 15:21:30.539093,2024-12-21 15:22:42.343234,0 days 00:01:11.804141,0.010063791009643327,640,0.3,1616,50,0.0006079180977738727,33,0.000609197659055234,5,5,sgd,"{'neurons_per_layer_encoder': [1616, 808, 404, 202, 101], 'neurons_per_layer_decoder': [101, 202, 404, 808, 1616]}",1616,"[101, 202, 404, 808, 1616]","[1616, 808, 404, 202, 101]",0.9984558446489499,-0.0035470617991097964,COMPLETE
6,0.08117478342240965,2024-12-21 15:21:30.587918,2024-12-21 15:22:13.184231,0 days 00:00:42.596313,0.06049314474222132,256,0.2,1504,50,0.0007705915116907546,125,0.00030187142819153295,2,3,sgd,"{'neurons_per_layer_encoder': [1504, 752, 376], 'neurons_per_layer_decoder': [376, 752]}",1504,"[376, 752]","[1504, 752, 376]",0.9962110799538582,-0.013924622728477054,COMPLETE
7,0.08031228765630856,2024-12-21 15:21:40.257776,2024-12-21 15:22:42.908963,0 days 00:01:02.651187,0.16734799824927538,640,0.3,1216,50,1.637030616417086e-05,50,0.0005303009608789641,5,4,sgd,"{'neurons_per_layer_encoder': [1216, 608, 304, 152], 'neurons_per_layer_decoder': [152, 304, 608, 1216, 2432]}",1216,"[152, 304, 608, 1216, 2432]","[1216, 608, 304, 152]",0.9984578176672155,-0.0031515025872344005,COMPLETE
8,0.059671355433105734,2024-12-21 15:21:40.419357,2024-12-21 15:21:50.925031,0 days 00:00:10.505674,0.09642606413513538,1024,0.3,560,50,0.00023811140991006075,23,0.00012661172247079597,2,4,adam,"{'neurons_per_layer_encoder': [560, 280, 140, 70], 'neurons_per_layer_decoder': [70, 140]}",560,"[70, 140]","[560, 280, 140, 70]",0.9990891875576572,0.2546668559573153,COMPLETE
9,0.07994367129047211,2024-12-21 15:21:48.875718,2024-12-21 15:22:57.414726,0 days 00:01:08.539008,0.16523939978618757,896,0.1,608,50,0.0007401866841739166,101,0.00042149823829142275,4,2,sgd,"{'neurons_per_layer_encoder': [608, 304], 'neurons_per_layer_decoder': [304, 608, 1216, 2432]}",608,"[304, 608, 1216, 2432]","[608, 304]",0.9988713641759247,0.0014527500378372915,COMPLETE
10,0.02367985939728417,2024-12-21 15:21:50.934805,2024-12-21 15:22:20.469279,0 days 00:00:29.534474,0.23085522807824163,384,0.2,672,50,7.101764147599093e-05,56,0.00043908266457276936,5,3,adam,"{'neurons_per_layer_encoder': [672, 336, 168], 'neurons_per_layer_decoder': [168, 336, 672, 1344, 2688]}",672,"[168, 336, 672, 1344, 2688]","[672, 336, 168]",0.998182081521871,0.7042235101421104,COMPLETE
11,0.017580409351392417,2024-12-21 15:22:08.557278,2024-12-21 15:22:28.814753,0 days 00:00:20.257475,0.03956328276647229,640,0.1,1456,50,1.4842225973707046e-05,153,0.0007139513607058186,2,3,adam,"{'neurons_per_layer_encoder': [1456, 728, 364], 'neurons_per_layer_decoder': [364, 728]}",1456,"[364, 728]","[1456, 728, 364]",0.9989348812767627,0.7804095167551528,COMPLETE
12,0.08060150390791272,2024-12-21 15:22:13.211468,2024-12-21 15:22:43.876140,0 days 00:00:30.664672,0.04759244798279482,640,0.1,1968,50,1.2229709840445157e-05,82,0.0006586104635068669,2,4,sgd,"{'neurons_per_layer_encoder': [1968, 984, 492, 246], 'neurons_per_layer_decoder': [246, 492]}",1968,"[246, 492]","[1968, 984, 492, 246]",0.9984649480815748,-0.006763997335372585,COMPLETE
13,0.07985413779329464,2024-12-21 15:22:20.479890,2024-12-21 15:23:49.572640,0 days 00:01:29.092750,0.01563345524257827,1024,0.1,1232,50,7.82223592290884e-05,134,0.0009250346316835316,4,3,adadelta,"{'neurons_per_layer_encoder': [1232, 616, 308], 'neurons_per_layer_decoder': [308, 616, 1232, 2464]}",1232,"[308, 616, 1232, 2464]","[1232, 616, 308]",0.9990252830194853,0.002571080306423723,COMPLETE
14,0.34890390591587145,2024-12-21 15:22:28.830908,2024-12-21 15:29:55.992585,0 days 00:07:27.161677,0.028861278224333254,512,0.2,1952,50,0.0005375201081507129,485,0.0009454422888927848,4,2,adam,"{'neurons_per_layer_encoder': [1952, 976], 'neurons_per_layer_decoder': [976, 1952, 3904, 7808]}",1952,"[976, 1952, 3904, 7808]","[1952, 976]",0.99771007021801,-3.3580314755306144,COMPLETE
15,0.08104191341030073,2024-12-21 15:22:42.387265,2024-12-21 15:23:55.990631,0 days 00:01:13.603366,0.12029940377103751,768,0.2,1472,50,0.0001225340242973252,30,0.00020297110519816217,5,5,adadelta,"{'neurons_per_layer_encoder': [1472, 736, 368, 184, 92], 'neurons_per_layer_decoder': [92, 184, 368, 736, 1472]}",1472,"[92, 184, 368, 736, 1472]","[1472, 736, 368, 184, 92]",0.998725695513605,-0.01226499185273533,COMPLETE
16,0.0793030573155884,2024-12-21 15:22:42.927783,2024-12-21 15:26:31.707221,0 days 00:03:48.779438,0.01840701070327634,384,0.1,2048,50,0.00023221057086838764,405,0.00025851498649749334,3,2,adadelta,"{'neurons_per_layer_encoder': [2048, 1024], 'neurons_per_layer_decoder': [1024, 2048, 4096]}",2048,"[1024, 2048, 4096]","[2048, 1024]",0.9975362168630293,0.009454425624929153,COMPLETE
17,0.08039034345680088,2024-12-21 15:22:43.887260,2024-12-21 15:25:11.346875,0 days 00:02:27.459615,0.026387701957632657,384,0.1,1152,50,3.621844054316052e-05,224,0.000977518931479202,3,2,adadelta,"{'neurons_per_layer_encoder': [1152, 576], 'neurons_per_layer_decoder': [576, 1152, 2304]}",1152,"[576, 1152, 2304]","[1152, 576]",0.9974862363223324,-0.0041264691313902535,COMPLETE
18,0.08098656975499566,2024-12-21 15:22:57.439169,2024-12-21 15:25:38.874399,0 days 00:02:41.435230,0.02359312705539573,256,0.1,1152,50,2.9405108599158102e-05,224,0.000972308777146696,3,2,adadelta,"{'neurons_per_layer_encoder': [1152, 576], 'neurons_per_layer_decoder': [576, 1152, 2304]}",1152,"[576, 1152, 2304]","[1152, 576]",0.9961948152975542,-0.011573714433076532,COMPLETE
19,0.01927287801079022,2024-12-21 15:23:19.692614,2024-12-21 15:23:52.931034,0 days 00:00:33.238420,0.02703437734081108,384,0.1,1104,50,3.6103816920253994e-05,248,0.0009951692444234248,3,2,adam,"{'neurons_per_layer_encoder': [1104, 552], 'neurons_per_layer_decoder': [552, 1104, 2208]}",1104,"[552, 1104, 2208]","[1104, 552]",0.9982079366109956,0.7592695078187576,COMPLETE
20,0.34890390591587145,2024-12-21 15:23:49.603536,2024-12-21 15:27:00.823111,0 days 00:03:11.219575,0.02791966826138202,384,0.1,1776,50,3.422272254441212e-05,328,0.0009980297250316527,3,2,adam,"{'neurons_per_layer_encoder': [1776, 888], 'neurons_per_layer_decoder': [888, 1776, 3552]}",1776,"[888, 1776, 3552]","[1776, 888]",0.99703250721595,-3.3580314755306144,COMPLETE
21,0.004272600279694203,2024-12-21 15:23:52.940794,2024-12-21 15:24:36.269143,0 days 00:00:43.328349,0.03132075961395756,256,0.2,944,50,0.00023064537469875287,19,0.0007788617130731381,3,5,adam,"{'neurons_per_layer_encoder': [944, 472, 236, 118, 59], 'neurons_per_layer_decoder': [59, 118, 236]}",944,"[59, 118, 236]","[944, 472, 236, 118, 59]",0.998579515116532,0.9466325077319198,COMPLETE
22,0.31190067064857485,2024-12-21 15:23:56.020520,2024-12-21 15:27:19.255988,0 days 00:03:23.235468,0.03265929019900565,256,0.1,1776,50,3.951691335906514e-05,424,0.0007661514205709426,3,2,adam,"{'neurons_per_layer_encoder': [1776, 888], 'neurons_per_layer_decoder': [888, 1776, 3552]}",1776,"[888, 1776, 3552]","[1776, 888]",0.9961670667880714,-2.895837555493999,COMPLETE
23,0.009996013181046459,2024-12-21 15:24:36.317809,2024-12-21 15:25:03.959428,0 days 00:00:27.641619,0.026407032620686208,256,0.2,912,50,0.0003700351202242936,19,0.0007971776592663063,3,5,adam,"{'neurons_per_layer_encoder': [912, 456, 228, 114, 57], 'neurons_per_layer_decoder': [57, 114, 228]}",912,"[57, 114, 228]","[912, 456, 228, 114, 57]",0.9976654627829217,0.8751434439850514,COMPLETE
24,0.009077664056769621,2024-12-21 15:25:03.971892,2024-12-21 15:25:28.619858,0 days 00:00:24.647966,0.016438162117931594,256,0.2,896,50,0.00019925333743435234,18,0.0008225348525260535,3,5,adam,"{'neurons_per_layer_encoder': [896, 448, 224, 112, 56], 'neurons_per_layer_decoder': [56, 112, 224]}",896,"[56, 112, 224]","[896, 448, 224, 112, 56]",0.9982412083862187,0.8866142080586684,COMPLETE
25,0.01192240256369507,2024-12-21 15:25:11.366680,2024-12-21 15:25:33.962954,0 days 00:00:22.596274,0.014332022465645512,512,0.2,880,50,0.00015511045369427637,18,0.0007720255253928791,3,5,adam,"{'neurons_per_layer_encoder': [880, 440, 220, 110, 55], 'neurons_per_layer_decoder': [55, 110, 220]}",880,"[55, 110, 220]","[880, 440, 220, 110, 55]",0.9986521124457902,0.8510816165839705,COMPLETE
26,0.018820294358380858,2024-12-21 15:25:28.630485,2024-12-21 15:25:54.801290,0 days 00:00:26.170805,0.037419031197701284,512,0.3,1808,50,0.00048821262494119436,37,0.0003749985642765879,2,5,adam,"{'neurons_per_layer_encoder': [1808, 904, 452, 226, 113], 'neurons_per_layer_decoder': [113, 226]}",1808,"[113, 226]","[1808, 904, 452, 226, 113]",0.9983458924325455,0.7649225652052409,COMPLETE
27,0.0066762271106023,2024-12-21 15:25:33.972568,2024-12-21 15:25:57.253089,0 days 00:00:23.280521,0.017567605666276184,256,0.2,928,50,0.00041843762123214203,19,0.0008042752197679219,3,5,adam,"{'neurons_per_layer_encoder': [928, 464, 232, 116, 58], 'neurons_per_layer_decoder': [58, 116, 232]}",928,"[58, 116, 232]","[928, 464, 232, 116, 58]",0.9982554282698154,0.9166096813693707,COMPLETE
28,0.004721041647116518,2024-12-21 15:25:38.913680,2024-12-21 15:26:26.669670,0 days 00:00:47.755990,0.03857231300298886,256,0.2,912,50,0.0004382721901872391,19,0.0005752627173108959,4,5,adam,"{'neurons_per_layer_encoder': [912, 456, 228, 114, 57], 'neurons_per_layer_decoder': [57, 114, 228, 456]}",912,"[57, 114, 228, 456]","[912, 456, 228, 114, 57]",0.998457812264967,0.9410311901168982,COMPLETE
29,0.008205489947681409,2024-12-21 15:25:54.811830,2024-12-21 15:26:24.844008,0 days 00:00:30.032178,0.016943026152418595,256,0.2,928,50,0.00022365123303656498,19,0.0005467021205574316,4,5,adam,"{'neurons_per_layer_encoder': [928, 464, 232, 116, 58], 'neurons_per_layer_decoder': [58, 116, 232, 464]}",928,"[58, 116, 232, 464]","[928, 464, 232, 116, 58]",0.9978808160143751,0.8975082168533587,COMPLETE
30,0.011276888319314577,2024-12-21 15:25:57.299925,2024-12-21 15:26:23.435586,0 days 00:00:26.135661,0.018809036096923516,256,0.2,752,50,0.000987045094649701,15,0.0005918249854444755,4,5,adam,"{'neurons_per_layer_encoder': [752, 376, 188, 94, 47], 'neurons_per_layer_decoder': [47, 94, 188, 376]}",752,"[47, 94, 188, 376]","[752, 376, 188, 94, 47]",0.9972763048940301,0.8591444996506676,COMPLETE
31,0.01714154771999969,2024-12-21 15:26:23.445886,2024-12-21 15:26:41.407183,0 days 00:00:17.961297,0.010658632831339556,512,0.2,1024,50,0.000386520883235045,42,0.0006974671969531349,3,4,adam,"{'neurons_per_layer_encoder': [1024, 512, 256, 128], 'neurons_per_layer_decoder': [128, 256, 512]}",1024,"[128, 256, 512]","[1024, 512, 256, 128]",0.998578179152812,0.7858911773802804,COMPLETE
32,0.013683357405545146,2024-12-21 15:26:24.861551,2024-12-21 15:26:41.605167,0 days 00:00:16.743616,0.012029500881355078,512,0.2,1024,50,0.00038301398255858996,42,0.0006996687133964083,3,4,adam,"{'neurons_per_layer_encoder': [1024, 512, 256, 128], 'neurons_per_layer_decoder': [128, 256, 512]}",1024,"[128, 256, 512]","[1024, 512, 256, 128]",0.9987174357211318,0.8290861717131954,COMPLETE
33,0.013284184329343805,2024-12-21 15:26:26.683724,2024-12-21 15:26:45.700793,0 days 00:00:19.017069,0.07864605933953484,512,0.2,1008,50,0.0003266385045221305,42,0.0007101390362003721,4,4,adam,"{'neurons_per_layer_encoder': [1008, 504, 252, 126], 'neurons_per_layer_decoder': [126, 252, 504, 1008]}",1008,"[126, 252, 504, 1008]","[1008, 504, 252, 126]",0.9986133674538723,0.8340720970662044,COMPLETE
34,0.016489354086719123,2024-12-21 15:26:31.806764,2024-12-21 15:26:50.104385,0 days 00:00:18.297621,0.0848655632910579,512,0.2,752,50,0.00035954011060470204,31,0.0006829919860733782,4,4,adam,"{'neurons_per_layer_encoder': [752, 376, 188, 94], 'neurons_per_layer_decoder': [94, 188, 376, 752]}",752,"[94, 188, 376, 752]","[752, 376, 188, 94]",0.9986531024304489,0.7940374902583675,COMPLETE
35,0.038896411984884076,2024-12-21 15:26:41.447439,2024-12-21 15:26:57.986756,0 days 00:00:16.539317,0.08432646366799264,512,0.3,784,50,0.0005424223940024032,32,0.00010625351283030567,4,4,adam,"{'neurons_per_layer_encoder': [784, 392, 196, 98], 'neurons_per_layer_decoder': [98, 196, 392, 784]}",784,"[98, 196, 392, 784]","[784, 392, 196, 98]",0.9983383191245565,0.5141590998519687,COMPLETE
36,0.015001255071625757,2024-12-21 15:26:41.616626,2024-12-21 15:27:03.483186,0 days 00:00:21.866560,0.034458407052156866,384,0.3,1328,50,0.0005681232352796762,55,0.0005111257956193527,4,4,adam,"{'neurons_per_layer_encoder': [1328, 664, 332, 166], 'neurons_per_layer_decoder': [166, 332, 664, 1328]}",1328,"[166, 332, 664, 1328]","[1328, 664, 332, 166]",0.9984265849237421,0.8126247924826272,COMPLETE
37,0.009757504854035459,2024-12-21 15:26:45.719956,2024-12-21 15:27:04.571246,0 days 00:00:18.851290,0.039725766252597196,256,0.2,720,50,0.0005258974337404022,15,0.0008481272132645137,4,5,adam,"{'neurons_per_layer_encoder': [720, 360, 180, 90, 45], 'neurons_per_layer_decoder': [45, 90, 180, 360]}",720,"[45, 90, 180, 360]","[720, 360, 180, 90, 45]",0.9976827194333916,0.878122564535627,COMPLETE
38,0.010011472472077074,2024-12-21 15:26:50.121712,2024-12-21 15:27:10.113601,0 days 00:00:19.991889,0.03711691435686686,256,0.2,1312,50,0.0005636952093614742,27,0.0008872422701183767,2,5,adam,"{'neurons_per_layer_encoder': [1312, 656, 328, 164, 82], 'neurons_per_layer_decoder': [82, 164]}",1312,"[82, 164]","[1312, 656, 328, 164, 82]",0.9978166067336547,0.874950347617374,COMPLETE
39,0.009705973213670286,2024-12-21 15:26:57.996802,2024-12-21 15:27:17.007351,0 days 00:00:19.010549,0.03434674441896658,256,0.2,1344,50,0.0005120091971121984,28,0.0008042535086528873,2,5,adam,"{'neurons_per_layer_encoder': [1344, 672, 336, 168, 84], 'neurons_per_layer_decoder': [84, 168]}",1344,"[84, 168]","[1344, 672, 336, 168, 84]",0.9977690743277248,0.878766227466564,COMPLETE
40,0.008496510052116426,2024-12-21 15:27:00.844340,2024-12-21 15:27:18.599888,0 days 00:00:17.755548,0.03528643695229731,256,0.2,1360,50,0.0001520105232731922,28,0.0008316414608140592,2,5,adam,"{'neurons_per_layer_encoder': [1360, 680, 340, 170, 85], 'neurons_per_layer_decoder': [85, 170]}",1360,"[85, 170]","[1360, 680, 340, 170, 85]",0.9979571987230348,0.8938731908372102,COMPLETE
41,0.005149994124511783,2024-12-21 15:27:03.499796,2024-12-21 15:27:26.962241,0 days 00:00:23.462445,0.04630276595223441,256,0.2,848,50,0.00017004685041783175,17,0.0008347484726728614,2,5,adam,"{'neurons_per_layer_encoder': [848, 424, 212, 106, 53], 'neurons_per_layer_decoder': [53, 106]}",848,"[53, 106]","[848, 424, 212, 106, 53]",0.998306828728939,0.935673301121393,COMPLETE
42,0.008571818153591823,2024-12-21 15:27:04.590178,2024-12-21 15:27:25.426766,0 days 00:00:20.836588,0.04911474260093925,256,0.2,1376,50,0.00015978550827699958,28,0.00047440849199771416,2,5,adam,"{'neurons_per_layer_encoder': [1376, 688, 344, 172, 86], 'neurons_per_layer_decoder': [86, 172]}",1376,"[86, 172]","[1376, 688, 344, 172, 86]",0.998095416103474,0.8929325447996409,COMPLETE
43,0.009090392183881383,2024-12-21 15:27:10.142144,2024-12-21 15:27:31.345035,0 days 00:00:21.202891,0.05224039431490286,256,0.2,1632,50,0.00017552969742351304,34,0.0005905485261084558,2,5,adam,"{'neurons_per_layer_encoder': [1632, 816, 408, 204, 102], 'neurons_per_layer_decoder': [102, 204]}",1632,"[102, 204]","[1632, 816, 408, 204, 102]",0.9980952678924231,0.8864552256636964,COMPLETE
44,0.007944436488807953,2024-12-21 15:27:18.230544,2024-12-21 15:27:36.789394,0 days 00:00:18.558850,0.04982953803657002,384,0.2,1632,50,0.0009770852794503692,34,0.0006016490521877529,2,5,adam,"{'neurons_per_layer_encoder': [1632, 816, 408, 204, 102], 'neurons_per_layer_decoder': [102, 204]}",1632,"[102, 204]","[1632, 816, 408, 204, 102]",0.9987309387151556,0.9007689404258858,COMPLETE
45,0.08245138215211192,2024-12-21 15:27:18.612036,2024-12-21 15:27:31.714701,0 days 00:00:13.102665,0.051047713487119256,896,0.2,1632,50,0.00028847908827878496,34,0.0006174481210771444,3,5,sgd,"{'neurons_per_layer_encoder': [1632, 816, 408, 204, 102], 'neurons_per_layer_decoder': [102, 204, 408]}",1632,"[102, 204, 408]","[1632, 816, 408, 204, 102]",0.9988493772641859,-0.02987015200267873,COMPLETE
46,0.08053504160343583,2024-12-21 15:27:19.283612,2024-12-21 15:27:47.022407,0 days 00:00:27.738795,0.052630243307504876,896,0.2,832,50,0.0002882664625378274,17,0.00046379285779447134,5,5,sgd,"{'neurons_per_layer_encoder': [832, 416, 208, 104, 52], 'neurons_per_layer_decoder': [52, 104, 208, 416, 832]}",832,"[52, 104, 208, 416, 832]","[832, 416, 208, 104, 52]",0.9988746331833774,-0.005933840922860423,COMPLETE
47,0.012855188773648088,2024-12-21 15:27:25.440393,2024-12-21 15:27:41.945855,0 days 00:00:16.505462,0.021408051097882415,384,0.2,848,50,0.0002960270663057339,17,0.0006197456327628334,4,5,adam,"{'neurons_per_layer_encoder': [848, 424, 212, 106, 53], 'neurons_per_layer_decoder': [53, 106, 212, 424]}",848,"[53, 106, 212, 424]","[848, 424, 212, 106, 53]",0.9984603886292897,0.8394305241370539,COMPLETE
48,0.08128159530602265,2024-12-21 15:27:27.017968,2024-12-21 15:27:34.307193,0 days 00:00:07.289225,0.02227970229029842,384,0.2,832,50,0.0002813775121103517,17,0.0006059840435981217,2,5,sgd,"{'neurons_per_layer_encoder': [832, 416, 208, 104, 52], 'neurons_per_layer_decoder': [52, 104]}",832,"[52, 104]","[832, 416, 208, 104, 52]",0.9974566795123024,-0.01525877102218609,COMPLETE
49,0.0799693769449624,2024-12-21 15:27:31.356452,2024-12-21 15:27:41.604227,0 days 00:00:10.247775,0.021574062404864622,384,0.2,848,50,0.0002860252559611943,17,0.0003791298971762141,2,5,sgd,"{'neurons_per_layer_encoder': [848, 424, 212, 106, 53], 'neurons_per_layer_decoder': [53, 106]}",848,"[53, 106]","[848, 424, 212, 106, 53]",0.9975003681633032,0.0011316700800944046,COMPLETE
50,0.015318270415536246,2024-12-21 15:27:31.731199,2024-12-21 15:27:42.157740,0 days 00:00:10.426541,0.022096493068675605,384,0.2,832,50,0.0001075508355281744,17,0.0003878988999482485,2,5,adam,"{'neurons_per_layer_encoder': [832, 416, 208, 104, 52], 'neurons_per_layer_decoder': [52, 104]}",832,"[52, 104]","[832, 416, 208, 104, 52]",0.998444815739391,0.8086650694082711,COMPLETE
51,0.007740807924768333,2024-12-21 15:27:34.318417,2024-12-21 15:27:44.820503,0 days 00:00:10.502086,0.04404020229633129,384,0.2,672,50,0.000738571640099745,14,0.0009010891608420467,2,5,adam,"{'neurons_per_layer_encoder': [672, 336, 168, 84, 42], 'neurons_per_layer_decoder': [42, 84]}",672,"[42, 84]","[672, 336, 168, 84, 42]",0.9986960660153836,0.9033123905746375,COMPLETE
52,0.01473652144384395,2024-12-21 15:27:36.816800,2024-12-21 15:27:50.971695,0 days 00:00:14.154895,0.06054521399487879,384,0.2,640,50,0.0007443425455181516,13,0.000372768769180835,5,5,adam,"{'neurons_per_layer_encoder': [640, 320, 160, 80, 40], 'neurons_per_layer_decoder': [40, 80, 160, 320, 640]}",640,"[40, 80, 160, 320, 640]","[640, 320, 160, 80, 40]",0.9983963323335899,0.8159314837031684,COMPLETE
53,0.011137173857856323,2024-12-21 15:27:41.626824,2024-12-21 15:27:52.908697,0 days 00:00:11.281873,0.06510611289738161,384,0.3,528,50,0.0007282936060014324,11,0.0008944380601068413,5,5,adam,"{'neurons_per_layer_encoder': [528, 264, 132, 66, 33], 'neurons_per_layer_decoder': [33, 66, 132, 264, 528]}",528,"[33, 66, 132, 264, 528]","[528, 264, 132, 66, 33]",0.998342941324182,0.8608896220476886,COMPLETE
54,0.03003008342961251,2024-12-21 15:27:41.967460,2024-12-21 15:27:51.495421,0 days 00:00:09.527961,0.0711852245359032,256,0.3,512,50,0.00010638876332068601,10,0.00017077903876724194,2,5,adam,"{'neurons_per_layer_encoder': [512, 256, 128, 64, 32], 'neurons_per_layer_decoder': [32, 64]}",512,"[32, 64]","[512, 256, 128, 64, 32]",0.9970575770441059,0.6249051770987688,COMPLETE
55,0.08071969491777461,2024-12-21 15:27:42.183834,2024-12-21 15:28:14.287911,0 days 00:00:32.104077,0.06777705824852388,256,0.3,640,50,0.0006738108860849022,13,0.00032278132035380816,5,5,adadelta,"{'neurons_per_layer_encoder': [640, 320, 160, 80, 40], 'neurons_per_layer_decoder': [40, 80, 160, 320, 640]}",640,"[40, 80, 160, 320, 640]","[640, 320, 160, 80, 40]",0.9961953040454256,-0.008240278146132596,COMPLETE
56,0.08057253223307427,2024-12-21 15:27:44.837965,2024-12-21 15:29:25.129555,0 days 00:01:40.291590,0.058806440761377234,256,0.3,592,50,0.0004529824656923459,49,0.0002980534294450136,5,3,adadelta,"{'neurons_per_layer_encoder': [592, 296, 148], 'neurons_per_layer_decoder': [148, 296, 592, 1184, 2368]}",592,"[148, 296, 592, 1184, 2368]","[592, 296, 148]",0.9962040683130017,-0.00640212270827889,COMPLETE
57,0.005118233188591223,2024-12-21 15:27:47.037698,2024-12-21 15:28:08.197953,0 days 00:00:21.160255,0.06916289736538425,256,0.2,624,50,0.000411731552337668,13,0.00089895421866984,2,5,adam,"{'neurons_per_layer_encoder': [624, 312, 156, 78, 39], 'neurons_per_layer_decoder': [39, 78]}",624,"[39, 78]","[624, 312, 156, 78, 39]",0.998303208369115,0.9360700153916754,COMPLETE
58,0.086275770225819,2024-12-21 15:27:50.983351,2024-12-21 15:28:12.498666,0 days 00:00:21.515315,0.04362801009315467,256,0.2,976,50,0.0004268660044865679,20,0.0009081006870478987,2,5,adadelta,"{'neurons_per_layer_encoder': [976, 488, 244, 122, 61], 'neurons_per_layer_decoder': [61, 122]}",976,"[61, 122]","[976, 488, 244, 122, 61]",0.9961277066147232,-0.0776391890276702,COMPLETE
59,0.08432377417495812,2024-12-21 15:27:51.506369,2024-12-21 15:28:09.239341,0 days 00:00:17.732972,0.04199711484485683,256,0.2,608,50,0.0004497997244573526,12,0.0008905425857082634,2,5,adadelta,"{'neurons_per_layer_encoder': [608, 304, 152, 76, 38], 'neurons_per_layer_decoder': [38, 76]}",608,"[38, 76]","[608, 304, 152, 76, 38]",0.9961157592299476,-0.05325751807035406,COMPLETE
60,0.08399667191058462,2024-12-21 15:27:52.929585,2024-12-21 15:28:35.353148,0 days 00:00:42.423563,0.042164395104536845,256,0.2,976,50,0.0004508069738930458,81,0.0009046772088856664,2,3,adadelta,"{'neurons_per_layer_encoder': [976, 488, 244], 'neurons_per_layer_decoder': [244, 488]}",976,"[244, 488]","[976, 488, 244]",0.9961519946571082,-0.04917180295026924,COMPLETE
61,0.08216406582889627,2024-12-21 15:28:08.209203,2024-12-21 15:29:14.741887,0 days 00:01:06.532684,0.030854007034215095,256,0.2,960,50,0.00043404086241830047,80,0.0007459131961715884,3,3,adadelta,"{'neurons_per_layer_encoder': [960, 480, 240], 'neurons_per_layer_decoder': [240, 480, 960]}",960,"[240, 480, 960]","[960, 480, 240]",0.9961528178142804,-0.02628138856731188,COMPLETE
62,0.08158494773904051,2024-12-21 15:28:09.261033,2024-12-21 15:28:51.104827,0 days 00:00:41.843794,0.02996128608398721,256,0.2,944,50,0.00041649076043220434,39,0.0007534348012370526,3,4,adadelta,"{'neurons_per_layer_encoder': [944, 472, 236, 118], 'neurons_per_layer_decoder': [118, 236, 472]}",944,"[118, 236, 472]","[944, 472, 236, 118]",0.9961714978592823,-0.019047835658193568,COMPLETE
63,0.01151467781175286,2024-12-21 15:28:12.512484,2024-12-21 15:28:32.917306,0 days 00:00:20.404822,0.02901852683704954,256,0.2,1120,50,7.886999887323348e-05,46,0.0007430992698027677,3,4,adam,"{'neurons_per_layer_encoder': [1120, 560, 280, 140], 'neurons_per_layer_decoder': [140, 280, 560]}",1120,"[140, 280, 560]","[1120, 560, 280, 140]",0.9980928239784622,0.8561743578006468,COMPLETE
64,0.009054439239145107,2024-12-21 15:28:14.307819,2024-12-21 15:28:34.927875,0 days 00:00:20.620056,0.030141588420673427,256,0.2,1104,50,0.0002351548342630659,46,0.0007567682346659712,3,4,adam,"{'neurons_per_layer_encoder': [1104, 552, 276, 138], 'neurons_per_layer_decoder': [138, 276, 552]}",1104,"[138, 276, 552]","[1104, 552, 276, 138]",0.9978254032465429,0.8869043007876546,COMPLETE
65,0.014501777821917968,2024-12-21 15:28:32.928437,2024-12-21 15:28:57.441578,0 days 00:00:24.513141,0.10496659128959798,256,0.2,1216,50,0.0001953513968888151,101,0.0007639712035533713,3,3,adam,"{'neurons_per_layer_encoder': [1216, 608, 304], 'neurons_per_layer_decoder': [304, 608, 1216]}",1216,"[304, 608, 1216]","[1216, 608, 304]",0.997903579659029,0.8188635806951698,COMPLETE
66,0.016691273560763782,2024-12-21 15:28:34.940280,2024-12-21 15:28:57.819568,0 days 00:00:22.879288,0.12655851344711055,256,0.2,1248,50,0.00018656149875029165,136,0.000994350810897656,3,3,adam,"{'neurons_per_layer_encoder': [1248, 624, 312], 'neurons_per_layer_decoder': [312, 624, 1248]}",1248,"[312, 624, 1248]","[1248, 624, 312]",0.9976984842279328,0.7915153877295944,COMPLETE
67,0.008993707687963655,2024-12-21 15:28:35.369070,2024-12-21 15:28:53.555902,0 days 00:00:18.186832,0.1114672062425717,256,0.2,672,50,0.0009098372057949024,14,0.0009958006529447807,2,5,adam,"{'neurons_per_layer_encoder': [672, 336, 168, 84, 42], 'neurons_per_layer_decoder': [42, 84]}",672,"[42, 84]","[672, 336, 168, 84, 42]",0.9977710281368078,0.8876628764502337,COMPLETE
68,0.011105348873162295,2024-12-21 15:28:51.145655,2024-12-21 15:29:06.856919,0 days 00:00:15.711264,0.10797010974273835,256,0.2,704,50,0.000838037525930812,14,0.0009628717474579061,2,5,adam,"{'neurons_per_layer_encoder': [704, 352, 176, 88, 44], 'neurons_per_layer_decoder': [44, 88]}",704,"[44, 88]","[704, 352, 176, 88, 44]",0.997463656974305,0.8612871363278477,COMPLETE
69,0.010278400019597097,2024-12-21 15:28:53.573134,2024-12-21 15:29:06.457228,0 days 00:00:12.884094,0.058001740473636154,384,0.2,736,50,0.0006492022410038902,15,0.0008455387262501547,2,5,adam,"{'neurons_per_layer_encoder': [736, 368, 184, 92, 46], 'neurons_per_layer_decoder': [46, 92]}",736,"[46, 92]","[736, 368, 184, 92, 46]",0.99853279521826,0.8716162529453042,COMPLETE
70,0.01919059598624481,2024-12-21 15:28:57.454244,2024-12-21 15:29:07.060261,0 days 00:00:09.606017,0.2659626354634454,768,0.2,576,50,0.00013021373602421386,12,0.0006612626098228862,2,5,adam,"{'neurons_per_layer_encoder': [576, 288, 144, 72, 36], 'neurons_per_layer_decoder': [36, 72]}",576,"[36, 72]","[576, 288, 144, 72, 36]",0.9990522192987251,0.7602972625866442,COMPLETE
71,0.013894646156901851,2024-12-21 15:28:57.884702,2024-12-21 15:29:08.217814,0 days 00:00:10.333112,0.05637148009019873,384,0.2,576,50,0.0006163006808083626,12,0.0006627136368888195,2,5,adam,"{'neurons_per_layer_encoder': [576, 288, 144, 72, 36], 'neurons_per_layer_decoder': [36, 72]}",576,"[36, 72]","[576, 288, 144, 72, 36]",0.9983839460583797,0.826447040957634,COMPLETE
72,0.014661330809555582,2024-12-21 15:29:06.482169,2024-12-21 15:29:16.292399,0 days 00:00:09.810230,0.045247136992806025,384,0.2,576,50,0.00013222683384967555,12,0.0006487163200526017,2,5,adam,"{'neurons_per_layer_encoder': [576, 288, 144, 72, 36], 'neurons_per_layer_decoder': [36, 72]}",576,"[36, 72]","[576, 288, 144, 72, 36]",0.9984176496334861,0.8168706625009341,COMPLETE
73,0.023300294728742735,2024-12-21 15:29:06.870095,2024-12-21 15:29:17.599367,0 days 00:00:10.729272,0.04482229868834265,384,0.2,592,50,0.00034474701483314194,12,0.00024486391660603093,2,5,adam,"{'neurons_per_layer_encoder': [592, 296, 148, 74, 37], 'neurons_per_layer_decoder': [37, 74]}",592,"[37, 74]","[592, 296, 148, 74, 37]",0.9980550685370967,0.7089645140244281,COMPLETE
74,0.01085050336868442,2024-12-21 15:29:07.073852,2024-12-21 15:29:21.463772,0 days 00:00:14.389920,0.013756888166432177,384,0.2,1072,50,0.00035383455828116514,22,0.0008199271113853804,2,5,adam,"{'neurons_per_layer_encoder': [1072, 536, 268, 134, 67], 'neurons_per_layer_decoder': [67, 134]}",1072,"[67, 134]","[1072, 536, 268, 134, 67]",0.9985549532923412,0.8644703186054914,COMPLETE
75,0.01558179677437136,2024-12-21 15:29:08.232492,2024-12-21 15:29:22.248107,0 days 00:00:14.015615,0.045001895983994865,384,0.2,784,50,0.00034459949016878687,16,0.0005338402986795897,4,5,adam,"{'neurons_per_layer_encoder': [784, 392, 196, 98, 49], 'neurons_per_layer_decoder': [49, 98, 196, 392]}",784,"[49, 98, 196, 392]","[784, 392, 196, 98, 49]",0.9983425267733198,0.8053734577439629,COMPLETE
76,0.00952790949290315,2024-12-21 15:29:14.766946,2024-12-21 15:29:36.704499,0 days 00:00:21.937553,0.024732017832216808,384,0.2,1520,50,0.0002530599221447966,31,0.0005406911850021547,4,5,adam,"{'neurons_per_layer_encoder': [1520, 760, 380, 190, 95], 'neurons_per_layer_decoder': [95, 190, 380, 760]}",1520,"[95, 190, 380, 760]","[1520, 760, 380, 190, 95]",0.998644029940917,0.8809903564791534,COMPLETE
77,0.01196589007217856,2024-12-21 15:29:16.314977,2024-12-21 15:29:36.517232,0 days 00:00:20.202255,0.07326913674936789,384,0.2,1856,50,0.0009152333004269551,38,0.00056827751335432,2,5,adam,"{'neurons_per_layer_encoder': [1856, 928, 464, 232, 116], 'neurons_per_layer_decoder': [116, 232]}",1856,"[116, 232]","[1856, 928, 464, 232, 116]",0.9985039330892113,0.8505384299714104,COMPLETE
78,0.0103571808088861,2024-12-21 15:29:17.621693,2024-12-21 15:29:40.899511,0 days 00:00:23.277818,0.013353266608912964,640,0.2,1904,50,0.0009013628440573501,39,0.000822071842069038,2,5,adam,"{'neurons_per_layer_encoder': [1904, 952, 476, 238, 119], 'neurons_per_layer_decoder': [119, 238]}",1904,"[119, 238]","[1904, 952, 476, 238, 119]",0.999047455342215,0.870632230830426,COMPLETE
79,0.01697329802135521,2024-12-21 15:29:21.484077,2024-12-21 15:29:43.957183,0 days 00:00:22.473106,0.07651357693461412,640,0.2,1872,50,0.0009979640567121977,39,0.0005657726930327245,2,5,adam,"{'neurons_per_layer_encoder': [1872, 936, 468, 234, 117], 'neurons_per_layer_decoder': [117, 234]}",1872,"[117, 234]","[1872, 936, 468, 234, 117]",0.9987722484817769,0.7879927230208097,COMPLETE
80,0.013094755604093481,2024-12-21 15:29:22.264927,2024-12-21 15:29:42.193039,0 days 00:00:19.928112,0.025302625272424103,640,0.2,1872,50,0.0008173801905407922,39,0.000558733519296112,2,5,adam,"{'neurons_per_layer_encoder': [1872, 936, 468, 234, 117], 'neurons_per_layer_decoder': [117, 234]}",1872,"[117, 234]","[1872, 936, 468, 234, 117]",0.9990741262595242,0.8364381822060183,COMPLETE
81,0.007279524798689363,2024-12-21 15:29:25.182972,2024-12-21 15:29:47.139223,0 days 00:00:21.956251,0.024607958995562184,640,0.2,1552,50,0.000996595458917532,32,0.0008559500295056849,2,5,adam,"{'neurons_per_layer_encoder': [1552, 776, 388, 194, 97], 'neurons_per_layer_decoder': [97, 194]}",1552,"[97, 194]","[1552, 776, 388, 194, 97]",0.9991035719559203,0.9090741099148275,COMPLETE
82,0.007359051619408207,2024-12-21 15:29:36.548125,2024-12-21 15:29:56.075551,0 days 00:00:19.527426,0.02504194175644066,640,0.2,1936,50,0.0006066566702330587,40,0.0009313879468590961,2,5,adam,"{'neurons_per_layer_encoder': [1936, 968, 484, 242, 121], 'neurons_per_layer_decoder': [121, 242]}",1936,"[121, 242]","[1936, 968, 484, 242, 121]",0.9991968484680351,0.9080807693933683,COMPLETE
83,0.012012956115611227,2024-12-21 15:29:36.723657,2024-12-21 15:29:54.429326,0 days 00:00:17.705669,0.03841830877768341,640,0.2,1552,50,0.0008299492089588531,32,0.0008504524683312487,2,5,adam,"{'neurons_per_layer_encoder': [1552, 776, 388, 194, 97], 'neurons_per_layer_decoder': [97, 194]}",1552,"[97, 194]","[1552, 776, 388, 194, 97]",0.9988655956408133,0.8499505451835636,COMPLETE
84,0.008942927709623644,2024-12-21 15:29:40.926403,2024-12-21 15:30:02.308592,0 days 00:00:21.382189,0.037173063287835685,256,0.2,1664,50,0.0008114853421183637,34,0.0009363155077663698,2,5,adam,"{'neurons_per_layer_encoder': [1664, 832, 416, 208, 104], 'neurons_per_layer_decoder': [104, 208]}",1664,"[104, 208]","[1664, 832, 416, 208, 104]",0.997604239561741,0.8882971506448766,COMPLETE
85,0.011687621335264527,2024-12-21 15:29:42.214231,2024-12-21 15:30:04.211952,0 days 00:00:21.997721,0.03829915477091977,256,0.2,1744,50,0.0005832960129576264,36,0.0004994025823625427,3,5,adam,"{'neurons_per_layer_encoder': [1744, 872, 436, 218, 109], 'neurons_per_layer_decoder': [109, 218, 436]}",1744,"[109, 218, 436]","[1744, 872, 436, 218, 109]",0.9979031536501473,0.8540141833051089,COMPLETE
86,0.006281739143442506,2024-12-21 15:29:43.981856,2024-12-21 15:30:27.673144,0 days 00:00:43.691288,0.03837742816068843,256,0.2,1712,50,0.0006871352420680741,35,0.0004993964474172332,3,5,adam,"{'neurons_per_layer_encoder': [1712, 856, 428, 214, 107], 'neurons_per_layer_decoder': [107, 214, 428]}",1712,"[107, 214, 428]","[1712, 856, 428, 214, 107]",0.9979669846146613,0.9215370867335715,COMPLETE
87,0.015688455693232718,2024-12-21 15:29:47.179983,2024-12-21 15:30:03.305469,0 days 00:00:16.125486,0.017763294094485838,1024,0.2,1728,50,0.0006373783574067247,36,0.0009304020363195196,2,5,adam,"{'neurons_per_layer_encoder': [1728, 864, 432, 216, 108], 'neurons_per_layer_decoder': [108, 216]}",1728,"[108, 216]","[1728, 864, 432, 216, 108]",0.9993292705671948,0.804041220077194,COMPLETE
88,0.01018732625964523,2024-12-21 15:29:54.460895,2024-12-21 15:30:11.167731,0 days 00:00:16.706836,0.019800372402042122,768,0.2,1760,50,0.0006726939290326786,36,0.0009430369321270488,2,5,adam,"{'neurons_per_layer_encoder': [1760, 880, 440, 220, 110], 'neurons_per_layer_decoder': [110, 220]}",1760,"[110, 220]","[1760, 880, 440, 220, 110]",0.9992038118413946,0.8727538220746129,COMPLETE
89,0.012836689295730416,2024-12-21 15:29:56.036779,2024-12-21 15:30:11.695379,0 days 00:00:15.658600,0.019204429772585557,768,0.2,1696,50,0.0006722640599902164,35,0.0009265686036470402,2,5,adam,"{'neurons_per_layer_encoder': [1696, 848, 424, 212, 106], 'neurons_per_layer_decoder': [106, 212]}",1696,"[106, 212]","[1696, 848, 424, 212, 106]",0.9990601271476187,0.83966159437066,COMPLETE
90,0.011053276239884082,2024-12-21 15:29:56.096309,2024-12-21 15:30:13.557718,0 days 00:00:17.461409,0.018408493845333416,768,0.2,2048,50,0.0006910884325569485,42,0.0009360926524571684,2,5,adam,"{'neurons_per_layer_encoder': [2048, 1024, 512, 256, 128], 'neurons_per_layer_decoder': [128, 256]}",2048,"[128, 256]","[2048, 1024, 512, 256, 128]",0.99913687135595,0.8619375566040108,COMPLETE
91,0.012319835323983086,2024-12-21 15:30:02.349584,2024-12-21 15:30:26.059803,0 days 00:00:23.710219,0.019665773563497697,768,0.2,2000,50,0.0005919616415379249,41,0.0007096306805488322,2,5,adam,"{'neurons_per_layer_encoder': [2000, 1000, 500, 250, 125], 'neurons_per_layer_decoder': [125, 250]}",2000,"[125, 250]","[2000, 1000, 500, 250, 125]",0.999139331917927,0.8461174288825012,COMPLETE
92,0.08064597714557627,2024-12-21 15:30:03.357476,2024-12-21 15:30:17.502948,0 days 00:00:14.145472,0.02007337463236156,768,0.2,2000,50,0.0005840363918681794,41,0.0007124701130855086,2,5,sgd,"{'neurons_per_layer_encoder': [2000, 1000, 500, 250, 125], 'neurons_per_layer_decoder': [125, 250]}",2000,"[125, 250]","[2000, 1000, 500, 250, 125]",0.9987407224961291,-0.007319496331715802,COMPLETE
93,0.010989739132579618,2024-12-21 15:30:04.253846,2024-12-21 15:30:25.210180,0 days 00:00:20.956334,0.020006195100227796,640,0.2,1984,50,0.0004941579997465401,41,0.000721149922993582,2,5,adam,"{'neurons_per_layer_encoder': [1984, 992, 496, 248, 124], 'neurons_per_layer_decoder': [124, 248]}",1984,"[124, 248]","[1984, 992, 496, 248, 124]",0.999007513965363,0.8627311754451934,COMPLETE
94,0.08055410634330841,2024-12-21 15:30:11.183206,2024-12-21 15:30:25.232650,0 days 00:00:14.049444,0.03341864832330226,640,0.2,2048,50,0.00021960957499519353,42,0.0008695223863243526,2,5,sgd,"{'neurons_per_layer_encoder': [2048, 1024, 512, 256, 128], 'neurons_per_layer_decoder': [128, 256]}",2048,"[128, 256]","[2048, 1024, 512, 256, 128]",0.9984649929588784,-0.006171971637446205,COMPLETE
95,0.08132238207668847,2024-12-21 15:30:11.752502,2024-12-21 15:30:24.694659,0 days 00:00:12.942157,0.0334229650854644,768,0.2,1968,50,2.1302525999561585e-05,41,0.0007984971835424258,2,5,sgd,"{'neurons_per_layer_encoder': [1968, 984, 492, 246, 123], 'neurons_per_layer_decoder': [123, 246]}",1968,"[123, 246]","[1968, 984, 492, 246, 123]",0.9987370432452146,-0.015768223703377382,COMPLETE
96,0.012036972947695294,2024-12-21 15:30:13.606847,2024-12-21 15:30:33.179960,0 days 00:00:19.573113,0.03141016416914615,512,0.1,1424,50,0.0005083265376594796,29,0.000785043964393358,3,5,adam,"{'neurons_per_layer_encoder': [1424, 712, 356, 178, 89], 'neurons_per_layer_decoder': [89, 178, 356]}",1424,"[89, 178, 356]","[1424, 712, 356, 178, 89]",0.9986775827057557,0.8496505596907382,COMPLETE
97,0.007909189129526303,2024-12-21 15:30:17.521222,2024-12-21 15:30:35.392387,0 days 00:00:17.871165,0.032746032860435995,640,0.2,1408,50,0.0004838726195610583,29,0.0008668699556456046,2,5,adam,"{'neurons_per_layer_encoder': [1408, 704, 352, 176, 88], 'neurons_per_layer_decoder': [88, 176]}",1408,"[88, 176]","[1408, 704, 352, 176, 88]",0.999133969607467,0.9012092023391927,COMPLETE
98,0.012940781922657777,2024-12-21 15:30:24.721549,2024-12-21 15:30:36.127998,0 days 00:00:11.406449,0.027628826388516915,512,0.2,1408,50,0.00040035824262441293,29,0.000865962070906764,2,5,adam,"{'neurons_per_layer_encoder': [1408, 704, 352, 176, 88], 'neurons_per_layer_decoder': [88, 176]}",1408,"[88, 176]","[1408, 704, 352, 176, 88]",0.9983317839853406,0.8383614113207475,COMPLETE
99,0.012506345182586752,2024-12-21 15:30:25.224160,2024-12-21 15:30:34.141406,0 days 00:00:08.917246,0.026913567847222306,512,0.2,880,50,0.0003166930874395089,18,0.0008649274322239331,2,5,adam,"{'neurons_per_layer_encoder': [880, 440, 220, 110, 55], 'neurons_per_layer_decoder': [55, 110]}",880,"[55, 110]","[880, 440, 220, 110, 55]",0.9985867895996535,0.8437878022417278,COMPLETE
100,0.006757667677172215,2024-12-21 15:30:25.249767,2024-12-21 15:30:38.083223,0 days 00:00:12.833456,0.015683852167314036,256,0.2,1424,50,4.9404059911468924e-05,29,0.0007862772010204667,2,5,adam,"{'neurons_per_layer_encoder': [1424, 712, 356, 178, 89], 'neurons_per_layer_decoder': [89, 178]}",1424,"[89, 178]","[1424, 712, 356, 178, 89]",0.9982090541892322,0.9155924369462535,COMPLETE
101,0.011769497757053025,2024-12-21 15:30:26.075130,2024-12-21 15:30:37.746127,0 days 00:00:11.670997,0.04824460242830232,512,0.2,1424,50,0.00040089001976031707,29,0.0008717167547391453,2,5,adam,"{'neurons_per_layer_encoder': [1424, 712, 356, 178, 89], 'neurons_per_layer_decoder': [89, 178]}",1424,"[89, 178]","[1424, 712, 356, 178, 89]",0.9982915820955882,0.8529914947733728,COMPLETE
102,0.006753261222311823,2024-12-21 15:30:27.691232,2024-12-21 15:30:48.257820,0 days 00:00:20.566588,0.02661761148510997,256,0.2,1808,50,0.00039675628958032614,37,0.0007781906769132664,3,5,adam,"{'neurons_per_layer_encoder': [1808, 904, 452, 226, 113], 'neurons_per_layer_decoder': [113, 226, 452]}",1808,"[113, 226, 452]","[1808, 904, 452, 226, 113]",0.9983043216214571,0.9156474763672846,COMPLETE
103,0.007143774199283916,2024-12-21 15:30:33.193230,2024-12-21 15:30:43.250605,0 days 00:00:10.057375,0.026985221578104932,256,0.2,784,50,0.00040908187813053736,16,0.0008733122541926159,3,5,adam,"{'neurons_per_layer_encoder': [784, 392, 196, 98, 49], 'neurons_per_layer_decoder': [49, 98, 196]}",784,"[49, 98, 196]","[784, 392, 196, 98, 49]",0.9982326881458233,0.9107697211562039,COMPLETE
104,0.004476841210517762,2024-12-21 15:30:34.158222,2024-12-21 15:30:55.282983,0 days 00:00:21.124761,0.048067545289588356,256,0.2,800,50,0.0004046561859970098,16,0.0008118253674894569,3,5,adam,"{'neurons_per_layer_encoder': [800, 400, 200, 100, 50], 'neurons_per_layer_decoder': [50, 100, 200]}",800,"[50, 100, 200]","[800, 400, 200, 100, 50]",0.9984303963351259,0.944081408732944,COMPLETE
105,0.007680761139104422,2024-12-21 15:30:35.406247,2024-12-21 15:30:51.157358,0 days 00:00:15.751111,0.047220706893790924,256,0.2,1808,50,0.0007617261078847134,37,0.0007993175072440866,3,5,adam,"{'neurons_per_layer_encoder': [1808, 904, 452, 226, 113], 'neurons_per_layer_decoder': [113, 226, 452]}",1808,"[113, 226, 452]","[1808, 904, 452, 226, 113]",0.9980156623956034,0.9040624130808081,COMPLETE
106,0.011426823664142138,2024-12-21 15:30:36.143783,2024-12-21 15:30:46.388708,0 days 00:00:10.244925,0.02338743427991476,256,0.2,784,50,4.980379270359773e-05,32,0.00042891959132435454,3,4,adam,"{'neurons_per_layer_encoder': [784, 392, 196, 98], 'neurons_per_layer_decoder': [98, 196, 392]}",784,"[98, 196, 392]","[784, 392, 196, 98]",0.9979419278992522,0.8572717119260997,COMPLETE
107,0.007402901587414371,2024-12-21 15:30:37.764805,2024-12-21 15:30:53.092922,0 days 00:00:15.328117,0.023344910707200656,256,0.2,1568,50,0.0004926641232858244,32,0.0007849953801422619,3,5,adam,"{'neurons_per_layer_encoder': [1568, 784, 392, 196, 98], 'neurons_per_layer_decoder': [98, 196, 392]}",1568,"[98, 196, 392]","[1568, 784, 392, 196, 98]",0.9981697135028903,0.9075330554310662,COMPLETE
108,0.008130907926325601,2024-12-21 15:30:38.097963,2024-12-21 15:30:55.507859,0 days 00:00:17.409896,0.015391200507632487,256,0.2,1824,50,4.701989180848113e-05,38,0.0008134046488876794,3,5,adam,"{'neurons_per_layer_encoder': [1824, 912, 456, 228, 114], 'neurons_per_layer_decoder': [114, 228, 456]}",1824,"[114, 228, 456]","[1824, 912, 456, 228, 114]",0.9980490247704368,0.8984397936888892,COMPLETE
109,0.008785391930568131,2024-12-21 15:30:43.263296,2024-12-21 15:30:55.758782,0 days 00:00:12.495486,0.011695144194686634,256,0.2,784,50,6.578043196805033e-05,16,0.0007999330769188305,3,5,adam,"{'neurons_per_layer_encoder': [784, 392, 196, 98, 49], 'neurons_per_layer_decoder': [49, 98, 196]}",784,"[49, 98, 196]","[784, 392, 196, 98, 49]",0.9982078321955782,0.8902648726222043,COMPLETE
110,0.007665834370579336,2024-12-21 15:30:46.410494,2024-12-21 15:31:05.223705,0 days 00:00:18.813211,0.015508152380783515,256,0.2,1920,50,6.451481338443618e-05,40,0.0007990954227751173,3,5,adam,"{'neurons_per_layer_encoder': [1920, 960, 480, 240, 120], 'neurons_per_layer_decoder': [120, 240, 480]}",1920,"[120, 240, 480]","[1920, 960, 480, 240, 120]",0.9979825676762814,0.9042488579040311,COMPLETE
111,0.013252047994597392,2024-12-21 15:30:48.278467,2024-12-21 15:31:06.703622,0 days 00:00:18.425155,0.016152576288869427,256,0.2,1808,50,6.248228547728224e-05,37,0.0006384407455267518,3,5,adam,"{'neurons_per_layer_encoder': [1808, 904, 452, 226, 113], 'neurons_per_layer_decoder': [113, 226, 452]}",1808,"[113, 226, 452]","[1808, 904, 452, 226, 113]",0.9970355012723519,0.8344735003063471,COMPLETE
112,0.01020714307404639,2024-12-21 15:30:51.170638,2024-12-21 15:31:06.060480,0 days 00:00:14.889842,0.01666372125904557,256,0.2,1600,50,9.422408028805341e-05,33,0.0006314427231055396,3,5,adam,"{'neurons_per_layer_encoder': [1600, 800, 400, 200, 100], 'neurons_per_layer_decoder': [100, 200, 400]}",1600,"[100, 200, 400]","[1600, 800, 400, 200, 100]",0.9980127395900561,0.8725062974713034,COMPLETE
113,0.011507634793139187,2024-12-21 15:30:53.110666,2024-12-21 15:31:05.235951,0 days 00:00:12.125285,0.036208612508559376,256,0.2,896,50,5.307992861943362e-05,18,0.0006756326477309319,3,5,adam,"{'neurons_per_layer_encoder': [896, 448, 224, 112, 56], 'neurons_per_layer_decoder': [56, 112, 224]}",896,"[56, 112, 224]","[896, 448, 224, 112, 56]",0.9975374514154476,0.856262329578207,COMPLETE
114,0.008400292711891695,2024-12-21 15:30:55.296966,2024-12-21 15:31:06.787037,0 days 00:00:11.490071,0.035713992022733655,256,0.2,928,50,6.245143839766935e-05,19,0.0006434269308785789,3,5,adam,"{'neurons_per_layer_encoder': [928, 464, 232, 116, 58], 'neurons_per_layer_decoder': [58, 116, 232]}",928,"[58, 116, 232]","[928, 464, 232, 116, 58]",0.9982981164027547,0.8950750065523152,COMPLETE
115,0.008671179654997087,2024-12-21 15:30:55.523404,2024-12-21 15:31:07.224873,0 days 00:00:11.701469,0.01236007554835223,256,0.2,912,50,0.0002608921481641911,19,0.000669234663620452,3,5,adam,"{'neurons_per_layer_encoder': [912, 456, 228, 114, 57], 'neurons_per_layer_decoder': [57, 114, 228]}",912,"[57, 114, 228]","[912, 456, 228, 114, 57]",0.9980614993636677,0.8916914565136171,COMPLETE
116,0.011406369868488723,2024-12-21 15:30:55.771508,2024-12-21 15:31:07.060169,0 days 00:00:11.288661,0.06376516434859157,256,0.2,912,50,0.0003091232841747958,19,0.0006297576417384986,3,5,adam,"{'neurons_per_layer_encoder': [912, 456, 228, 114, 57], 'neurons_per_layer_decoder': [57, 114, 228]}",912,"[57, 114, 228]","[912, 456, 228, 114, 57]",0.9978357365941282,0.8575271928299826,COMPLETE
117,0.009446073259180949,2024-12-21 15:31:05.250656,2024-12-21 15:31:13.806949,0 days 00:00:08.556293,0.039685474293578035,256,0.2,928,50,1.024056003757715e-05,19,0.0006386947626347327,3,5,adam,"{'neurons_per_layer_encoder': [928, 464, 232, 116, 58], 'neurons_per_layer_decoder': [58, 116, 232]}",928,"[58, 116, 232]","[928, 464, 232, 116, 58]",0.9979501384854155,0.8820125430364063,COMPLETE
118,0.005272407973689405,2024-12-21 15:31:05.250698,2024-12-21 15:31:17.202134,0 days 00:00:11.951436,0.04116925060569756,256,0.2,928,50,0.00031988543033780614,19,0.0006401039267493551,3,5,adam,"{'neurons_per_layer_encoder': [928, 464, 232, 116, 58], 'neurons_per_layer_decoder': [58, 116, 232]}",928,"[58, 116, 232]","[928, 464, 232, 116, 58]",0.9983115916618807,0.9341442743644224,COMPLETE
119,0.009725288484223622,2024-12-21 15:31:06.075373,2024-12-21 15:31:14.028878,0 days 00:00:07.953505,0.04066706927985071,256,0.2,928,50,0.00031354380629039264,19,0.0007356335900943346,3,5,adam,"{'neurons_per_layer_encoder': [928, 464, 232, 116, 58], 'neurons_per_layer_decoder': [58, 116, 232]}",928,"[58, 116, 232]","[928, 464, 232, 116, 58]",0.9977792361928294,0.8785249674645904,COMPLETE
120,0.008188437845864018,2024-12-21 15:31:06.798336,2024-12-21 15:31:15.277590,0 days 00:00:08.479254,0.028765926855413335,256,0.2,1040,50,0.0002636726718280265,21,0.0007533031935077185,3,5,adam,"{'neurons_per_layer_encoder': [1040, 520, 260, 130, 65], 'neurons_per_layer_decoder': [65, 130, 260]}",1040,"[65, 130, 260]","[1040, 520, 260, 130, 65]",0.998253589475189,0.8977212084398216,COMPLETE
121,0.009995165911174973,2024-12-21 15:31:07.069785,2024-12-21 15:31:15.700929,0 days 00:00:08.631144,0.04046048520117725,256,0.2,864,50,0.00025126713065249957,18,0.0006858478489932729,4,5,adam,"{'neurons_per_layer_encoder': [864, 432, 216, 108, 54], 'neurons_per_layer_decoder': [54, 108, 216, 432]}",864,"[54, 108, 216, 432]","[864, 432, 216, 108, 54]",0.9975520988806319,0.8751540269240945,COMPLETE
122,0.007449449866509318,2024-12-21 15:31:07.234032,2024-12-21 15:31:15.684881,0 days 00:00:08.450849,0.053734474878905286,256,0.2,816,50,0.0003579523816136909,17,0.0007615097686854332,4,5,adam,"{'neurons_per_layer_encoder': [816, 408, 204, 102, 51], 'neurons_per_layer_decoder': [51, 102, 204, 408]}",816,"[51, 102, 204, 408]","[816, 408, 204, 102, 51]",0.9981609961007847,0.9069516378487807,COMPLETE
123,0.01028056146875971,2024-12-21 15:31:13.819127,2024-12-21 15:31:20.646746,0 days 00:00:06.827619,0.040962670004012526,256,0.2,1040,50,0.00036664683019858586,21,0.0007396937454374372,4,5,adam,"{'neurons_per_layer_encoder': [1040, 520, 260, 130, 65], 'neurons_per_layer_decoder': [65, 130, 260, 520]}",1040,"[65, 130, 260, 520]","[1040, 520, 260, 130, 65]",0.9976174212791864,0.8715892550718963,COMPLETE
124,0.009990828592582605,2024-12-21 15:31:15.691965,2024-12-21 15:31:22.593671,0 days 00:00:06.901706,0.03134251554237984,256,0.2,1296,50,3.0049769595527046e-05,27,0.0009948939980007803,4,5,adam,"{'neurons_per_layer_encoder': [1296, 648, 324, 162, 81], 'neurons_per_layer_decoder': [81, 162, 324, 648]}",1296,"[81, 162, 324, 648]","[1296, 648, 324, 162, 81]",0.9978305355647638,0.8752082027892093,COMPLETE
125,0.01237789134435496,2024-12-21 15:31:20.655783,2024-12-21 15:31:25.441369,0 days 00:00:04.785586,0.03122634174378816,256,0.2,992,50,0.00045108602711726954,20,0.0005859416301127846,3,5,adam,"{'neurons_per_layer_encoder': [992, 496, 248, 124, 62], 'neurons_per_layer_decoder': [62, 124, 248]}",992,"[62, 124, 248]","[992, 496, 248, 124, 62]",0.9979169013242579,0.8453922722997438,COMPLETE
126,0.01248062018099842,2024-12-21 15:31:22.601932,2024-12-21 15:31:27.655022,0 days 00:00:05.053090,0.025578671155222096,256,0.2,992,50,0.00021221577405712547,20,0.0005064031884635153,3,5,adam,"{'neurons_per_layer_encoder': [992, 496, 248, 124, 62], 'neurons_per_layer_decoder': [62, 124, 248]}",992,"[62, 124, 248]","[992, 496, 248, 124, 62]",0.9974688139131789,0.8441091238570182,COMPLETE
127,0.004491384708215723,2024-12-21 15:31:25.449104,2024-12-21 15:31:38.124121,0 days 00:00:12.675017,0.026465282423630086,256,0.2,1488,50,0.00021054386399034785,31,0.0004989416939008868,3,5,adam,"{'neurons_per_layer_encoder': [1488, 744, 372, 186, 93], 'neurons_per_layer_decoder': [93, 186, 372]}",1488,"[93, 186, 372]","[1488, 744, 372, 186, 93]",0.9985103655666054,0.9438997512058789,COMPLETE
128,0.008269998840867775,2024-12-21 15:31:27.662764,2024-12-21 15:31:31.961141,0 days 00:00:04.298377,0.02798777101939597,256,0.2,704,50,0.00039502306398624007,14,0.0008231342187435835,3,5,adam,"{'neurons_per_layer_encoder': [704, 352, 176, 88, 44], 'neurons_per_layer_decoder': [44, 88, 176]}",704,"[44, 88, 176]","[704, 352, 176, 88, 44]",0.9978580717633005,0.8967024597890465,COMPLETE
129,0.013507062778860686,2024-12-21 15:31:31.967977,2024-12-21 15:31:36.775214,0 days 00:00:04.807237,0.03528144286979874,896,0.2,1472,50,0.0005492956346495708,30,0.0008945277603495931,3,5,adam,"{'neurons_per_layer_encoder': [1472, 736, 368, 184, 92], 'neurons_per_layer_decoder': [92, 184, 368]}",1472,"[92, 184, 368]","[1472, 736, 368, 184, 92]",0.9992474754456135,0.8312882036166246,COMPLETE
130,0.003786446107532622,2024-12-21 15:31:36.781917,2024-12-21 15:31:46.471335,0 days 00:00:09.689418,0.047505851406154626,256,0.2,752,50,0.00033592478686779654,15,0.0006961671077312921,3,5,adam,"{'neurons_per_layer_encoder': [752, 376, 188, 94, 47], 'neurons_per_layer_decoder': [47, 94, 188]}",752,"[47, 94, 188]","[752, 376, 188, 94, 47]",0.9986827460866747,0.9527048822405375,COMPLETE
131,0.012184898438982732,2024-12-21 15:31:38.131333,2024-12-21 15:31:42.318927,0 days 00:00:04.187594,0.0513562329165846,256,0.2,816,50,0.00018031023842067715,17,0.0004522916265737096,3,5,adam,"{'neurons_per_layer_encoder': [816, 408, 204, 102, 51], 'neurons_per_layer_decoder': [51, 102, 204]}",816,"[51, 102, 204]","[816, 408, 204, 102, 51]",0.997869621966285,0.8478028763139307,COMPLETE
132,0.0075901791997272,2024-12-21 15:31:42.326123,2024-12-21 15:31:48.801916,0 days 00:00:06.475793,0.1873066707534268,256,0.2,1536,50,0.00016734042303579523,32,0.0008405638091725378,3,5,adam,"{'neurons_per_layer_encoder': [1536, 768, 384, 192, 96], 'neurons_per_layer_decoder': [96, 192, 384]}",1536,"[96, 192, 384]","[1536, 768, 384, 192, 96]",0.9980918246265793,0.9051938390586409,COMPLETE
133,0.007145236111492979,2024-12-21 15:31:46.479465,2024-12-21 15:31:50.898038,0 days 00:00:04.418573,0.08911572692383553,256,0.2,752,50,0.0003292393785951975,15,0.0006944826399033311,3,5,adam,"{'neurons_per_layer_encoder': [752, 376, 188, 94, 47], 'neurons_per_layer_decoder': [47, 94, 188]}",752,"[47, 94, 188]","[752, 376, 188, 94, 47]",0.9983621679962705,0.9107514609438259,COMPLETE
134,0.01291719939444063,2024-12-21 15:31:48.809445,2024-12-21 15:31:53.182834,0 days 00:00:04.373389,0.047289255727692665,256,0.2,768,50,0.00043564172906243625,16,0.0004917810376956776,3,5,adam,"{'neurons_per_layer_encoder': [768, 384, 192, 96, 48], 'neurons_per_layer_decoder': [48, 96, 192]}",768,"[48, 96, 192]","[768, 384, 192, 96, 48]",0.997636671378803,0.838655972082322,COMPLETE
135,0.015750581085728656,2024-12-21 15:31:53.188717,2024-12-21 15:31:57.153628,0 days 00:00:03.964911,0.06060656632263752,256,0.2,848,50,0.00028169913567903143,17,0.00040825439617562305,3,5,adam,"{'neurons_per_layer_encoder': [848, 424, 212, 106, 53], 'neurons_per_layer_decoder': [53, 106, 212]}",848,"[53, 106, 212]","[848, 424, 212, 106, 53]",0.997470071589877,0.8032652344509619,COMPLETE
136,0.025158968287741605,2024-12-21 15:31:57.159359,2024-12-21 15:32:00.637906,0 days 00:00:03.478547,0.055975615989904554,256,0.2,704,50,0.0002003453715812957,14,0.00014108735110514572,3,5,adam,"{'neurons_per_layer_encoder': [704, 352, 176, 88, 44], 'neurons_per_layer_decoder': [44, 88, 176]}",704,"[44, 88, 176]","[704, 352, 176, 88, 44]",0.9971189410622514,0.6857485002868039,COMPLETE
137,0.0811612723280154,2024-12-21 15:32:00.643453,2024-12-21 15:32:14.614389,0 days 00:00:13.970936,0.03783437450467939,256,0.2,1712,50,0.0003774242611964928,35,0.0005286520893026199,3,5,adadelta,"{'neurons_per_layer_encoder': [1712, 856, 428, 214, 107], 'neurons_per_layer_decoder': [107, 214, 428]}",1712,"[107, 214, 428]","[1712, 856, 428, 214, 107]",0.9962087694150483,-0.01375586057465572,COMPLETE
138,0.011754012351780335,2024-12-21 15:32:14.620154,2024-12-21 15:32:19.395512,0 days 00:00:04.775358,0.021794321187592072,256,0.2,1184,50,0.00046683893586854105,24,0.0005947658306904599,3,5,adam,"{'neurons_per_layer_encoder': [1184, 592, 296, 148, 74], 'neurons_per_layer_decoder': [74, 148, 296]}",1184,"[74, 148, 296]","[1184, 592, 296, 148, 74]",0.997975718051896,0.8531849173245264,COMPLETE
139,0.08156833029658868,2024-12-21 15:32:19.401041,2024-12-21 15:32:22.460397,0 days 00:00:03.059356,0.042947466240652446,256,0.2,640,50,2.166332085495857e-05,13,0.0007265275700124755,3,5,sgd,"{'neurons_per_layer_encoder': [640, 320, 160, 80, 40], 'neurons_per_layer_decoder': [40, 80, 160]}",640,"[40, 80, 160]","[640, 320, 160, 80, 40]",0.9961652421037142,-0.01884027324338522,COMPLETE
