Unnamed: 0.1,Unnamed: 0,V,Cr,Mn,Fe,Co,Ni,Al,Cu,Subsystem_Number,EQ 500C TCHEA7 MAX FCC,EQ 500C TCHEA7 SUM FCC,EQ 950C TCHEA7 MAX FCC,EQ 950C TCHEA7 SUM FCC
0,10000,0.12,0.08,0.08,0.12,0.12,0.48,0,0,1,1,1,1,1
1,10001,0.12,0.08,0.08,0.12,0.16,0.44,0,0,1,1,1,1,1
2,10002,0.12,0.08,0.08,0.12,0.2,0.4,0,0,1,1,1,1,1
3,10003,0.12,0.08,0.08,0.12,0.24,0.36,0,0,1,1,1,1,1
4,10004,0.12,0.08,0.08,0.12,0.28,0.32,0,0,1,1,1,1,1
5,10005,0.12,0.08,0.08,0.12,0.32,0.28,0,0,1,1,1,1,1
6,10006,0.12,0.08,0.08,0.12,0.36,0.24,0,0,1,0.994349493,0.994349493,1,1
12,10012,0.12,0.08,0.08,0.16,0.04,0.52,0,0,1,1,1,1,1
13,10013,0.12,0.08,0.08,0.16,0.08,0.48,0,0,1,1,1,1,1
14,10014,0.12,0.08,0.08,0.16,0.12,0.44,0,0,1,1,1,1,1
15,10015,0.12,0.08,0.08,0.16,0.16,0.4,0,0,1,1,1,1,1
16,10016,0.12,0.08,0.08,0.16,0.2,0.36,0,0,1,1,1,1,1
17,10017,0.12,0.08,0.08,0.16,0.24,0.32,0,0,1,1,1,1,1
18,10018,0.12,0.08,0.08,0.16,0.28,0.28,0,0,1,1,1,1,1
19,10019,0.12,0.08,0.08,0.16,0.32,0.24,0,0,1,1,1,1,1
25,10025,0.12,0.08,0.08,0.2,0.04,0.48,0,0,1,1,1,1,1
26,10026,0.12,0.08,0.08,0.2,0.08,0.44,0,0,1,1,1,1,1
27,10027,0.12,0.08,0.08,0.2,0.12,0.4,0,0,1,1,1,1,1
28,10028,0.12,0.08,0.08,0.2,0.16,0.36,0,0,1,1,1,1,1
29,10029,0.12,0.08,0.08,0.2,0.2,0.32,0,0,1,1,1,1,1
30,10030,0.12,0.08,0.08,0.2,0.24,0.28,0,0,1,1,1,1,1
103,10103,0.12,0.08,0.12,0.04,0.04,0.6,0,0,1,1,1,1,1
104,10104,0.12,0.08,0.12,0.04,0.08,0.56,0,0,1,1,1,1,1
105,10105,0.12,0.08,0.12,0.04,0.12,0.52,0,0,1,1,1,1,1
106,10106,0.12,0.08,0.12,0.04,0.16,0.48,0,0,1,1,1,1,1
107,10107,0.12,0.08,0.12,0.04,0.2,0.44,0,0,1,1,1,1,1
108,10108,0.12,0.08,0.12,0.04,0.24,0.4,0,0,1,1,1,1,1
109,10109,0.12,0.08,0.12,0.04,0.28,0.36,0,0,1,1,1,1,1
110,10110,0.12,0.08,0.12,0.04,0.32,0.32,0,0,1,1,1,1,1
118,10118,0.12,0.08,0.12,0.08,0.04,0.56,0,0,1,1,1,1,1
119,10119,0.12,0.08,0.12,0.08,0.08,0.52,0,0,1,1,1,1,1
120,10120,0.12,0.08,0.12,0.08,0.12,0.48,0,0,1,1,1,1,1
121,10121,0.12,0.08,0.12,0.08,0.16,0.44,0,0,1,1,1,1,1
122,10122,0.12,0.08,0.12,0.08,0.2,0.4,0,0,1,1,1,1,1
123,10123,0.12,0.08,0.12,0.08,0.24,0.36,0,0,1,1,1,1,1
124,10124,0.12,0.08,0.12,0.08,0.28,0.32,0,0,1,1,1,1,1
125,10125,0.12,0.08,0.12,0.08,0.32,0.28,0,0,1,1,1,1,1
126,10126,0.12,0.08,0.12,0.08,0.36,0.24,0,0,1,1,1,1,1
132,10132,0.12,0.08,0.12,0.12,0.04,0.52,0,0,1,1,1,1,1
133,10133,0.12,0.08,0.12,0.12,0.08,0.48,0,0,1,1,1,1,1
134,10134,0.12,0.08,0.12,0.12,0.12,0.44,0,0,1,1,1,1,1
135,10135,0.12,0.08,0.12,0.12,0.16,0.4,0,0,1,1,1,1,1
136,10136,0.12,0.08,0.12,0.12,0.2,0.36,0,0,1,1,1,1,1
137,10137,0.12,0.08,0.12,0.12,0.24,0.32,0,0,1,1,1,1,1
138,10138,0.12,0.08,0.12,0.12,0.28,0.28,0,0,1,1,1,1,1
139,10139,0.12,0.08,0.12,0.12,0.32,0.24,0,0,1,1,1,1,1
140,10140,0.12,0.08,0.12,0.12,0.36,0.2,0,0,1,1,1,1,1
141,10141,0.12,0.08,0.12,0.12,0.4,0.16,0,0,1,1,1,1,1
145,10145,0.12,0.08,0.12,0.16,0.04,0.48,0,0,1,1,1,1,1
146,10146,0.12,0.08,0.12,0.16,0.08,0.44,0,0,1,1,1,1,1
147,10147,0.12,0.08,0.12,0.16,0.12,0.4,0,0,1,1,1,1,1
148,10148,0.12,0.08,0.12,0.16,0.16,0.36,0,0,1,1,1,1,1
149,10149,0.12,0.08,0.12,0.16,0.2,0.32,0,0,1,1,1,1,1
150,10150,0.12,0.08,0.12,0.16,0.24,0.28,0,0,1,1,1,1,1
151,10151,0.12,0.08,0.12,0.16,0.28,0.24,0,0,1,1,1,1,1
152,10152,0.12,0.08,0.12,0.16,0.32,0.2,0,0,1,1,1,1,1
153,10153,0.12,0.08,0.12,0.16,0.36,0.16,0,0,1,1,1,1,1
158,10158,0.12,0.08,0.12,0.2,0.08,0.4,0,0,1,1,1,1,1
159,10159,0.12,0.08,0.12,0.2,0.12,0.36,0,0,1,0.998964559,0.998964559,1,1
160,10160,0.12,0.08,0.12,0.2,0.16,0.32,0,0,1,0.999750203,0.999750203,1,1
161,10161,0.12,0.08,0.12,0.2,0.2,0.28,0,0,1,1,1,1,1
162,10162,0.12,0.08,0.12,0.2,0.24,0.24,0,0,1,1,1,1,1
163,10163,0.12,0.08,0.12,0.2,0.28,0.2,0,0,1,1,1,1,1
223,10223,0.12,0.08,0.16,0.04,0.04,0.56,0,0,1,1,1,1,1
224,10224,0.12,0.08,0.16,0.04,0.08,0.52,0,0,1,1,1,1,1
225,10225,0.12,0.08,0.16,0.04,0.12,0.48,0,0,1,1,1,1,1
226,10226,0.12,0.08,0.16,0.04,0.16,0.44,0,0,1,1,1,1,1
227,10227,0.12,0.08,0.16,0.04,0.2,0.4,0,0,1,1,1,1,1
228,10228,0.12,0.08,0.16,0.04,0.24,0.36,0,0,1,1,1,1,1
229,10229,0.12,0.08,0.16,0.04,0.28,0.32,0,0,1,1,1,1,1
230,10230,0.12,0.08,0.16,0.04,0.32,0.28,0,0,1,1,1,1,1
231,10231,0.12,0.08,0.16,0.04,0.36,0.24,0,0,1,1,1,1,1
237,10237,0.12,0.08,0.16,0.08,0.04,0.52,0,0,1,1,1,1,1
238,10238,0.12,0.08,0.16,0.08,0.08,0.48,0,0,1,1,1,1,1
239,10239,0.12,0.08,0.16,0.08,0.12,0.44,0,0,1,1,1,1,1
240,10240,0.12,0.08,0.16,0.08,0.16,0.4,0,0,1,1,1,1,1
241,10241,0.12,0.08,0.16,0.08,0.2,0.36,0,0,1,1,1,1,1
242,10242,0.12,0.08,0.16,0.08,0.24,0.32,0,0,1,1,1,1,1
243,10243,0.12,0.08,0.16,0.08,0.28,0.28,0,0,1,1,1,1,1
244,10244,0.12,0.08,0.16,0.08,0.32,0.24,0,0,1,1,1,1,1
245,10245,0.12,0.08,0.16,0.08,0.36,0.2,0,0,1,1,1,1,1
246,10246,0.12,0.08,0.16,0.08,0.4,0.16,0,0,1,1,1,1,1
250,10250,0.12,0.08,0.16,0.12,0.04,0.48,0,0,1,1,1,1,1
251,10251,0.12,0.08,0.16,0.12,0.08,0.44,0,0,1,1,1,1,1
252,10252,0.12,0.08,0.16,0.12,0.12,0.4,0,0,1,1,1,1,1
253,10253,0.12,0.08,0.16,0.12,0.16,0.36,0,0,1,0.999193006,0.999193006,1,1
254,10254,0.12,0.08,0.16,0.12,0.2,0.32,0,0,1,0.999302585,0.999302585,1,1
255,10255,0.12,0.08,0.16,0.12,0.24,0.28,0,0,1,1,1,1,1
256,10256,0.12,0.08,0.16,0.12,0.28,0.24,0,0,1,1,1,1,1
257,10257,0.12,0.08,0.16,0.12,0.32,0.2,0,0,1,1,1,1,1
258,10258,0.12,0.08,0.16,0.12,0.36,0.16,0,0,1,1,1,1,1
259,10259,0.12,0.08,0.16,0.12,0.4,0.12,0,0,1,0.997682143,0.997682143,1,1
260,10260,0.12,0.08,0.16,0.12,0.44,0.08,0,0,1,0.991783016,0.991783016,1,1
328,10328,0.12,0.12,0.04,0.04,0.04,0.64,0,0,1,1,1,1,1
329,10329,0.12,0.12,0.04,0.04,0.08,0.6,0,0,1,1,1,1,1
330,10330,0.12,0.12,0.04,0.04,0.12,0.56,0,0,1,1,1,1,1
331,10331,0.12,0.12,0.04,0.04,0.16,0.52,0,0,1,1,1,1,1
332,10332,0.12,0.12,0.04,0.04,0.2,0.48,0,0,1,1,1,1,1
333,10333,0.12,0.12,0.04,0.04,0.24,0.44,0,0,1,1,1,1,1
334,10334,0.12,0.12,0.04,0.04,0.28,0.4,0,0,1,1,1,1,1
344,10344,0.12,0.12,0.04,0.08,0.04,0.6,0,0,1,1,1,1,1
345,10345,0.12,0.12,0.04,0.08,0.08,0.56,0,0,1,1,1,1,1
346,10346,0.12,0.12,0.04,0.08,0.12,0.52,0,0,1,1,1,1,1
347,10347,0.12,0.12,0.04,0.08,0.16,0.48,0,0,1,1,1,1,1
348,10348,0.12,0.12,0.04,0.08,0.2,0.44,0,0,1,1,1,1,1
349,10349,0.12,0.12,0.04,0.08,0.24,0.4,0,0,1,1,1,1,1
350,10350,0.12,0.12,0.04,0.08,0.28,0.36,0,0,1,1,1,1,1
351,10351,0.12,0.12,0.04,0.08,0.32,0.32,0,0,1,1,1,1,1
359,10359,0.12,0.12,0.04,0.12,0.04,0.56,0,0,1,1,1,1,1
360,10360,0.12,0.12,0.04,0.12,0.08,0.52,0,0,1,1,1,1,1
361,10361,0.12,0.12,0.04,0.12,0.12,0.48,0,0,1,1,1,1,1
362,10362,0.12,0.12,0.04,0.12,0.16,0.44,0,0,1,1,1,1,1
363,10363,0.12,0.12,0.04,0.12,0.2,0.4,0,0,1,1,1,1,1
364,10364,0.12,0.12,0.04,0.12,0.24,0.36,0,0,1,1,1,1,1
365,10365,0.12,0.12,0.04,0.12,0.28,0.32,0,0,1,1,1,1,1
366,10366,0.12,0.12,0.04,0.12,0.32,0.28,0,0,1,0.992247647,0.992247647,1,1
373,10373,0.12,0.12,0.04,0.16,0.04,0.52,0,0,1,1,1,1,1
374,10374,0.12,0.12,0.04,0.16,0.08,0.48,0,0,1,1,1,1,1
375,10375,0.12,0.12,0.04,0.16,0.12,0.44,0,0,1,1,1,1,1
376,10376,0.12,0.12,0.04,0.16,0.16,0.4,0,0,1,1,1,1,1
377,10377,0.12,0.12,0.04,0.16,0.2,0.36,0,0,1,1,1,1,1
386,10386,0.12,0.12,0.04,0.2,0.04,0.48,0,0,1,0.997666619,0.997666619,1,1
387,10387,0.12,0.12,0.04,0.2,0.08,0.44,0,0,1,1,1,1,1
464,10464,0.12,0.12,0.08,0.04,0.04,0.6,0,0,1,1,1,1,1
465,10465,0.12,0.12,0.08,0.04,0.08,0.56,0,0,1,1,1,1,1
466,10466,0.12,0.12,0.08,0.04,0.12,0.52,0,0,1,1,1,1,1
467,10467,0.12,0.12,0.08,0.04,0.16,0.48,0,0,1,1,1,1,1
468,10468,0.12,0.12,0.08,0.04,0.2,0.44,0,0,1,1,1,1,1
469,10469,0.12,0.12,0.08,0.04,0.24,0.4,0,0,1,1,1,1,1
470,10470,0.12,0.12,0.08,0.04,0.28,0.36,0,0,1,1,1,1,1
471,10471,0.12,0.12,0.08,0.04,0.32,0.32,0,0,1,1,1,1,1
479,10479,0.12,0.12,0.08,0.08,0.04,0.56,0,0,1,1,1,1,1
480,10480,0.12,0.12,0.08,0.08,0.08,0.52,0,0,1,1,1,1,1
481,10481,0.12,0.12,0.08,0.08,0.12,0.48,0,0,1,1,1,1,1
482,10482,0.12,0.12,0.08,0.08,0.16,0.44,0,0,1,1,1,1,1
483,10483,0.12,0.12,0.08,0.08,0.2,0.4,0,0,1,1,1,1,1
484,10484,0.12,0.12,0.08,0.08,0.24,0.36,0,0,1,1,1,1,1
485,10485,0.12,0.12,0.08,0.08,0.28,0.32,0,0,1,0.991411959,0.991411959,1,1
493,10493,0.12,0.12,0.08,0.12,0.04,0.52,0,0,1,1,1,1,1
494,10494,0.12,0.12,0.08,0.12,0.08,0.48,0,0,1,1,1,1,1
495,10495,0.12,0.12,0.08,0.12,0.12,0.44,0,0,1,1,1,1,1
496,10496,0.12,0.12,0.08,0.12,0.16,0.4,0,0,1,0.996342856,0.996342856,1,1
506,10506,0.12,0.12,0.08,0.16,0.04,0.48,0,0,1,0.997047648,0.997047648,1,1
584,10584,0.12,0.12,0.12,0.04,0.04,0.56,0,0,1,1,1,1,1
585,10585,0.12,0.12,0.12,0.04,0.08,0.52,0,0,1,1,1,1,1
586,10586,0.12,0.12,0.12,0.04,0.12,0.48,0,0,1,1,1,1,1
587,10587,0.12,0.12,0.12,0.04,0.16,0.44,0,0,1,1,1,1,1
598,10598,0.12,0.12,0.12,0.08,0.04,0.52,0,0,1,0.994976116,0.994976116,1,1
599,10599,0.12,0.12,0.12,0.08,0.08,0.48,0,0,1,0.998147866,0.998147866,1,1
780,10780,0.12,0.16,0.04,0.04,0.04,0.6,0,0,1,1,1,1,1
781,10781,0.12,0.16,0.04,0.04,0.08,0.56,0,0,1,1,1,1,1
782,10782,0.12,0.16,0.04,0.04,0.12,0.52,0,0,1,1,1,1,1
783,10783,0.12,0.16,0.04,0.04,0.16,0.48,0,0,1,1,1,1,1
795,10795,0.12,0.16,0.04,0.08,0.04,0.56,0,0,1,1,1,1,1
796,10796,0.12,0.16,0.04,0.08,0.08,0.52,0,0,1,1,1,1,1
797,10797,0.12,0.16,0.04,0.08,0.12,0.48,0,0,1,0.994726321,0.994726321,1,1
901,10901,0.12,0.16,0.08,0.04,0.08,0.52,0,0,1,0.994407418,0.994407418,1,1
2856,12856,0.16,0.04,0.04,0.08,0.04,0.64,0,0,1,1,1,1,1
2857,12857,0.16,0.04,0.04,0.08,0.08,0.6,0,0,1,1,1,1,1
2872,12872,0.16,0.04,0.04,0.12,0.04,0.6,0,0,1,1,1,1,1
2873,12873,0.16,0.04,0.04,0.12,0.08,0.56,0,0,1,1,1,1,1
2874,12874,0.16,0.04,0.04,0.12,0.12,0.52,0,0,1,1,1,1,1
2875,12875,0.16,0.04,0.04,0.12,0.16,0.48,0,0,1,1,1,1,1
2876,12876,0.16,0.04,0.04,0.12,0.2,0.44,0,0,1,1,1,1,1
2888,12888,0.16,0.04,0.04,0.16,0.08,0.52,0,0,1,0.998645753,0.998645753,1,1
2889,12889,0.16,0.04,0.04,0.16,0.12,0.48,0,0,1,1,1,1,1
2890,12890,0.16,0.04,0.04,0.16,0.16,0.44,0,0,1,1,1,1,1
2891,12891,0.16,0.04,0.04,0.16,0.2,0.4,0,0,1,1,1,1,1
2892,12892,0.16,0.04,0.04,0.16,0.24,0.36,0,0,1,1,1,1,1
2992,12992,0.16,0.04,0.08,0.04,0.04,0.64,0,0,1,1,1,1,1
2993,12993,0.16,0.04,0.08,0.04,0.08,0.6,0,0,1,1,1,1,1
2994,12994,0.16,0.04,0.08,0.04,0.12,0.56,0,0,1,1,1,1,1
2995,12995,0.16,0.04,0.08,0.04,0.16,0.52,0,0,1,0.998621842,0.998621842,1,1
3008,13008,0.16,0.04,0.08,0.08,0.04,0.6,0,0,1,1,1,1,1
3009,13009,0.16,0.04,0.08,0.08,0.08,0.56,0,0,1,1,1,1,1
3010,13010,0.16,0.04,0.08,0.08,0.12,0.52,0,0,1,1,1,1,1
3011,13011,0.16,0.04,0.08,0.08,0.16,0.48,0,0,1,1,1,1,1
3012,13012,0.16,0.04,0.08,0.08,0.2,0.44,0,0,1,1,1,1,1
3023,13023,0.16,0.04,0.08,0.12,0.04,0.56,0,0,1,1,1,1,1
3024,13024,0.16,0.04,0.08,0.12,0.08,0.52,0,0,1,1,1,1,1
3025,13025,0.16,0.04,0.08,0.12,0.12,0.48,0,0,1,1,1,1,1
3026,13026,0.16,0.04,0.08,0.12,0.16,0.44,0,0,1,1,1,1,1
3027,13027,0.16,0.04,0.08,0.12,0.2,0.4,0,0,1,1,1,1,1
3028,13028,0.16,0.04,0.08,0.12,0.24,0.36,0,0,1,1,1,1,1
3041,13041,0.16,0.04,0.08,0.16,0.2,0.36,0,0,1,1,1,1,1
3042,13042,0.16,0.04,0.08,0.16,0.24,0.32,0,0,1,1,1,1,1
3043,13043,0.16,0.04,0.08,0.16,0.28,0.28,0,0,1,1,1,1,1
3128,13128,0.16,0.04,0.12,0.04,0.04,0.6,0,0,1,1,1,1,1
3129,13129,0.16,0.04,0.12,0.04,0.08,0.56,0,0,1,1,1,1,1
3130,13130,0.16,0.04,0.12,0.04,0.12,0.52,0,0,1,1,1,1,1
3131,13131,0.16,0.04,0.12,0.04,0.16,0.48,0,0,1,1,1,1,1
3132,13132,0.16,0.04,0.12,0.04,0.2,0.44,0,0,1,1,1,1,1
3133,13133,0.16,0.04,0.12,0.04,0.24,0.4,0,0,1,0.997718294,0.997718294,1,1
3143,13143,0.16,0.04,0.12,0.08,0.04,0.56,0,0,1,1,1,1,1
3144,13144,0.16,0.04,0.12,0.08,0.08,0.52,0,0,1,1,1,1,1
3145,13145,0.16,0.04,0.12,0.08,0.12,0.48,0,0,1,1,1,1,1
3146,13146,0.16,0.04,0.12,0.08,0.16,0.44,0,0,1,1,1,1,1
3147,13147,0.16,0.04,0.12,0.08,0.2,0.4,0,0,1,1,1,1,1
3148,13148,0.16,0.04,0.12,0.08,0.24,0.36,0,0,1,1,1,1,1
3149,13149,0.16,0.04,0.12,0.08,0.28,0.32,0,0,1,0.992230626,0.992230626,1,1
3157,13157,0.16,0.04,0.12,0.12,0.04,0.52,0,0,1,1,1,1,1
3158,13158,0.16,0.04,0.12,0.12,0.08,0.48,0,0,1,1,1,1,1
3159,13159,0.16,0.04,0.12,0.12,0.12,0.44,0,0,1,1,1,1,1
3160,13160,0.16,0.04,0.12,0.12,0.16,0.4,0,0,1,1,1,1,1
3161,13161,0.16,0.04,0.12,0.12,0.2,0.36,0,0,1,1,1,1,1
3162,13162,0.16,0.04,0.12,0.12,0.24,0.32,0,0,1,1,1,1,1
3163,13163,0.16,0.04,0.12,0.12,0.28,0.28,0,0,1,1,1,1,1
3164,13164,0.16,0.04,0.12,0.12,0.32,0.24,0,0,1,1,1,1,1
3175,13175,0.16,0.04,0.12,0.16,0.24,0.28,0,0,1,0.996454514,0.996454514,1,1
3176,13176,0.16,0.04,0.12,0.16,0.28,0.24,0,0,1,1,1,1,1
3177,13177,0.16,0.04,0.12,0.16,0.32,0.2,0,0,1,1,1,1,1
3178,13178,0.16,0.04,0.12,0.16,0.36,0.16,0,0,1,1,1,1,1
3248,13248,0.16,0.04,0.16,0.04,0.04,0.56,0,0,1,1,1,1,1
3249,13249,0.16,0.04,0.16,0.04,0.08,0.52,0,0,1,1,1,1,1
3250,13250,0.16,0.04,0.16,0.04,0.12,0.48,0,0,1,1,1,1,1
3251,13251,0.16,0.04,0.16,0.04,0.16,0.44,0,0,1,1,1,1,1
3252,13252,0.16,0.04,0.16,0.04,0.2,0.4,0,0,1,1,1,1,1
3253,13253,0.16,0.04,0.16,0.04,0.24,0.36,0,0,1,1,1,1,1
3254,13254,0.16,0.04,0.16,0.04,0.28,0.32,0,0,1,1,1,1,1
3262,13262,0.16,0.04,0.16,0.08,0.04,0.52,0,0,1,1,1,1,1
3263,13263,0.16,0.04,0.16,0.08,0.08,0.48,0,0,1,1,1,1,1
3264,13264,0.16,0.04,0.16,0.08,0.12,0.44,0,0,1,1,1,1,1
3265,13265,0.16,0.04,0.16,0.08,0.16,0.4,0,0,1,1,1,1,1
3266,13266,0.16,0.04,0.16,0.08,0.2,0.36,0,0,1,1,1,1,1
3267,13267,0.16,0.04,0.16,0.08,0.24,0.32,0,0,1,1,1,1,1
3268,13268,0.16,0.04,0.16,0.08,0.28,0.28,0,0,1,1,1,1,1
3269,13269,0.16,0.04,0.16,0.08,0.32,0.24,0,0,1,1,1,1,1
3275,13275,0.16,0.04,0.16,0.12,0.04,0.48,0,0,1,0.992636691,0.992636691,1,1
3276,13276,0.16,0.04,0.16,0.12,0.08,0.44,0,0,1,1,1,1,1
3277,13277,0.16,0.04,0.16,0.12,0.12,0.4,0,0,1,1,1,1,1
3278,13278,0.16,0.04,0.16,0.12,0.16,0.36,0,0,1,1,1,1,1
3279,13279,0.16,0.04,0.16,0.12,0.2,0.32,0,0,1,1,1,1,1
3280,13280,0.16,0.04,0.16,0.12,0.24,0.28,0,0,1,1,1,1,1
3281,13281,0.16,0.04,0.16,0.12,0.28,0.24,0,0,1,1,1,1,1
3282,13282,0.16,0.04,0.16,0.12,0.32,0.2,0,0,1,1,1,1,1
3283,13283,0.16,0.04,0.16,0.12,0.36,0.16,0,0,1,1,1,1,1
3284,13284,0.16,0.04,0.16,0.12,0.4,0.12,0,0,1,1,1,1,1
3293,13293,0.16,0.04,0.16,0.16,0.28,0.2,0,0,1,0.999661935,0.999661935,1,1
3294,13294,0.16,0.04,0.16,0.16,0.32,0.16,0,0,1,1,1,1,1
3295,13295,0.16,0.04,0.16,0.16,0.36,0.12,0,0,1,1,1,1,1
3296,13296,0.16,0.04,0.16,0.16,0.4,0.08,0,0,1,1,1,1,1
3297,13297,0.16,0.04,0.16,0.16,0.44,0.04,0,0,1,1,1,1,1
3306,13306,0.16,0.04,0.16,0.2,0.36,0.08,0,0,1,0.990512225,0.990512225,1,1
3353,13353,0.16,0.08,0.04,0.04,0.04,0.64,0,0,1,1,1,1,1
3354,13354,0.16,0.08,0.04,0.04,0.08,0.6,0,0,1,1,1,1,1
3355,13355,0.16,0.08,0.04,0.04,0.12,0.56,0,0,1,1,1,1,1
3369,13369,0.16,0.08,0.04,0.08,0.04,0.6,0,0,1,1,1,1,1
3370,13370,0.16,0.08,0.04,0.08,0.08,0.56,0,0,1,1,1,1,1
3371,13371,0.16,0.08,0.04,0.08,0.12,0.52,0,0,1,1,1,1,1
3372,13372,0.16,0.08,0.04,0.08,0.16,0.48,0,0,1,1,1,1,1
3373,13373,0.16,0.08,0.04,0.08,0.2,0.44,0,0,1,1,1,1,1
3374,13374,0.16,0.08,0.04,0.08,0.24,0.4,0,0,1,0.994850118,0.994850118,1,1
3384,13384,0.16,0.08,0.04,0.12,0.04,0.56,0,0,1,1,1,1,1
3385,13385,0.16,0.08,0.04,0.12,0.08,0.52,0,0,1,1,1,1,1
3386,13386,0.16,0.08,0.04,0.12,0.12,0.48,0,0,1,1,1,1,1
3387,13387,0.16,0.08,0.04,0.12,0.16,0.44,0,0,1,1,1,1,1
3388,13388,0.16,0.08,0.04,0.12,0.2,0.4,0,0,1,1,1,1,1
3389,13389,0.16,0.08,0.04,0.12,0.24,0.36,0,0,1,1,1,1,1
3402,13402,0.16,0.08,0.04,0.16,0.2,0.36,0,0,1,0.992545209,0.992545209,1,1
3403,13403,0.16,0.08,0.04,0.16,0.24,0.32,0,0,1,1,1,1,1
3404,13404,0.16,0.08,0.04,0.16,0.28,0.28,0,0,1,0.996230543,0.996230543,1,1
3489,13489,0.16,0.08,0.08,0.04,0.04,0.6,0,0,1,1,1,1,1
3490,13490,0.16,0.08,0.08,0.04,0.08,0.56,0,0,1,1,1,1,1
3491,13491,0.16,0.08,0.08,0.04,0.12,0.52,0,0,1,1,1,1,1
3492,13492,0.16,0.08,0.08,0.04,0.16,0.48,0,0,1,1,1,1,1
3493,13493,0.16,0.08,0.08,0.04,0.2,0.44,0,0,1,1,1,1,1
3494,13494,0.16,0.08,0.08,0.04,0.24,0.4,0,0,1,1,1,1,1
3504,13504,0.16,0.08,0.08,0.08,0.04,0.56,0,0,1,1,1,1,1
3505,13505,0.16,0.08,0.08,0.08,0.08,0.52,0,0,1,1,1,1,1
3506,13506,0.16,0.08,0.08,0.08,0.12,0.48,0,0,1,1,1,1,1
3507,13507,0.16,0.08,0.08,0.08,0.16,0.44,0,0,1,1,1,1,1
3508,13508,0.16,0.08,0.08,0.08,0.2,0.4,0,0,1,1,1,1,1
3509,13509,0.16,0.08,0.08,0.08,0.24,0.36,0,0,1,1,1,1,1
3510,13510,0.16,0.08,0.08,0.08,0.28,0.32,0,0,1,0.999650027,0.999650027,1,1
3518,13518,0.16,0.08,0.08,0.12,0.04,0.52,0,0,1,1,1,1,1
3519,13519,0.16,0.08,0.08,0.12,0.08,0.48,0,0,1,1,1,1,1
3520,13520,0.16,0.08,0.08,0.12,0.12,0.44,0,0,1,1,1,1,1
3521,13521,0.16,0.08,0.08,0.12,0.16,0.4,0,0,1,1,1,1,1
3522,13522,0.16,0.08,0.08,0.12,0.2,0.36,0,0,1,1,1,1,1
3523,13523,0.16,0.08,0.08,0.12,0.24,0.32,0,0,1,1,1,1,1
3524,13524,0.16,0.08,0.08,0.12,0.28,0.28,0,0,1,1,1,1,1
3525,13525,0.16,0.08,0.08,0.12,0.32,0.24,0,0,1,0.993572783,0.993572783,1,1
3609,13609,0.16,0.08,0.12,0.04,0.04,0.56,0,0,1,1,1,1,1
3610,13610,0.16,0.08,0.12,0.04,0.08,0.52,0,0,1,1,1,1,1
3611,13611,0.16,0.08,0.12,0.04,0.12,0.48,0,0,1,1,1,1,1
3612,13612,0.16,0.08,0.12,0.04,0.16,0.44,0,0,1,1,1,1,1
3613,13613,0.16,0.08,0.12,0.04,0.2,0.4,0,0,1,1,1,1,1
3614,13614,0.16,0.08,0.12,0.04,0.24,0.36,0,0,1,1,1,1,1
3615,13615,0.16,0.08,0.12,0.04,0.28,0.32,0,0,1,1,1,1,1
3623,13623,0.16,0.08,0.12,0.08,0.04,0.52,0,0,1,1,1,1,1
3624,13624,0.16,0.08,0.12,0.08,0.08,0.48,0,0,1,1,1,1,1
3625,13625,0.16,0.08,0.12,0.08,0.12,0.44,0,0,1,1,1,1,1
3626,13626,0.16,0.08,0.12,0.08,0.16,0.4,0,0,1,1,1,1,1
3627,13627,0.16,0.08,0.12,0.08,0.2,0.36,0,0,1,1,1,1,1
3628,13628,0.16,0.08,0.12,0.08,0.24,0.32,0,0,1,1,1,1,1
3629,13629,0.16,0.08,0.12,0.08,0.28,0.28,0,0,1,1,1,1,1
3630,13630,0.16,0.08,0.12,0.08,0.32,0.24,0,0,1,0.993764294,0.993764294,1,1
3637,13637,0.16,0.08,0.12,0.12,0.08,0.44,0,0,1,0.990548981,0.990548981,1,1
3714,13714,0.16,0.08,0.16,0.04,0.04,0.52,0,0,1,1,1,1,1
3715,13715,0.16,0.08,0.16,0.04,0.08,0.48,0,0,1,1,1,1,1
3716,13716,0.16,0.08,0.16,0.04,0.12,0.44,0,0,1,1,1,1,1
3717,13717,0.16,0.08,0.16,0.04,0.16,0.4,0,0,1,0.998897616,0.998897616,1,1
3718,13718,0.16,0.08,0.16,0.04,0.2,0.36,0,0,1,0.993331398,0.993331398,1,1
3727,13727,0.16,0.08,0.16,0.08,0.04,0.48,0,0,1,1,1,1,1
3805,13805,0.16,0.12,0.04,0.04,0.04,0.6,0,0,1,1,1,1,1
3806,13806,0.16,0.12,0.04,0.04,0.08,0.56,0,0,1,1,1,1,1
3807,13807,0.16,0.12,0.04,0.04,0.12,0.52,0,0,1,1,1,1,1
3808,13808,0.16,0.12,0.04,0.04,0.16,0.48,0,0,1,1,1,1,1
3809,13809,0.16,0.12,0.04,0.04,0.2,0.44,0,0,1,1,1,1,1
3810,13810,0.16,0.12,0.04,0.04,0.24,0.4,0,0,1,0.99620102,0.99620102,1,1
3820,13820,0.16,0.12,0.04,0.08,0.04,0.56,0,0,1,1,1,1,1
3821,13821,0.16,0.12,0.04,0.08,0.08,0.52,0,0,1,1,1,1,1
3822,13822,0.16,0.12,0.04,0.08,0.12,0.48,0,0,1,1,1,1,1
3823,13823,0.16,0.12,0.04,0.08,0.16,0.44,0,0,1,1,1,1,1
3834,13834,0.16,0.12,0.04,0.12,0.04,0.52,0,0,1,1,1,1,1
3835,13835,0.16,0.12,0.04,0.12,0.08,0.48,0,0,1,1,1,1,1
3925,13925,0.16,0.12,0.08,0.04,0.04,0.56,0,0,1,1,1,1,1
3926,13926,0.16,0.12,0.08,0.04,0.08,0.52,0,0,1,1,1,1,1
3927,13927,0.16,0.12,0.08,0.04,0.12,0.48,0,0,1,1,1,1,1
3939,13939,0.16,0.12,0.08,0.08,0.04,0.52,0,0,1,1,1,1,1
3940,13940,0.16,0.12,0.08,0.08,0.08,0.48,0,0,1,0.993185842,0.993185842,1,1
4199,14199,0.16,0.16,0.04,0.04,0.04,0.56,0,0,1,0.991141291,0.991141291,1,1
5880,15880,0.2,0.04,0.04,0.08,0.04,0.6,0,0,1,1,1,1,1
6000,16000,0.2,0.04,0.08,0.04,0.04,0.6,0,0,1,1,1,1,1
6001,16001,0.2,0.04,0.08,0.04,0.08,0.56,0,0,1,1,1,1,1
6016,16016,0.2,0.04,0.08,0.08,0.08,0.52,0,0,1,0.993122995,0.993122995,1,1
6017,16017,0.2,0.04,0.08,0.08,0.12,0.48,0,0,1,0.997781551,0.997781551,1,1
6018,16018,0.2,0.04,0.08,0.08,0.16,0.44,0,0,1,1,1,1,1
6019,16019,0.2,0.04,0.08,0.08,0.2,0.4,0,0,1,1,1,1,1
6120,16120,0.2,0.04,0.12,0.04,0.04,0.56,0,0,1,1,1,1,1
6121,16121,0.2,0.04,0.12,0.04,0.08,0.52,0,0,1,1,1,1,1
6122,16122,0.2,0.04,0.12,0.04,0.12,0.48,0,0,1,1,1,1,1
6123,16123,0.2,0.04,0.12,0.04,0.16,0.44,0,0,1,1,1,1,1
6124,16124,0.2,0.04,0.12,0.04,0.2,0.4,0,0,1,1,1,1,1
6139,16139,0.2,0.04,0.12,0.08,0.24,0.32,0,0,1,0.990468132,0.990468132,1,1
6140,16140,0.2,0.04,0.12,0.08,0.28,0.28,0,0,1,0.997428709,0.997428709,1,1
6225,16225,0.2,0.04,0.16,0.04,0.04,0.52,0,0,1,1,1,1,1
6226,16226,0.2,0.04,0.16,0.04,0.08,0.48,0,0,1,1,1,1,1
6227,16227,0.2,0.04,0.16,0.04,0.12,0.44,0,0,1,1,1,1,1
6228,16228,0.2,0.04,0.16,0.04,0.16,0.4,0,0,1,1,1,1,1
6229,16229,0.2,0.04,0.16,0.04,0.2,0.36,0,0,1,1,1,1,1
6230,16230,0.2,0.04,0.16,0.04,0.24,0.32,0,0,1,1,1,1,1
6231,16231,0.2,0.04,0.16,0.04,0.28,0.28,0,0,1,1,1,1,1
6316,16316,0.2,0.08,0.04,0.04,0.04,0.6,0,0,1,1,1,1,1
6331,16331,0.2,0.08,0.04,0.08,0.04,0.56,0,0,1,0.990023156,0.990023156,1,1
6332,16332,0.2,0.08,0.04,0.08,0.08,0.52,0,0,1,0.992055617,0.992055617,1,1
6333,16333,0.2,0.08,0.04,0.08,0.12,0.48,0,0,1,0.994489359,0.994489359,1,1
6334,16334,0.2,0.08,0.04,0.08,0.16,0.44,0,0,1,0.996875148,0.996875148,1,1
6335,16335,0.2,0.08,0.04,0.08,0.2,0.4,0,0,1,0.99688711,0.99688711,1,1
6436,16436,0.2,0.08,0.08,0.04,0.04,0.56,0,0,1,1,1,1,1
6437,16437,0.2,0.08,0.08,0.04,0.08,0.52,0,0,1,1,1,1,1
6438,16438,0.2,0.08,0.08,0.04,0.12,0.48,0,0,1,1,1,1,1
6439,16439,0.2,0.08,0.08,0.04,0.16,0.44,0,0,1,1,1,1,1
6440,16440,0.2,0.08,0.08,0.04,0.2,0.4,0,0,1,1,1,1,1
6541,16541,0.2,0.08,0.12,0.04,0.04,0.52,0,0,1,1,1,1,1
6542,16542,0.2,0.08,0.12,0.04,0.08,0.48,0,0,1,1,1,1,1
6710,16710,0.2,0.12,0.04,0.04,0.04,0.56,0,0,1,1,1,1,1
6711,16711,0.2,0.12,0.04,0.04,0.08,0.52,0,0,1,1,1,1,1
17000,0,0.04,0.04,0.04,0.04,0.04,0.8,0,0,1,1,1,1,1
17001,1,0.04,0.04,0.04,0.04,0.08,0.76,0,0,1,1,1,1,1
17002,2,0.04,0.04,0.04,0.04,0.12,0.72,0,0,1,1,1,1,1
17003,3,0.04,0.04,0.04,0.04,0.16,0.68,0,0,1,1,1,1,1
17004,4,0.04,0.04,0.04,0.04,0.2,0.64,0,0,1,1,1,1,1
17005,5,0.04,0.04,0.04,0.04,0.24,0.6,0,0,1,1,1,1,1
17006,6,0.04,0.04,0.04,0.04,0.28,0.56,0,0,1,1,1,1,1
17008,8,0.04,0.04,0.04,0.04,0.36,0.48,0,0,1,1,1,1,1
17009,9,0.04,0.04,0.04,0.04,0.4,0.44,0,0,1,1,1,1,1
17010,10,0.04,0.04,0.04,0.04,0.44,0.4,0,0,1,1,1,1,1
17011,11,0.04,0.04,0.04,0.04,0.48,0.36,0,0,1,1,1,1,1
17020,20,0.04,0.04,0.04,0.08,0.04,0.76,0,0,1,1,1,1,1
17021,21,0.04,0.04,0.04,0.08,0.08,0.72,0,0,1,1,1,1,1
17022,22,0.04,0.04,0.04,0.08,0.12,0.68,0,0,1,1,1,1,1
17023,23,0.04,0.04,0.04,0.08,0.16,0.64,0,0,1,1,1,1,1
17024,24,0.04,0.04,0.04,0.08,0.2,0.6,0,0,1,1,1,1,1
17031,31,0.04,0.04,0.04,0.08,0.48,0.32,0,0,1,1,1,1,1
17039,39,0.04,0.04,0.04,0.12,0.04,0.72,0,0,1,1,1,1,1
17040,40,0.04,0.04,0.04,0.12,0.08,0.68,0,0,1,1,1,1,1
17041,41,0.04,0.04,0.04,0.12,0.12,0.64,0,0,1,1,1,1,1
17042,42,0.04,0.04,0.04,0.12,0.16,0.6,0,0,1,1,1,1,1
17057,57,0.04,0.04,0.04,0.16,0.04,0.68,0,0,1,1,1,1,1
17058,58,0.04,0.04,0.04,0.16,0.08,0.64,0,0,1,1,1,1,1
17059,59,0.04,0.04,0.04,0.16,0.12,0.6,0,0,1,1,1,1,1
17074,74,0.04,0.04,0.04,0.2,0.04,0.64,0,0,1,1,1,1,1
17075,75,0.04,0.04,0.04,0.2,0.08,0.6,0,0,1,1,1,1,1
17076,76,0.04,0.04,0.04,0.2,0.12,0.56,0,0,1,1,1,1,1
17090,90,0.04,0.04,0.04,0.24,0.04,0.6,0,0,1,1,1,1,1
17091,91,0.04,0.04,0.04,0.24,0.08,0.56,0,0,1,1,1,1,1
17092,92,0.04,0.04,0.04,0.24,0.12,0.52,0,0,1,1,1,1,1
17105,105,0.04,0.04,0.04,0.28,0.04,0.56,0,0,1,1,1,1,1
17106,106,0.04,0.04,0.04,0.28,0.08,0.52,0,0,1,1,1,1,1
17107,107,0.04,0.04,0.04,0.28,0.12,0.48,0,0,1,1,1,1,1
17119,119,0.04,0.04,0.04,0.32,0.04,0.52,0,0,1,1,1,1,1
17120,120,0.04,0.04,0.04,0.32,0.08,0.48,0,0,1,1,1,1,1
17132,132,0.04,0.04,0.04,0.36,0.04,0.48,0,0,1,1,1,1,1
17133,133,0.04,0.04,0.04,0.36,0.08,0.44,0,0,1,0.997733829,0.997733829,1,1
17144,144,0.04,0.04,0.04,0.4,0.04,0.44,0,0,1,1,1,1,1
17155,155,0.04,0.04,0.04,0.44,0.04,0.4,0,0,1,1,1,1,1
17165,165,0.04,0.04,0.04,0.48,0.04,0.36,0,0,1,1,1,1,1
17210,210,0.04,0.04,0.08,0.04,0.04,0.76,0,0,1,1,1,1,1
17211,211,0.04,0.04,0.08,0.04,0.08,0.72,0,0,1,1,1,1,1
17212,212,0.04,0.04,0.08,0.04,0.12,0.68,0,0,1,1,1,1,1
17213,213,0.04,0.04,0.08,0.04,0.16,0.64,0,0,1,1,1,1,1
17214,214,0.04,0.04,0.08,0.04,0.2,0.6,0,0,1,1,1,1,1
17215,215,0.04,0.04,0.08,0.04,0.24,0.56,0,0,1,1,1,1,1
17216,216,0.04,0.04,0.08,0.04,0.28,0.52,0,0,1,1,1,1,1
17217,217,0.04,0.04,0.08,0.04,0.32,0.48,0,0,1,1,1,1,1
17221,221,0.04,0.04,0.08,0.04,0.48,0.32,0,0,1,1,1,1,1
17229,229,0.04,0.04,0.08,0.08,0.04,0.72,0,0,1,1,1,1,1
17230,230,0.04,0.04,0.08,0.08,0.08,0.68,0,0,1,1,1,1,1
17231,231,0.04,0.04,0.08,0.08,0.12,0.64,0,0,1,1,1,1,1
17232,232,0.04,0.04,0.08,0.08,0.16,0.6,0,0,1,0.993371764,0.993371764,1,1
17247,247,0.04,0.04,0.08,0.12,0.04,0.68,0,0,1,1,1,1,1
17248,248,0.04,0.04,0.08,0.12,0.08,0.64,0,0,1,1,1,1,1
17264,264,0.04,0.04,0.08,0.16,0.04,0.64,0,0,1,1,1,1,1
17265,265,0.04,0.04,0.08,0.16,0.08,0.6,0,0,1,0.999835926,0.999835926,1,1
17280,280,0.04,0.04,0.08,0.2,0.04,0.6,0,0,1,1,1,1,1
17295,295,0.04,0.04,0.08,0.24,0.04,0.56,0,0,1,1,1,1,1
17296,296,0.04,0.04,0.08,0.24,0.08,0.52,0,0,1,1,1,1,1
17309,309,0.04,0.04,0.08,0.28,0.04,0.52,0,0,1,1,1,1,1
17310,310,0.04,0.04,0.08,0.28,0.08,0.48,0,0,1,1,1,1,1
17311,311,0.04,0.04,0.08,0.28,0.12,0.44,0,0,1,0.990081998,0.990081998,1,1
17322,322,0.04,0.04,0.08,0.32,0.04,0.48,0,0,1,1,1,1,1
17323,323,0.04,0.04,0.08,0.32,0.08,0.44,0,0,1,1,1,1,1
17334,334,0.04,0.04,0.08,0.36,0.04,0.44,0,0,1,1,1,1,1
17335,335,0.04,0.04,0.08,0.36,0.08,0.4,0,0,1,1,1,1,1
17345,345,0.04,0.04,0.08,0.4,0.04,0.4,0,0,1,1,1,1,1
17355,355,0.04,0.04,0.08,0.44,0.04,0.36,0,0,1,1,1,1,1
17364,364,0.04,0.04,0.08,0.48,0.04,0.32,0,0,1,1,1,1,1
17400,400,0.04,0.04,0.12,0.04,0.04,0.72,0,0,1,1,1,1,1
17401,401,0.04,0.04,0.12,0.04,0.08,0.68,0,0,1,1,1,1,1
17402,402,0.04,0.04,0.12,0.04,0.12,0.64,0,0,1,1,1,1,1
17418,418,0.04,0.04,0.12,0.08,0.04,0.68,0,0,1,1,1,1,1
17435,435,0.04,0.04,0.12,0.12,0.04,0.64,0,0,1,1,1,1,1
17451,451,0.04,0.04,0.12,0.16,0.04,0.6,0,0,1,0.997323581,0.997323581,1,1
17466,466,0.04,0.04,0.12,0.2,0.04,0.56,0,0,1,1,1,1,1
17480,480,0.04,0.04,0.12,0.24,0.04,0.52,0,0,1,1,1,1,1
17493,493,0.04,0.04,0.12,0.28,0.04,0.48,0,0,1,1,1,1,1
17505,505,0.04,0.04,0.12,0.32,0.04,0.44,0,0,1,1,1,1,1
17506,506,0.04,0.04,0.12,0.32,0.08,0.4,0,0,1,1,1,1,1
17516,516,0.04,0.04,0.12,0.36,0.04,0.4,0,0,1,1,1,1,1
17517,517,0.04,0.04,0.12,0.36,0.08,0.36,0,0,1,1,1,1,1
17526,526,0.04,0.04,0.12,0.4,0.04,0.36,0,0,1,1,1,1,1
17527,527,0.04,0.04,0.12,0.4,0.08,0.32,0,0,1,0.996283124,0.996283124,1,1
17535,535,0.04,0.04,0.12,0.44,0.04,0.32,0,0,1,1,1,1,1
17543,543,0.04,0.04,0.12,0.48,0.04,0.28,0,0,1,1,1,1,1
17571,571,0.04,0.04,0.16,0.04,0.04,0.68,0,0,1,1,1,1,1
17583,583,0.04,0.04,0.16,0.04,0.52,0.2,0,0,1,1,1,1,1
17584,584,0.04,0.04,0.16,0.04,0.56,0.16,0,0,1,1,1,1,1
17585,585,0.04,0.04,0.16,0.04,0.6,0.12,0,0,1,1,1,1,1
17600,600,0.04,0.04,0.16,0.08,0.52,0.16,0,0,1,1,1,1,1
17601,601,0.04,0.04,0.16,0.08,0.56,0.12,0,0,1,0.991618857,0.991618857,1,1
17658,658,0.04,0.04,0.16,0.28,0.04,0.44,0,0,1,1,1,1,1
17669,669,0.04,0.04,0.16,0.32,0.04,0.4,0,0,1,1,1,1,1
17670,670,0.04,0.04,0.16,0.32,0.08,0.36,0,0,1,1,1,1,1
17671,671,0.04,0.04,0.16,0.32,0.12,0.32,0,0,1,1,1,1,1
17679,679,0.04,0.04,0.16,0.36,0.04,0.36,0,0,1,1,1,1,1
17680,680,0.04,0.04,0.16,0.36,0.08,0.32,0,0,1,1,1,1,1
17688,688,0.04,0.04,0.16,0.4,0.04,0.32,0,0,1,1,1,1,1
17689,689,0.04,0.04,0.16,0.4,0.08,0.28,0,0,1,1,1,1,1
17696,696,0.04,0.04,0.16,0.44,0.04,0.28,0,0,1,1,1,1,1
17703,703,0.04,0.04,0.16,0.48,0.04,0.24,0,0,1,0.99285137,0.99285137,1,1
17724,724,0.04,0.08,0.04,0.04,0.04,0.76,0,0,1,1,1,1,1
17725,725,0.04,0.08,0.04,0.04,0.08,0.72,0,0,1,1,1,1,1
17726,726,0.04,0.08,0.04,0.04,0.12,0.68,0,0,1,1,1,1,1
17727,727,0.04,0.08,0.04,0.04,0.16,0.64,0,0,1,1,1,1,1
17728,728,0.04,0.08,0.04,0.04,0.2,0.6,0,0,1,1,1,1,1
17729,729,0.04,0.08,0.04,0.04,0.24,0.56,0,0,1,1,1,1,1
17730,730,0.04,0.08,0.04,0.04,0.28,0.52,0,0,1,1,1,1,1
17731,731,0.04,0.08,0.04,0.04,0.32,0.48,0,0,1,1,1,1,1
17735,735,0.04,0.08,0.04,0.04,0.48,0.32,0,0,1,1,1,1,1
17743,743,0.04,0.08,0.04,0.08,0.04,0.72,0,0,1,1,1,1,1
17744,744,0.04,0.08,0.04,0.08,0.08,0.68,0,0,1,1,1,1,1
17745,745,0.04,0.08,0.04,0.08,0.12,0.64,0,0,1,1,1,1,1
17746,746,0.04,0.08,0.04,0.08,0.16,0.6,0,0,1,1,1,1,1
17747,747,0.04,0.08,0.04,0.08,0.2,0.56,0,0,1,1,1,1,1
17748,748,0.04,0.08,0.04,0.08,0.24,0.52,0,0,1,1,1,1,1
17749,749,0.04,0.08,0.04,0.08,0.28,0.48,0,0,1,0.992260004,1,1,1
17761,761,0.04,0.08,0.04,0.12,0.04,0.68,0,0,1,1,1,1,1
17762,762,0.04,0.08,0.04,0.12,0.08,0.64,0,0,1,1,1,1,1
17763,763,0.04,0.08,0.04,0.12,0.12,0.6,0,0,1,1,1,1,1
17764,764,0.04,0.08,0.04,0.12,0.16,0.56,0,0,1,1,1,1,1
17765,765,0.04,0.08,0.04,0.12,0.2,0.52,0,0,1,1,1,1,1
17766,766,0.04,0.08,0.04,0.12,0.24,0.48,0,0,1,1,1,1,1
17778,778,0.04,0.08,0.04,0.16,0.04,0.64,0,0,1,1,1,1,1
17779,779,0.04,0.08,0.04,0.16,0.08,0.6,0,0,1,1,1,1,1
17780,780,0.04,0.08,0.04,0.16,0.12,0.56,0,0,1,1,1,1,1
17781,781,0.04,0.08,0.04,0.16,0.16,0.52,0,0,1,1,1,1,1
17782,782,0.04,0.08,0.04,0.16,0.2,0.48,0,0,1,1,1,1,1
17794,794,0.04,0.08,0.04,0.2,0.04,0.6,0,0,1,1,1,1,1
17795,795,0.04,0.08,0.04,0.2,0.08,0.56,0,0,1,1,1,1,1
17796,796,0.04,0.08,0.04,0.2,0.12,0.52,0,0,1,1,1,1,1
17797,797,0.04,0.08,0.04,0.2,0.16,0.48,0,0,1,1,1,1,1
17798,798,0.04,0.08,0.04,0.2,0.2,0.44,0,0,1,0.997354711,0.997354711,1,1
17809,809,0.04,0.08,0.04,0.24,0.04,0.56,0,0,1,1,1,1,1
17810,810,0.04,0.08,0.04,0.24,0.08,0.52,0,0,1,1,1,1,1
17811,811,0.04,0.08,0.04,0.24,0.12,0.48,0,0,1,1,1,1,1
17823,823,0.04,0.08,0.04,0.28,0.04,0.52,0,0,1,1,1,1,1
17824,824,0.04,0.08,0.04,0.28,0.08,0.48,0,0,1,1,1,1,1
17825,825,0.04,0.08,0.04,0.28,0.12,0.44,0,0,1,0.998791915,0.998791915,1,1
17836,836,0.04,0.08,0.04,0.32,0.04,0.48,0,0,1,1,1,1,1
17837,837,0.04,0.08,0.04,0.32,0.08,0.44,0,0,1,1,1,1,1
17848,848,0.04,0.08,0.04,0.36,0.04,0.44,0,0,1,1,1,1,1
17849,849,0.04,0.08,0.04,0.36,0.08,0.4,0,0,1,1,1,1,1
17859,859,0.04,0.08,0.04,0.4,0.04,0.4,0,0,1,1,1,1,1
17869,869,0.04,0.08,0.04,0.44,0.04,0.36,0,0,1,1,1,1,1
17878,878,0.04,0.08,0.04,0.48,0.04,0.32,0,0,1,0.992874194,0.992874194,1,1
17914,914,0.04,0.08,0.08,0.04,0.04,0.72,0,0,1,1,1,1,1
17915,915,0.04,0.08,0.08,0.04,0.08,0.68,0,0,1,1,1,1,1
17916,916,0.04,0.08,0.08,0.04,0.12,0.64,0,0,1,1,1,1,1
17917,917,0.04,0.08,0.08,0.04,0.16,0.6,0,0,1,1,1,1,1
17918,918,0.04,0.08,0.08,0.04,0.2,0.56,0,0,1,1,1,1,1
17919,919,0.04,0.08,0.08,0.04,0.24,0.52,0,0,1,1,1,1,1
17920,920,0.04,0.08,0.08,0.04,0.28,0.48,0,0,1,1,1,1,1
17921,921,0.04,0.08,0.08,0.04,0.32,0.44,0,0,1,1,1,1,1
17922,922,0.04,0.08,0.08,0.04,0.36,0.4,0,0,1,1,1,1,1
17923,923,0.04,0.08,0.08,0.04,0.4,0.36,0,0,1,1,1,1,1
17924,924,0.04,0.08,0.08,0.04,0.44,0.32,0,0,1,1,1,1,1
17925,925,0.04,0.08,0.08,0.04,0.48,0.28,0,0,1,1,1,1,1
17932,932,0.04,0.08,0.08,0.08,0.04,0.68,0,0,1,1,1,1,1
17933,933,0.04,0.08,0.08,0.08,0.08,0.64,0,0,1,1,1,1,1
17934,934,0.04,0.08,0.08,0.08,0.12,0.6,0,0,1,1,1,1,1
17935,935,0.04,0.08,0.08,0.08,0.16,0.56,0,0,1,1,1,1,1
17940,940,0.04,0.08,0.08,0.08,0.36,0.36,0,0,1,1,1,1,1
17941,941,0.04,0.08,0.08,0.08,0.4,0.32,0,0,1,1,1,1,1
17949,949,0.04,0.08,0.08,0.12,0.04,0.64,0,0,1,1,1,1,1
17950,950,0.04,0.08,0.08,0.12,0.08,0.6,0,0,1,1,1,1,1
17965,965,0.04,0.08,0.08,0.16,0.04,0.6,0,0,1,1,1,1,1
17966,966,0.04,0.08,0.08,0.16,0.08,0.56,0,0,1,1,1,1,1
17980,980,0.04,0.08,0.08,0.2,0.04,0.56,0,0,1,1,1,1,1
17981,981,0.04,0.08,0.08,0.2,0.08,0.52,0,0,1,1,1,1,1
17994,994,0.04,0.08,0.08,0.24,0.04,0.52,0,0,1,1,1,1,1
17995,995,0.04,0.08,0.08,0.24,0.08,0.48,0,0,1,1,1,1,1
17996,996,0.04,0.08,0.08,0.24,0.12,0.44,0,0,1,1,1,1,1
17997,997,0.04,0.08,0.08,0.24,0.16,0.4,0,0,1,0.995831226,0.995831226,1,1
18007,1007,0.04,0.08,0.08,0.28,0.04,0.48,0,0,1,1,1,1,1
18008,1008,0.04,0.08,0.08,0.28,0.08,0.44,0,0,1,1,1,1,1
18009,1009,0.04,0.08,0.08,0.28,0.12,0.4,0,0,1,1,1,1,1
18019,1019,0.04,0.08,0.08,0.32,0.04,0.44,0,0,1,1,1,1,1
18020,1020,0.04,0.08,0.08,0.32,0.08,0.4,0,0,1,1,1,1,1
18030,1030,0.04,0.08,0.08,0.36,0.04,0.4,0,0,1,1,1,1,1
18031,1031,0.04,0.08,0.08,0.36,0.08,0.36,0,0,1,1,1,1,1
18040,1040,0.04,0.08,0.08,0.4,0.04,0.36,0,0,1,1,1,1,1
18041,1041,0.04,0.08,0.08,0.4,0.08,0.32,0,0,1,0.991472481,0.991472481,1,1
18049,1049,0.04,0.08,0.08,0.44,0.04,0.32,0,0,1,0.99672041,0.99672041,1,1
18085,1085,0.04,0.08,0.12,0.04,0.04,0.68,0,0,1,1,1,1,1
18086,1086,0.04,0.08,0.12,0.04,0.08,0.64,0,0,1,1,1,1,1
18087,1087,0.04,0.08,0.12,0.04,0.12,0.6,0,0,1,1,1,1,1
18094,1094,0.04,0.08,0.12,0.04,0.4,0.32,0,0,1,1,1,1,1
18095,1095,0.04,0.08,0.12,0.04,0.44,0.28,0,0,1,1,1,1,1
18096,1096,0.04,0.08,0.12,0.04,0.48,0.24,0,0,1,1,1,1,1
18097,1097,0.04,0.08,0.12,0.04,0.52,0.2,0,0,1,1,1,1,1
18098,1098,0.04,0.08,0.12,0.04,0.56,0.16,0,0,1,1,1,1,1
18102,1102,0.04,0.08,0.12,0.08,0.04,0.64,0,0,1,1,1,1,1
18112,1112,0.04,0.08,0.12,0.08,0.44,0.24,0,0,1,1,1,1,1
18113,1113,0.04,0.08,0.12,0.08,0.48,0.2,0,0,1,1,1,1,1
18114,1114,0.04,0.08,0.12,0.08,0.52,0.16,0,0,1,1,1,1,1
18118,1118,0.04,0.08,0.12,0.12,0.04,0.6,0,0,1,1,1,1,1
18133,1133,0.04,0.08,0.12,0.16,0.04,0.56,0,0,1,1,1,1,1
18147,1147,0.04,0.08,0.12,0.2,0.04,0.52,0,0,1,1,1,1,1
18160,1160,0.04,0.08,0.12,0.24,0.04,0.48,0,0,1,1,1,1,1
18161,1161,0.04,0.08,0.12,0.24,0.08,0.44,0,0,1,1,1,1,1
18172,1172,0.04,0.08,0.12,0.28,0.04,0.44,0,0,1,1,1,1,1
18173,1173,0.04,0.08,0.12,0.28,0.08,0.4,0,0,1,1,1,1,1
18174,1174,0.04,0.08,0.12,0.28,0.12,0.36,0,0,1,1,1,1,1
18183,1183,0.04,0.08,0.12,0.32,0.04,0.4,0,0,1,0.990770048,0.990770048,1,1
18185,1185,0.04,0.08,0.12,0.32,0.12,0.32,0,0,1,0.991952379,0.991952379,1,1
18238,1238,0.04,0.08,0.16,0.04,0.04,0.64,0,0,1,1,1,1,1
18248,1248,0.04,0.08,0.16,0.04,0.44,0.24,0,0,1,1,1,1,1
18249,1249,0.04,0.08,0.16,0.04,0.48,0.2,0,0,1,1,1,1,1
18250,1250,0.04,0.08,0.16,0.04,0.52,0.16,0,0,1,1,1,1,1
18251,1251,0.04,0.08,0.16,0.04,0.56,0.12,0,0,1,1,1,1,1
18252,1252,0.04,0.08,0.16,0.04,0.6,0.08,0,0,1,1,1,1,1
18253,1253,0.04,0.08,0.16,0.04,0.64,0.04,0,0,1,1,1,1,1
18264,1264,0.04,0.08,0.16,0.08,0.44,0.2,0,0,1,0.996368574,0.996368574,1,1
18265,1265,0.04,0.08,0.16,0.08,0.48,0.16,0,0,1,1,1,1,1
18266,1266,0.04,0.08,0.16,0.08,0.52,0.12,0,0,1,1,1,1,1
18267,1267,0.04,0.08,0.16,0.08,0.56,0.08,0,0,1,0.997908708,0.997908708,1,1
18374,1374,0.04,0.12,0.04,0.04,0.04,0.72,0,0,1,1,1,1,1
18375,1375,0.04,0.12,0.04,0.04,0.08,0.68,0,0,1,1,1,1,1
18376,1376,0.04,0.12,0.04,0.04,0.12,0.64,0,0,1,1,1,1,1
18377,1377,0.04,0.12,0.04,0.04,0.16,0.6,0,0,1,1,1,1,1
18378,1378,0.04,0.12,0.04,0.04,0.2,0.56,0,0,1,1,1,1,1
18379,1379,0.04,0.12,0.04,0.04,0.24,0.52,0,0,1,1,1,1,1
18380,1380,0.04,0.12,0.04,0.04,0.28,0.48,0,0,1,1,1,1,1
18381,1381,0.04,0.12,0.04,0.04,0.32,0.44,0,0,1,1,1,1,1
18382,1382,0.04,0.12,0.04,0.04,0.36,0.4,0,0,1,1,1,1,1
18383,1383,0.04,0.12,0.04,0.04,0.4,0.36,0,0,1,1,1,1,1
18384,1384,0.04,0.12,0.04,0.04,0.44,0.32,0,0,1,1,1,1,1
18392,1392,0.04,0.12,0.04,0.08,0.04,0.68,0,0,1,1,1,1,1
18393,1393,0.04,0.12,0.04,0.08,0.08,0.64,0,0,1,1,1,1,1
18394,1394,0.04,0.12,0.04,0.08,0.12,0.6,0,0,1,1,1,1,1
18395,1395,0.04,0.12,0.04,0.08,0.16,0.56,0,0,1,1,1,1,1
18396,1396,0.04,0.12,0.04,0.08,0.2,0.52,0,0,1,1,1,1,1
18397,1397,0.04,0.12,0.04,0.08,0.24,0.48,0,0,1,1,1,1,1
18398,1398,0.04,0.12,0.04,0.08,0.28,0.44,0,0,1,1,1,1,1
18399,1399,0.04,0.12,0.04,0.08,0.32,0.4,0,0,1,1,1,1,1
18400,1400,0.04,0.12,0.04,0.08,0.36,0.36,0,0,1,1,1,1,1
18409,1409,0.04,0.12,0.04,0.12,0.04,0.64,0,0,1,1,1,1,1
18410,1410,0.04,0.12,0.04,0.12,0.08,0.6,0,0,1,1,1,1,1
18411,1411,0.04,0.12,0.04,0.12,0.12,0.56,0,0,1,1,1,1,1
18412,1412,0.04,0.12,0.04,0.12,0.16,0.52,0,0,1,1,1,1,1
18413,1413,0.04,0.12,0.04,0.12,0.2,0.48,0,0,1,1,1,1,1
18414,1414,0.04,0.12,0.04,0.12,0.24,0.44,0,0,1,1,1,1,1
18415,1415,0.04,0.12,0.04,0.12,0.28,0.4,0,0,1,1,1,1,1
18416,1416,0.04,0.12,0.04,0.12,0.32,0.36,0,0,1,1,1,1,1
18417,1417,0.04,0.12,0.04,0.12,0.36,0.32,0,0,1,0.993506889,1,1,1
18425,1425,0.04,0.12,0.04,0.16,0.04,0.6,0,0,1,1,1,1,1
18426,1426,0.04,0.12,0.04,0.16,0.08,0.56,0,0,1,1,1,1,1
18427,1427,0.04,0.12,0.04,0.16,0.12,0.52,0,0,1,1,1,1,1
18428,1428,0.04,0.12,0.04,0.16,0.16,0.48,0,0,1,1,1,1,1
18429,1429,0.04,0.12,0.04,0.16,0.2,0.44,0,0,1,1,1,1,1
18430,1430,0.04,0.12,0.04,0.16,0.24,0.4,0,0,1,1,1,1,1
18440,1440,0.04,0.12,0.04,0.2,0.04,0.56,0,0,1,1,1,1,1
18441,1441,0.04,0.12,0.04,0.2,0.08,0.52,0,0,1,1,1,1,1
18442,1442,0.04,0.12,0.04,0.2,0.12,0.48,0,0,1,1,1,1,1
18443,1443,0.04,0.12,0.04,0.2,0.16,0.44,0,0,1,1,1,1,1
18444,1444,0.04,0.12,0.04,0.2,0.2,0.4,0,0,1,0.998924147,0.998924147,1,1
18454,1454,0.04,0.12,0.04,0.24,0.04,0.52,0,0,1,1,1,1,1
18455,1455,0.04,0.12,0.04,0.24,0.08,0.48,0,0,1,1,1,1,1
18456,1456,0.04,0.12,0.04,0.24,0.12,0.44,0,0,1,1,1,1,1
18457,1457,0.04,0.12,0.04,0.24,0.16,0.4,0,0,1,0.990693077,0.990693077,1,1
18467,1467,0.04,0.12,0.04,0.28,0.04,0.48,0,0,1,1,1,1,1
18468,1468,0.04,0.12,0.04,0.28,0.08,0.44,0,0,1,1,1,1,1
18469,1469,0.04,0.12,0.04,0.28,0.12,0.4,0,0,1,1,1,1,1
18479,1479,0.04,0.12,0.04,0.32,0.04,0.44,0,0,1,1,1,1,1
18480,1480,0.04,0.12,0.04,0.32,0.08,0.4,0,0,1,1,1,1,1
18490,1490,0.04,0.12,0.04,0.36,0.04,0.4,0,0,1,1,1,1,1
18491,1491,0.04,0.12,0.04,0.36,0.08,0.36,0,0,1,1,1,1,1
18545,1545,0.04,0.12,0.08,0.04,0.04,0.68,0,0,1,1,1,1,1
18546,1546,0.04,0.12,0.08,0.04,0.08,0.64,0,0,1,1,1,1,1
18547,1547,0.04,0.12,0.08,0.04,0.12,0.6,0,0,1,1,1,1,1
18548,1548,0.04,0.12,0.08,0.04,0.16,0.56,0,0,1,1,1,1,1
18549,1549,0.04,0.12,0.08,0.04,0.2,0.52,0,0,1,1,1,1,1
18550,1550,0.04,0.12,0.08,0.04,0.24,0.48,0,0,1,1,1,1,1
18551,1551,0.04,0.12,0.08,0.04,0.28,0.44,0,0,1,1,1,1,1
18552,1552,0.04,0.12,0.08,0.04,0.32,0.4,0,0,1,1,1,1,1
18553,1553,0.04,0.12,0.08,0.04,0.36,0.36,0,0,1,1,1,1,1
18554,1554,0.04,0.12,0.08,0.04,0.4,0.32,0,0,1,1,1,1,1
18555,1555,0.04,0.12,0.08,0.04,0.44,0.28,0,0,1,1,1,1,1
18556,1556,0.04,0.12,0.08,0.04,0.48,0.24,0,0,1,1,1,1,1
18557,1557,0.04,0.12,0.08,0.04,0.52,0.2,0,0,1,1,1,1,1
18562,1562,0.04,0.12,0.08,0.08,0.04,0.64,0,0,1,1,1,1,1
18563,1563,0.04,0.12,0.08,0.08,0.08,0.6,0,0,1,1,1,1,1
18564,1564,0.04,0.12,0.08,0.08,0.12,0.56,0,0,1,1,1,1,1
18565,1565,0.04,0.12,0.08,0.08,0.16,0.52,0,0,1,1,1,1,1
18566,1566,0.04,0.12,0.08,0.08,0.2,0.48,0,0,1,1,1,1,1
18567,1567,0.04,0.12,0.08,0.08,0.24,0.44,0,0,1,1,1,1,1
18568,1568,0.04,0.12,0.08,0.08,0.28,0.4,0,0,1,1,1,1,1
18569,1569,0.04,0.12,0.08,0.08,0.32,0.36,0,0,1,1,1,1,1
18570,1570,0.04,0.12,0.08,0.08,0.36,0.32,0,0,1,1,1,1,1
18571,1571,0.04,0.12,0.08,0.08,0.4,0.28,0,0,1,1,1,1,1
18573,1573,0.04,0.12,0.08,0.08,0.48,0.2,0,0,1,1,1,1,1
18578,1578,0.04,0.12,0.08,0.12,0.04,0.6,0,0,1,1,1,1,1
18579,1579,0.04,0.12,0.08,0.12,0.08,0.56,0,0,1,1,1,1,1
18580,1580,0.04,0.12,0.08,0.12,0.12,0.52,0,0,1,1,1,1,1
18581,1581,0.04,0.12,0.08,0.12,0.16,0.48,0,0,1,1,1,1,1
18582,1582,0.04,0.12,0.08,0.12,0.2,0.44,0,0,1,0.997170144,0.997170144,1,1
18583,1583,0.04,0.12,0.08,0.12,0.24,0.4,0,0,1,1,1,1,1
18584,1584,0.04,0.12,0.08,0.12,0.28,0.36,0,0,1,1,1,1,1
18585,1585,0.04,0.12,0.08,0.12,0.32,0.32,0,0,1,1,1,1,1
18586,1586,0.04,0.12,0.08,0.12,0.36,0.28,0,0,1,1,1,1,1
18593,1593,0.04,0.12,0.08,0.16,0.04,0.56,0,0,1,1,1,1,1
18594,1594,0.04,0.12,0.08,0.16,0.08,0.52,0,0,1,1,1,1,1
18595,1595,0.04,0.12,0.08,0.16,0.12,0.48,0,0,1,1,1,1,1
18596,1596,0.04,0.12,0.08,0.16,0.16,0.44,0,0,1,1,1,1,1
18597,1597,0.04,0.12,0.08,0.16,0.2,0.4,0,0,1,1,1,1,1
18598,1598,0.04,0.12,0.08,0.16,0.24,0.36,0,0,1,1,1,1,1
18599,1599,0.04,0.12,0.08,0.16,0.28,0.32,0,0,1,1,1,1,1
18607,1607,0.04,0.12,0.08,0.2,0.04,0.52,0,0,1,1,1,1,1
18608,1608,0.04,0.12,0.08,0.2,0.08,0.48,0,0,1,1,1,1,1
18609,1609,0.04,0.12,0.08,0.2,0.12,0.44,0,0,1,1,1,1,1
18610,1610,0.04,0.12,0.08,0.2,0.16,0.4,0,0,1,1,1,1,1
18611,1611,0.04,0.12,0.08,0.2,0.2,0.36,0,0,1,1,1,1,1
18620,1620,0.04,0.12,0.08,0.24,0.04,0.48,0,0,1,1,1,1,1
18621,1621,0.04,0.12,0.08,0.24,0.08,0.44,0,0,1,1,1,1,1
18622,1622,0.04,0.12,0.08,0.24,0.12,0.4,0,0,1,1,1,1,1
18623,1623,0.04,0.12,0.08,0.24,0.16,0.36,0,0,1,1,1,1,1
18698,1698,0.04,0.12,0.12,0.04,0.04,0.64,0,0,1,1,1,1,1
18699,1699,0.04,0.12,0.12,0.04,0.08,0.6,0,0,1,1,1,1,1
18700,1700,0.04,0.12,0.12,0.04,0.12,0.56,0,0,1,1,1,1,1
18701,1701,0.04,0.12,0.12,0.04,0.16,0.52,0,0,1,1,1,1,1
18702,1702,0.04,0.12,0.12,0.04,0.2,0.48,0,0,1,1,1,1,1
18703,1703,0.04,0.12,0.12,0.04,0.24,0.44,0,0,1,1,1,1,1
18704,1704,0.04,0.12,0.12,0.04,0.28,0.4,0,0,1,1,1,1,1
18705,1705,0.04,0.12,0.12,0.04,0.32,0.36,0,0,1,1,1,1,1
18706,1706,0.04,0.12,0.12,0.04,0.36,0.32,0,0,1,1,1,1,1
18707,1707,0.04,0.12,0.12,0.04,0.4,0.28,0,0,1,1,1,1,1
18708,1708,0.04,0.12,0.12,0.04,0.44,0.24,0,0,1,1,1,1,1
18709,1709,0.04,0.12,0.12,0.04,0.48,0.2,0,0,1,1,1,1,1
18710,1710,0.04,0.12,0.12,0.04,0.52,0.16,0,0,1,1,1,1,1
18711,1711,0.04,0.12,0.12,0.04,0.56,0.12,0,0,1,1,1,1,1
18714,1714,0.04,0.12,0.12,0.08,0.04,0.6,0,0,1,1,1,1,1
18722,1722,0.04,0.12,0.12,0.08,0.36,0.28,0,0,1,1,1,1,1
18723,1723,0.04,0.12,0.12,0.08,0.4,0.24,0,0,1,1,1,1,1
18724,1724,0.04,0.12,0.12,0.08,0.44,0.2,0,0,1,1,1,1,1
18725,1725,0.04,0.12,0.12,0.08,0.48,0.16,0,0,1,1,1,1,1
18726,1726,0.04,0.12,0.12,0.08,0.52,0.12,0,0,1,1,1,1,1
18729,1729,0.04,0.12,0.12,0.12,0.04,0.56,0,0,1,1,1,1,1
18737,1737,0.04,0.12,0.12,0.12,0.36,0.24,0,0,1,1,1,1,1
18738,1738,0.04,0.12,0.12,0.12,0.4,0.2,0,0,1,1,1,1,1
18743,1743,0.04,0.12,0.12,0.16,0.04,0.52,0,0,1,1,1,1,1
18842,1842,0.04,0.12,0.16,0.04,0.36,0.28,0,0,1,1,1,1,1
18843,1843,0.04,0.12,0.16,0.04,0.4,0.24,0,0,1,0.995851873,0.995851873,1,1
18844,1844,0.04,0.12,0.16,0.04,0.44,0.2,0,0,1,0.990364257,0.990364257,1,1
18954,1954,0.04,0.16,0.04,0.04,0.04,0.68,0,0,1,1,1,1,1
18955,1955,0.04,0.16,0.04,0.04,0.08,0.64,0,0,1,1,1,1,1
18956,1956,0.04,0.16,0.04,0.04,0.12,0.6,0,0,1,1,1,1,1
18957,1957,0.04,0.16,0.04,0.04,0.16,0.56,0,0,1,1,1,1,1
18958,1958,0.04,0.16,0.04,0.04,0.2,0.52,0,0,1,1,1,1,1
18959,1959,0.04,0.16,0.04,0.04,0.24,0.48,0,0,1,1,1,1,1
18960,1960,0.04,0.16,0.04,0.04,0.28,0.44,0,0,1,1,1,1,1
18961,1961,0.04,0.16,0.04,0.04,0.32,0.4,0,0,1,1,1,1,1
18962,1962,0.04,0.16,0.04,0.04,0.36,0.36,0,0,1,1,1,1,1
18963,1963,0.04,0.16,0.04,0.04,0.4,0.32,0,0,1,1,1,1,1
18964,1964,0.04,0.16,0.04,0.04,0.44,0.28,0,0,1,1,1,1,1
18965,1965,0.04,0.16,0.04,0.04,0.48,0.24,0,0,1,1,1,1,1
18966,1966,0.04,0.16,0.04,0.04,0.52,0.2,0,0,1,1,1,1,1
18971,1971,0.04,0.16,0.04,0.08,0.04,0.64,0,0,1,1,1,1,1
18972,1972,0.04,0.16,0.04,0.08,0.08,0.6,0,0,1,1,1,1,1
18973,1973,0.04,0.16,0.04,0.08,0.12,0.56,0,0,1,1,1,1,1
18974,1974,0.04,0.16,0.04,0.08,0.16,0.52,0,0,1,1,1,1,1
18975,1975,0.04,0.16,0.04,0.08,0.2,0.48,0,0,1,1,1,1,1
18976,1976,0.04,0.16,0.04,0.08,0.24,0.44,0,0,1,1,1,1,1
18977,1977,0.04,0.16,0.04,0.08,0.28,0.4,0,0,1,1,1,1,1
18978,1978,0.04,0.16,0.04,0.08,0.32,0.36,0,0,1,1,1,1,1
18979,1979,0.04,0.16,0.04,0.08,0.36,0.32,0,0,1,1,1,1,1
18980,1980,0.04,0.16,0.04,0.08,0.4,0.28,0,0,1,1,1,1,1
18981,1981,0.04,0.16,0.04,0.08,0.44,0.24,0,0,1,1,1,1,1
18987,1987,0.04,0.16,0.04,0.12,0.04,0.6,0,0,1,1,1,1,1
18988,1988,0.04,0.16,0.04,0.12,0.08,0.56,0,0,1,1,1,1,1
18989,1989,0.04,0.16,0.04,0.12,0.12,0.52,0,0,1,1,1,1,1
18990,1990,0.04,0.16,0.04,0.12,0.16,0.48,0,0,1,1,1,1,1
18991,1991,0.04,0.16,0.04,0.12,0.2,0.44,0,0,1,1,1,1,1
18992,1992,0.04,0.16,0.04,0.12,0.24,0.4,0,0,1,1,1,1,1
18993,1993,0.04,0.16,0.04,0.12,0.28,0.36,0,0,1,1,1,1,1
18994,1994,0.04,0.16,0.04,0.12,0.32,0.32,0,0,1,1,1,1,1
18995,1995,0.04,0.16,0.04,0.12,0.36,0.28,0,0,1,1,1,1,1
19002,2002,0.04,0.16,0.04,0.16,0.04,0.56,0,0,1,1,1,1,1
19003,2003,0.04,0.16,0.04,0.16,0.08,0.52,0,0,1,1,1,1,1
19004,2004,0.04,0.16,0.04,0.16,0.12,0.48,0,0,1,1,1,1,1
19005,2005,0.04,0.16,0.04,0.16,0.16,0.44,0,0,1,1,1,1,1
19006,2006,0.04,0.16,0.04,0.16,0.2,0.4,0,0,1,1,1,1,1
19007,2007,0.04,0.16,0.04,0.16,0.24,0.36,0,0,1,1,1,1,1
19008,2008,0.04,0.16,0.04,0.16,0.28,0.32,0,0,1,0.990832021,0.990832021,1,1
19016,2016,0.04,0.16,0.04,0.2,0.04,0.52,0,0,1,1,1,1,1
19017,2017,0.04,0.16,0.04,0.2,0.08,0.48,0,0,1,1,1,1,1
19018,2018,0.04,0.16,0.04,0.2,0.12,0.44,0,0,1,1,1,1,1
19019,2019,0.04,0.16,0.04,0.2,0.16,0.4,0,0,1,1,1,1,1
19020,2020,0.04,0.16,0.04,0.2,0.2,0.36,0,0,1,1,1,1,1
19029,2029,0.04,0.16,0.04,0.24,0.04,0.48,0,0,1,0.999183329,0.999183329,1,1
19030,2030,0.04,0.16,0.04,0.24,0.08,0.44,0,0,1,0.998144294,0.998144294,1,1
19107,2107,0.04,0.16,0.08,0.04,0.04,0.64,0,0,1,1,1,1,1
19108,2108,0.04,0.16,0.08,0.04,0.08,0.6,0,0,1,1,1,1,1
19109,2109,0.04,0.16,0.08,0.04,0.12,0.56,0,0,1,1,1,1,1
19110,2110,0.04,0.16,0.08,0.04,0.16,0.52,0,0,1,1,1,1,1
19111,2111,0.04,0.16,0.08,0.04,0.2,0.48,0,0,1,1,1,1,1
19112,2112,0.04,0.16,0.08,0.04,0.24,0.44,0,0,1,1,1,1,1
19113,2113,0.04,0.16,0.08,0.04,0.28,0.4,0,0,1,1,1,1,1
19114,2114,0.04,0.16,0.08,0.04,0.32,0.36,0,0,1,1,1,1,1
19115,2115,0.04,0.16,0.08,0.04,0.36,0.32,0,0,1,1,1,1,1
19116,2116,0.04,0.16,0.08,0.04,0.4,0.28,0,0,1,1,1,1,1
19117,2117,0.04,0.16,0.08,0.04,0.44,0.24,0,0,1,1,1,1,1
19123,2123,0.04,0.16,0.08,0.08,0.04,0.6,0,0,1,1,1,1,1
19124,2124,0.04,0.16,0.08,0.08,0.08,0.56,0,0,1,1,1,1,1
19125,2125,0.04,0.16,0.08,0.08,0.12,0.52,0,0,1,1,1,1,1
19126,2126,0.04,0.16,0.08,0.08,0.16,0.48,0,0,1,1,1,1,1
19127,2127,0.04,0.16,0.08,0.08,0.2,0.44,0,0,1,1,1,1,1
19128,2128,0.04,0.16,0.08,0.08,0.24,0.4,0,0,1,1,1,1,1
19129,2129,0.04,0.16,0.08,0.08,0.28,0.36,0,0,1,1,1,1,1
19130,2130,0.04,0.16,0.08,0.08,0.32,0.32,0,0,1,1,1,1,1
19131,2131,0.04,0.16,0.08,0.08,0.36,0.28,0,0,1,1,1,1,1
19138,2138,0.04,0.16,0.08,0.12,0.04,0.56,0,0,1,1,1,1,1
19139,2139,0.04,0.16,0.08,0.12,0.08,0.52,0,0,1,1,1,1,1
19140,2140,0.04,0.16,0.08,0.12,0.12,0.48,0,0,1,1,1,1,1
19141,2141,0.04,0.16,0.08,0.12,0.16,0.44,0,0,1,1,1,1,1
19142,2142,0.04,0.16,0.08,0.12,0.2,0.4,0,0,1,1,1,1,1
19143,2143,0.04,0.16,0.08,0.12,0.24,0.36,0,0,1,0.995894903,0.995894903,1,1
19152,2152,0.04,0.16,0.08,0.16,0.04,0.52,0,0,1,0.992372771,0.992372771,1,1
19243,2243,0.04,0.16,0.12,0.04,0.04,0.6,0,0,1,1,1,1,1
19244,2244,0.04,0.16,0.12,0.04,0.08,0.56,0,0,1,1,1,1,1
19245,2245,0.04,0.16,0.12,0.04,0.12,0.52,0,0,1,1,1,1,1
19246,2246,0.04,0.16,0.12,0.04,0.16,0.48,0,0,1,1,1,1,1
19247,2247,0.04,0.16,0.12,0.04,0.2,0.44,0,0,1,0.998308329,0.998308329,1,1
19259,2259,0.04,0.16,0.12,0.08,0.08,0.52,0,0,1,0.996355354,0.996355354,1,1
19468,2468,0.04,0.2,0.04,0.04,0.04,0.64,0,0,1,1,1,1,1
19469,2469,0.04,0.2,0.04,0.04,0.08,0.6,0,0,1,1,1,1,1
19470,2470,0.04,0.2,0.04,0.04,0.12,0.56,0,0,1,1,1,1,1
19471,2471,0.04,0.2,0.04,0.04,0.16,0.52,0,0,1,1,1,1,1
19472,2472,0.04,0.2,0.04,0.04,0.2,0.48,0,0,1,1,1,1,1
19473,2473,0.04,0.2,0.04,0.04,0.24,0.44,0,0,1,1,1,1,1
19474,2474,0.04,0.2,0.04,0.04,0.28,0.4,0,0,1,1,1,1,1
19475,2475,0.04,0.2,0.04,0.04,0.32,0.36,0,0,1,1,1,1,1
19476,2476,0.04,0.2,0.04,0.04,0.36,0.32,0,0,1,0.997854625,0.997854625,1,1
19484,2484,0.04,0.2,0.04,0.08,0.04,0.6,0,0,1,1,1,1,1
19485,2485,0.04,0.2,0.04,0.08,0.08,0.56,0,0,1,1,1,1,1
19486,2486,0.04,0.2,0.04,0.08,0.12,0.52,0,0,1,1,1,1,1
19487,2487,0.04,0.2,0.04,0.08,0.16,0.48,0,0,1,1,1,1,1
19488,2488,0.04,0.2,0.04,0.08,0.2,0.44,0,0,1,1,1,1,1
19489,2489,0.04,0.2,0.04,0.08,0.24,0.4,0,0,1,1,1,1,1
19500,2500,0.04,0.2,0.04,0.12,0.08,0.52,0,0,1,0.99713064,0.99713064,1,1
19501,2501,0.04,0.2,0.04,0.12,0.12,0.48,0,0,1,1,1,1,1
19502,2502,0.04,0.2,0.04,0.12,0.16,0.44,0,0,1,0.990440897,0.990440897,1,1
19605,2605,0.04,0.2,0.08,0.04,0.08,0.56,0,0,1,0.996734437,0.996734437,1,1
19606,2606,0.04,0.2,0.08,0.04,0.12,0.52,0,0,1,1,1,1,1
19607,2607,0.04,0.2,0.08,0.04,0.16,0.48,0,0,1,0.996938174,0.996938174,1,1
21979,4979,0.08,0.04,0.04,0.04,0.04,0.76,0,0,1,1,1,1,1
21980,4980,0.08,0.04,0.04,0.04,0.08,0.72,0,0,1,1,1,1,1
21981,4981,0.08,0.04,0.04,0.04,0.12,0.68,0,0,1,1,1,1,1
21982,4982,0.08,0.04,0.04,0.04,0.16,0.64,0,0,1,1,1,1,1
21983,4983,0.08,0.04,0.04,0.04,0.2,0.6,0,0,1,1,1,1,1
21984,4984,0.08,0.04,0.04,0.04,0.24,0.56,0,0,1,1,1,1,1
21985,4985,0.08,0.04,0.04,0.04,0.28,0.52,0,0,1,1,1,1,1
21986,4986,0.08,0.04,0.04,0.04,0.32,0.48,0,0,1,1,1,1,1
21987,4987,0.08,0.04,0.04,0.04,0.36,0.44,0,0,1,1,1,1,1
21990,4990,0.08,0.04,0.04,0.04,0.48,0.32,0,0,1,0.996558681,0.996558681,1,1
21998,4998,0.08,0.04,0.04,0.08,0.04,0.72,0,0,1,1,1,1,1
21999,4999,0.08,0.04,0.04,0.08,0.08,0.68,0,0,1,1,1,1,1
22000,5000,0.08,0.04,0.04,0.08,0.12,0.64,0,0,1,1,1,1,1
22001,5001,0.08,0.04,0.04,0.08,0.16,0.6,0,0,1,1,1,1,1
22002,5002,0.08,0.04,0.04,0.08,0.2,0.56,0,0,1,1,1,1,1
22003,5003,0.08,0.04,0.04,0.08,0.24,0.52,0,0,1,1,1,1,1
22004,5004,0.08,0.04,0.04,0.08,0.28,0.48,0,0,1,1,1,1,1
22005,5005,0.08,0.04,0.04,0.08,0.32,0.44,0,0,1,1,1,1,1
22016,5016,0.08,0.04,0.04,0.12,0.04,0.68,0,0,1,1,1,1,1
22017,5017,0.08,0.04,0.04,0.12,0.08,0.64,0,0,1,1,1,1,1
22018,5018,0.08,0.04,0.04,0.12,0.12,0.6,0,0,1,1,1,1,1
22019,5019,0.08,0.04,0.04,0.12,0.16,0.56,0,0,1,1,1,1,1
22020,5020,0.08,0.04,0.04,0.12,0.2,0.52,0,0,1,1,1,1,1
22021,5021,0.08,0.04,0.04,0.12,0.24,0.48,0,0,1,1,1,1,1
22022,5022,0.08,0.04,0.04,0.12,0.28,0.44,0,0,1,1,1,1,1
22024,5024,0.08,0.04,0.04,0.12,0.36,0.36,0,0,1,1,1,1,1
22033,5033,0.08,0.04,0.04,0.16,0.04,0.64,0,0,1,1,1,1,1
22034,5034,0.08,0.04,0.04,0.16,0.08,0.6,0,0,1,1,1,1,1
22035,5035,0.08,0.04,0.04,0.16,0.12,0.56,0,0,1,1,1,1,1
22036,5036,0.08,0.04,0.04,0.16,0.16,0.52,0,0,1,1,1,1,1
22037,5037,0.08,0.04,0.04,0.16,0.2,0.48,0,0,1,1,1,1,1
22038,5038,0.08,0.04,0.04,0.16,0.24,0.44,0,0,1,1,1,1,1
22039,5039,0.08,0.04,0.04,0.16,0.28,0.4,0,0,1,1,1,1,1
22049,5049,0.08,0.04,0.04,0.2,0.04,0.6,0,0,1,1,1,1,1
22050,5050,0.08,0.04,0.04,0.2,0.08,0.56,0,0,1,1,1,1,1
22051,5051,0.08,0.04,0.04,0.2,0.12,0.52,0,0,1,1,1,1,1
22052,5052,0.08,0.04,0.04,0.2,0.16,0.48,0,0,1,1,1,1,1
22053,5053,0.08,0.04,0.04,0.2,0.2,0.44,0,0,1,1,1,1,1
22064,5064,0.08,0.04,0.04,0.24,0.04,0.56,0,0,1,1,1,1,1
22065,5065,0.08,0.04,0.04,0.24,0.08,0.52,0,0,1,1,1,1,1
22066,5066,0.08,0.04,0.04,0.24,0.12,0.48,0,0,1,1,1,1,1
22078,5078,0.08,0.04,0.04,0.28,0.04,0.52,0,0,1,1,1,1,1
22079,5079,0.08,0.04,0.04,0.28,0.08,0.48,0,0,1,1,1,1,1
22080,5080,0.08,0.04,0.04,0.28,0.12,0.44,0,0,1,0.994468401,0.994468401,1,1
22091,5091,0.08,0.04,0.04,0.32,0.04,0.48,0,0,1,1,1,1,1
22092,5092,0.08,0.04,0.04,0.32,0.08,0.44,0,0,1,1,1,1,1
22169,5169,0.08,0.04,0.08,0.04,0.04,0.72,0,0,1,1,1,1,1
22170,5170,0.08,0.04,0.08,0.04,0.08,0.68,0,0,1,1,1,1,1
22171,5171,0.08,0.04,0.08,0.04,0.12,0.64,0,0,1,1,1,1,1
22172,5172,0.08,0.04,0.08,0.04,0.16,0.6,0,0,1,1,1,1,1
22173,5173,0.08,0.04,0.08,0.04,0.2,0.56,0,0,1,1,1,1,1
22174,5174,0.08,0.04,0.08,0.04,0.24,0.52,0,0,1,1,1,1,1
22175,5175,0.08,0.04,0.08,0.04,0.28,0.48,0,0,1,1,1,1,1
22176,5176,0.08,0.04,0.08,0.04,0.32,0.44,0,0,1,1,1,1,1
22177,5177,0.08,0.04,0.08,0.04,0.36,0.4,0,0,1,1,1,1,1
22178,5178,0.08,0.04,0.08,0.04,0.4,0.36,0,0,1,1,1,1,1
22179,5179,0.08,0.04,0.08,0.04,0.44,0.32,0,0,1,1,1,1,1
22187,5187,0.08,0.04,0.08,0.08,0.04,0.68,0,0,1,1,1,1,1
22188,5188,0.08,0.04,0.08,0.08,0.08,0.64,0,0,1,1,1,1,1
22189,5189,0.08,0.04,0.08,0.08,0.12,0.6,0,0,1,1,1,1,1
22190,5190,0.08,0.04,0.08,0.08,0.16,0.56,0,0,1,1,1,1,1
22191,5191,0.08,0.04,0.08,0.08,0.2,0.52,0,0,1,1,1,1,1
22192,5192,0.08,0.04,0.08,0.08,0.24,0.48,0,0,1,1,1,1,1
22193,5193,0.08,0.04,0.08,0.08,0.28,0.44,0,0,1,1,1,1,1
22194,5194,0.08,0.04,0.08,0.08,0.32,0.4,0,0,1,1,1,1,1
22195,5195,0.08,0.04,0.08,0.08,0.36,0.36,0,0,1,1,1,1,1
22196,5196,0.08,0.04,0.08,0.08,0.4,0.32,0,0,1,1,1,1,1
22197,5197,0.08,0.04,0.08,0.08,0.44,0.28,0,0,1,1,1,1,1
22204,5204,0.08,0.04,0.08,0.12,0.04,0.64,0,0,1,1,1,1,1
22205,5205,0.08,0.04,0.08,0.12,0.08,0.6,0,0,1,1,1,1,1
22206,5206,0.08,0.04,0.08,0.12,0.12,0.56,0,0,1,1,1,1,1
22207,5207,0.08,0.04,0.08,0.12,0.16,0.52,0,0,1,1,1,1,1
22211,5211,0.08,0.04,0.08,0.12,0.32,0.36,0,0,1,0.991730888,0.991730888,1,1
22212,5212,0.08,0.04,0.08,0.12,0.36,0.32,0,0,1,1,1,1,1
22213,5213,0.08,0.04,0.08,0.12,0.4,0.28,0,0,1,1,1,1,1
22220,5220,0.08,0.04,0.08,0.16,0.04,0.6,0,0,1,1,1,1,1
22221,5221,0.08,0.04,0.08,0.16,0.08,0.56,0,0,1,1,1,1,1
22222,5222,0.08,0.04,0.08,0.16,0.12,0.52,0,0,1,1,1,1,1
22223,5223,0.08,0.04,0.08,0.16,0.16,0.48,0,0,1,0.996259125,0.996259125,1,1
22226,5226,0.08,0.04,0.08,0.16,0.28,0.36,0,0,1,0.994914937,0.994914937,1,1
22235,5235,0.08,0.04,0.08,0.2,0.04,0.56,0,0,1,1,1,1,1
22236,5236,0.08,0.04,0.08,0.2,0.08,0.52,0,0,1,1,1,1,1
22237,5237,0.08,0.04,0.08,0.2,0.12,0.48,0,0,1,1,1,1,1
22238,5238,0.08,0.04,0.08,0.2,0.16,0.44,0,0,1,1,1,1,1
22239,5239,0.08,0.04,0.08,0.2,0.2,0.4,0,0,1,1,1,1,1
22249,5249,0.08,0.04,0.08,0.24,0.04,0.52,0,0,1,1,1,1,1
22250,5250,0.08,0.04,0.08,0.24,0.08,0.48,0,0,1,1,1,1,1
22251,5251,0.08,0.04,0.08,0.24,0.12,0.44,0,0,1,1,1,1,1
22252,5252,0.08,0.04,0.08,0.24,0.16,0.4,0,0,1,0.991097625,0.991097625,1,1
22262,5262,0.08,0.04,0.08,0.28,0.04,0.48,0,0,1,1,1,1,1
22263,5263,0.08,0.04,0.08,0.28,0.08,0.44,0,0,1,1,1,1,1
22264,5264,0.08,0.04,0.08,0.28,0.12,0.4,0,0,1,1,1,1,1
22274,5274,0.08,0.04,0.08,0.32,0.04,0.44,0,0,1,1,1,1,1
22275,5275,0.08,0.04,0.08,0.32,0.08,0.4,0,0,1,1,1,1,1
22340,5340,0.08,0.04,0.12,0.04,0.04,0.68,0,0,1,1,1,1,1
22341,5341,0.08,0.04,0.12,0.04,0.08,0.64,0,0,1,1,1,1,1
22342,5342,0.08,0.04,0.12,0.04,0.12,0.6,0,0,1,1,1,1,1
22343,5343,0.08,0.04,0.12,0.04,0.16,0.56,0,0,1,1,1,1,1
22344,5344,0.08,0.04,0.12,0.04,0.2,0.52,0,0,1,1,1,1,1
22345,5345,0.08,0.04,0.12,0.04,0.24,0.48,0,0,1,0.993816854,0.993816854,1,1
22347,5347,0.08,0.04,0.12,0.04,0.32,0.4,0,0,1,0.996064909,0.996064909,1,1
22348,5348,0.08,0.04,0.12,0.04,0.36,0.36,0,0,1,1,1,1,1
22349,5349,0.08,0.04,0.12,0.04,0.4,0.32,0,0,1,1,1,1,1
22350,5350,0.08,0.04,0.12,0.04,0.44,0.28,0,0,1,1,1,1,1
22357,5357,0.08,0.04,0.12,0.08,0.04,0.64,0,0,1,1,1,1,1
22358,5358,0.08,0.04,0.12,0.08,0.08,0.6,0,0,1,1,1,1,1
22367,5367,0.08,0.04,0.12,0.08,0.44,0.24,0,0,1,1,1,1,1
22368,5368,0.08,0.04,0.12,0.08,0.48,0.2,0,0,1,0.991313674,0.991313674,1,1
22373,5373,0.08,0.04,0.12,0.12,0.04,0.6,0,0,1,1,1,1,1
22382,5382,0.08,0.04,0.12,0.12,0.4,0.24,0,0,1,1,1,1,1
22388,5388,0.08,0.04,0.12,0.16,0.04,0.56,0,0,1,1,1,1,1
22402,5402,0.08,0.04,0.12,0.2,0.04,0.52,0,0,1,1,1,1,1
22403,5403,0.08,0.04,0.12,0.2,0.08,0.48,0,0,1,1,1,1,1
22415,5415,0.08,0.04,0.12,0.24,0.04,0.48,0,0,1,1,1,1,1
22416,5416,0.08,0.04,0.12,0.24,0.08,0.44,0,0,1,1,1,1,1
22417,5417,0.08,0.04,0.12,0.24,0.12,0.4,0,0,1,1,1,1,1
22418,5418,0.08,0.04,0.12,0.24,0.16,0.36,0,0,1,1,1,1,1
22427,5427,0.08,0.04,0.12,0.28,0.04,0.44,0,0,1,1,1,1,1
22428,5428,0.08,0.04,0.12,0.28,0.08,0.4,0,0,1,1,1,1,1
22429,5429,0.08,0.04,0.12,0.28,0.12,0.36,0,0,1,1,1,1,1
22438,5438,0.08,0.04,0.12,0.32,0.04,0.4,0,0,1,1,1,1,1
22439,5439,0.08,0.04,0.12,0.32,0.08,0.36,0,0,1,1,1,1,1
22448,5448,0.08,0.04,0.12,0.36,0.04,0.36,0,0,1,1,1,1,1
22449,5449,0.08,0.04,0.12,0.36,0.08,0.32,0,0,1,1,1,1,1
22457,5457,0.08,0.04,0.12,0.4,0.04,0.32,0,0,1,1,1,1,1
22493,5493,0.08,0.04,0.16,0.04,0.04,0.64,0,0,1,1,1,1,1
22494,5494,0.08,0.04,0.16,0.04,0.08,0.6,0,0,1,1,1,1,1
22502,5502,0.08,0.04,0.16,0.04,0.4,0.28,0,0,1,0.990387557,0.990387557,1,1
22503,5503,0.08,0.04,0.16,0.04,0.44,0.24,0,0,1,1,1,1,1
22504,5504,0.08,0.04,0.16,0.04,0.48,0.2,0,0,1,0.997652152,0.997652152,1,1
22509,5509,0.08,0.04,0.16,0.08,0.04,0.6,0,0,1,1,1,1,1
22519,5519,0.08,0.04,0.16,0.08,0.44,0.2,0,0,1,1,1,1,1
22520,5520,0.08,0.04,0.16,0.08,0.48,0.16,0,0,1,1,1,1,1
22521,5521,0.08,0.04,0.16,0.08,0.52,0.12,0,0,1,0.998430892,0.998430892,1,1
22524,5524,0.08,0.04,0.16,0.12,0.04,0.56,0,0,1,1,1,1,1
22533,5533,0.08,0.04,0.16,0.12,0.4,0.2,0,0,1,1,1,1,1
22534,5534,0.08,0.04,0.16,0.12,0.44,0.16,0,0,1,1,1,1,1
22535,5535,0.08,0.04,0.16,0.12,0.48,0.12,0,0,1,0.990438842,0.990438842,1,1
22538,5538,0.08,0.04,0.16,0.16,0.04,0.52,0,0,1,1,1,1,1
22551,5551,0.08,0.04,0.16,0.2,0.04,0.48,0,0,1,1,1,1,1
22552,5552,0.08,0.04,0.16,0.2,0.08,0.44,0,0,1,1,1,1,1
22563,5563,0.08,0.04,0.16,0.24,0.04,0.44,0,0,1,1,1,1,1
22564,5564,0.08,0.04,0.16,0.24,0.08,0.4,0,0,1,1,1,1,1
22565,5565,0.08,0.04,0.16,0.24,0.12,0.36,0,0,1,1,1,1,1
22566,5566,0.08,0.04,0.16,0.24,0.16,0.32,0,0,1,1,1,1,1
22567,5567,0.08,0.04,0.16,0.24,0.2,0.28,0,0,1,1,1,1,1
22574,5574,0.08,0.04,0.16,0.28,0.04,0.4,0,0,1,1,1,1,1
22575,5575,0.08,0.04,0.16,0.28,0.08,0.36,0,0,1,1,1,1,1
22576,5576,0.08,0.04,0.16,0.28,0.12,0.32,0,0,1,1,1,1,1
22577,5577,0.08,0.04,0.16,0.28,0.16,0.28,0,0,1,1,1,1,1
22584,5584,0.08,0.04,0.16,0.32,0.04,0.36,0,0,1,1,1,1,1
22585,5585,0.08,0.04,0.16,0.32,0.08,0.32,0,0,1,1,1,1,1
22586,5586,0.08,0.04,0.16,0.32,0.12,0.28,0,0,1,1,1,1,1
22593,5593,0.08,0.04,0.16,0.36,0.04,0.32,0,0,1,1,1,1,1
22594,5594,0.08,0.04,0.16,0.36,0.08,0.28,0,0,1,1,1,1,1
22601,5601,0.08,0.04,0.16,0.4,0.04,0.28,0,0,1,0.992764801,0.992764801,1,1
22629,5629,0.08,0.08,0.04,0.04,0.04,0.72,0,0,1,1,1,1,1
22630,5630,0.08,0.08,0.04,0.04,0.08,0.68,0,0,1,1,1,1,1
22631,5631,0.08,0.08,0.04,0.04,0.12,0.64,0,0,1,1,1,1,1
22632,5632,0.08,0.08,0.04,0.04,0.16,0.6,0,0,1,1,1,1,1
22633,5633,0.08,0.08,0.04,0.04,0.2,0.56,0,0,1,1,1,1,1
22634,5634,0.08,0.08,0.04,0.04,0.24,0.52,0,0,1,1,1,1,1
22635,5635,0.08,0.08,0.04,0.04,0.28,0.48,0,0,1,1,1,1,1
22636,5636,0.08,0.08,0.04,0.04,0.32,0.44,0,0,1,1,1,1,1
22637,5637,0.08,0.08,0.04,0.04,0.36,0.4,0,0,1,1,1,1,1
22638,5638,0.08,0.08,0.04,0.04,0.4,0.36,0,0,1,1,1,1,1
22639,5639,0.08,0.08,0.04,0.04,0.44,0.32,0,0,1,1,1,1,1
22647,5647,0.08,0.08,0.04,0.08,0.04,0.68,0,0,1,1,1,1,1
22648,5648,0.08,0.08,0.04,0.08,0.08,0.64,0,0,1,1,1,1,1
22649,5649,0.08,0.08,0.04,0.08,0.12,0.6,0,0,1,1,1,1,1
22650,5650,0.08,0.08,0.04,0.08,0.16,0.56,0,0,1,1,1,1,1
22651,5651,0.08,0.08,0.04,0.08,0.2,0.52,0,0,1,1,1,1,1
22652,5652,0.08,0.08,0.04,0.08,0.24,0.48,0,0,1,1,1,1,1
22653,5653,0.08,0.08,0.04,0.08,0.28,0.44,0,0,1,1,1,1,1
22654,5654,0.08,0.08,0.04,0.08,0.32,0.4,0,0,1,1,1,1,1
22655,5655,0.08,0.08,0.04,0.08,0.36,0.36,0,0,1,1,1,1,1
22656,5656,0.08,0.08,0.04,0.08,0.4,0.32,0,0,1,1,1,1,1
22657,5657,0.08,0.08,0.04,0.08,0.44,0.28,0,0,1,1,1,1,1
22664,5664,0.08,0.08,0.04,0.12,0.04,0.64,0,0,1,1,1,1,1
22665,5665,0.08,0.08,0.04,0.12,0.08,0.6,0,0,1,1,1,1,1
22666,5666,0.08,0.08,0.04,0.12,0.12,0.56,0,0,1,1,1,1,1
22667,5667,0.08,0.08,0.04,0.12,0.16,0.52,0,0,1,1,1,1,1
22668,5668,0.08,0.08,0.04,0.12,0.2,0.48,0,0,1,1,1,1,1
22669,5669,0.08,0.08,0.04,0.12,0.24,0.44,0,0,1,1,1,1,1
22670,5670,0.08,0.08,0.04,0.12,0.28,0.4,0,0,1,1,1,1,1
22671,5671,0.08,0.08,0.04,0.12,0.32,0.36,0,0,1,1,1,1,1
22672,5672,0.08,0.08,0.04,0.12,0.36,0.32,0,0,1,1,1,1,1
22673,5673,0.08,0.08,0.04,0.12,0.4,0.28,0,0,1,0.994006292,0.994006292,1,1
22680,5680,0.08,0.08,0.04,0.16,0.04,0.6,0,0,1,1,1,1,1
22681,5681,0.08,0.08,0.04,0.16,0.08,0.56,0,0,1,1,1,1,1
22682,5682,0.08,0.08,0.04,0.16,0.12,0.52,0,0,1,1,1,1,1
22683,5683,0.08,0.08,0.04,0.16,0.16,0.48,0,0,1,1,1,1,1
22684,5684,0.08,0.08,0.04,0.16,0.2,0.44,0,0,1,1,1,1,1
22685,5685,0.08,0.08,0.04,0.16,0.24,0.4,0,0,1,1,1,1,1
22686,5686,0.08,0.08,0.04,0.16,0.28,0.36,0,0,1,0.999135004,0.999135004,1,1
22695,5695,0.08,0.08,0.04,0.2,0.04,0.56,0,0,1,1,1,1,1
22696,5696,0.08,0.08,0.04,0.2,0.08,0.52,0,0,1,1,1,1,1
22697,5697,0.08,0.08,0.04,0.2,0.12,0.48,0,0,1,1,1,1,1
22698,5698,0.08,0.08,0.04,0.2,0.16,0.44,0,0,1,1,1,1,1
22699,5699,0.08,0.08,0.04,0.2,0.2,0.4,0,0,1,1,1,1,1
22709,5709,0.08,0.08,0.04,0.24,0.04,0.52,0,0,1,1,1,1,1
22710,5710,0.08,0.08,0.04,0.24,0.08,0.48,0,0,1,1,1,1,1
22711,5711,0.08,0.08,0.04,0.24,0.12,0.44,0,0,1,1,1,1,1
22722,5722,0.08,0.08,0.04,0.28,0.04,0.48,0,0,1,1,1,1,1
22723,5723,0.08,0.08,0.04,0.28,0.08,0.44,0,0,1,1,1,1,1
22724,5724,0.08,0.08,0.04,0.28,0.12,0.4,0,0,1,1,1,1,1
22734,5734,0.08,0.08,0.04,0.32,0.04,0.44,0,0,1,1,1,1,1
22735,5735,0.08,0.08,0.04,0.32,0.08,0.4,0,0,1,1,1,1,1
22800,5800,0.08,0.08,0.08,0.04,0.04,0.68,0,0,1,1,1,1,1
22801,5801,0.08,0.08,0.08,0.04,0.08,0.64,0,0,1,1,1,1,1
22802,5802,0.08,0.08,0.08,0.04,0.12,0.6,0,0,1,1,1,1,1
22803,5803,0.08,0.08,0.08,0.04,0.16,0.56,0,0,1,1,1,1,1
22804,5804,0.08,0.08,0.08,0.04,0.2,0.52,0,0,1,1,1,1,1
22805,5805,0.08,0.08,0.08,0.04,0.24,0.48,0,0,1,1,1,1,1
22806,5806,0.08,0.08,0.08,0.04,0.28,0.44,0,0,1,1,1,1,1
22807,5807,0.08,0.08,0.08,0.04,0.32,0.4,0,0,1,1,1,1,1
22808,5808,0.08,0.08,0.08,0.04,0.36,0.36,0,0,1,1,1,1,1
22809,5809,0.08,0.08,0.08,0.04,0.4,0.32,0,0,1,1,1,1,1
22810,5810,0.08,0.08,0.08,0.04,0.44,0.28,0,0,1,1,1,1,1
22817,5817,0.08,0.08,0.08,0.08,0.04,0.64,0,0,1,1,1,1,1
22818,5818,0.08,0.08,0.08,0.08,0.08,0.6,0,0,1,1,1,1,1
22819,5819,0.08,0.08,0.08,0.08,0.12,0.56,0,0,1,1,1,1,1
22820,5820,0.08,0.08,0.08,0.08,0.16,0.52,0,0,1,1,1,1,1
22821,5821,0.08,0.08,0.08,0.08,0.2,0.48,0,0,1,1,1,1,1
22822,5822,0.08,0.08,0.08,0.08,0.24,0.44,0,0,1,1,1,1,1
22823,5823,0.08,0.08,0.08,0.08,0.28,0.4,0,0,1,1,1,1,1
22824,5824,0.08,0.08,0.08,0.08,0.32,0.36,0,0,1,1,1,1,1
22825,5825,0.08,0.08,0.08,0.08,0.36,0.32,0,0,1,1,1,1,1
22826,5826,0.08,0.08,0.08,0.08,0.4,0.28,0,0,1,1,1,1,1
22827,5827,0.08,0.08,0.08,0.08,0.44,0.24,0,0,1,1,1,1,1
22833,5833,0.08,0.08,0.08,0.12,0.04,0.6,0,0,1,1,1,1,1
22834,5834,0.08,0.08,0.08,0.12,0.08,0.56,0,0,1,1,1,1,1
22835,5835,0.08,0.08,0.08,0.12,0.12,0.52,0,0,1,1,1,1,1
22836,5836,0.08,0.08,0.08,0.12,0.16,0.48,0,0,1,1,1,1,1
22837,5837,0.08,0.08,0.08,0.12,0.2,0.44,0,0,1,1,1,1,1
22838,5838,0.08,0.08,0.08,0.12,0.24,0.4,0,0,1,1,1,1,1
22839,5839,0.08,0.08,0.08,0.12,0.28,0.36,0,0,1,1,1,1,1
22840,5840,0.08,0.08,0.08,0.12,0.32,0.32,0,0,1,1,1,1,1
22841,5841,0.08,0.08,0.08,0.12,0.36,0.28,0,0,1,1,1,1,1
22842,5842,0.08,0.08,0.08,0.12,0.4,0.24,0,0,1,1,1,1,1
22848,5848,0.08,0.08,0.08,0.16,0.04,0.56,0,0,1,1,1,1,1
22849,5849,0.08,0.08,0.08,0.16,0.08,0.52,0,0,1,1,1,1,1
22850,5850,0.08,0.08,0.08,0.16,0.12,0.48,0,0,1,1,1,1,1
22851,5851,0.08,0.08,0.08,0.16,0.16,0.44,0,0,1,1,1,1,1
22852,5852,0.08,0.08,0.08,0.16,0.2,0.4,0,0,1,1,1,1,1
22853,5853,0.08,0.08,0.08,0.16,0.24,0.36,0,0,1,1,1,1,1
22854,5854,0.08,0.08,0.08,0.16,0.28,0.32,0,0,1,1,1,1,1
22862,5862,0.08,0.08,0.08,0.2,0.04,0.52,0,0,1,1,1,1,1
22863,5863,0.08,0.08,0.08,0.2,0.08,0.48,0,0,1,1,1,1,1
22864,5864,0.08,0.08,0.08,0.2,0.12,0.44,0,0,1,1,1,1,1
22865,5865,0.08,0.08,0.08,0.2,0.16,0.4,0,0,1,1,1,1,1
22866,5866,0.08,0.08,0.08,0.2,0.2,0.36,0,0,1,1,1,1,1
22875,5875,0.08,0.08,0.08,0.24,0.04,0.48,0,0,1,1,1,1,1
22876,5876,0.08,0.08,0.08,0.24,0.08,0.44,0,0,1,1,1,1,1
22877,5877,0.08,0.08,0.08,0.24,0.12,0.4,0,0,1,1,1,1,1
22878,5878,0.08,0.08,0.08,0.24,0.16,0.36,0,0,1,1,1,1,1
22887,5887,0.08,0.08,0.08,0.28,0.04,0.44,0,0,1,1,1,1,1
22888,5888,0.08,0.08,0.08,0.28,0.08,0.4,0,0,1,1,1,1,1
22889,5889,0.08,0.08,0.08,0.28,0.12,0.36,0,0,1,1,1,1,1
22898,5898,0.08,0.08,0.08,0.32,0.04,0.4,0,0,1,1,1,1,1
22899,5899,0.08,0.08,0.08,0.32,0.08,0.36,0,0,1,1,1,1,1
22908,5908,0.08,0.08,0.08,0.36,0.04,0.36,0,0,1,0.997118944,0.997118944,1,1
22909,5909,0.08,0.08,0.08,0.36,0.08,0.32,0,0,1,0.998291641,0.998291641,1,1
22953,5953,0.08,0.08,0.12,0.04,0.04,0.64,0,0,1,1,1,1,1
22954,5954,0.08,0.08,0.12,0.04,0.08,0.6,0,0,1,1,1,1,1
22955,5955,0.08,0.08,0.12,0.04,0.12,0.56,0,0,1,1,1,1,1
22956,5956,0.08,0.08,0.12,0.04,0.16,0.52,0,0,1,1,1,1,1
22957,5957,0.08,0.08,0.12,0.04,0.2,0.48,0,0,1,1,1,1,1
22958,5958,0.08,0.08,0.12,0.04,0.24,0.44,0,0,1,1,1,1,1
22959,5959,0.08,0.08,0.12,0.04,0.28,0.4,0,0,1,1,1,1,1
22960,5960,0.08,0.08,0.12,0.04,0.32,0.36,0,0,1,1,1,1,1
22961,5961,0.08,0.08,0.12,0.04,0.36,0.32,0,0,1,1,1,1,1
22962,5962,0.08,0.08,0.12,0.04,0.4,0.28,0,0,1,1,1,1,1
22963,5963,0.08,0.08,0.12,0.04,0.44,0.24,0,0,1,1,1,1,1
22969,5969,0.08,0.08,0.12,0.08,0.04,0.6,0,0,1,1,1,1,1
22970,5970,0.08,0.08,0.12,0.08,0.08,0.56,0,0,1,1,1,1,1
22971,5971,0.08,0.08,0.12,0.08,0.12,0.52,0,0,1,1,1,1,1
22976,5976,0.08,0.08,0.12,0.08,0.32,0.32,0,0,1,1,1,1,1
22977,5977,0.08,0.08,0.12,0.08,0.36,0.28,0,0,1,1,1,1,1
22978,5978,0.08,0.08,0.12,0.08,0.4,0.24,0,0,1,1,1,1,1
22979,5979,0.08,0.08,0.12,0.08,0.44,0.2,0,0,1,1,1,1,1
22980,5980,0.08,0.08,0.12,0.08,0.48,0.16,0,0,1,1,1,1,1
22984,5984,0.08,0.08,0.12,0.12,0.04,0.56,0,0,1,1,1,1,1
22985,5985,0.08,0.08,0.12,0.12,0.08,0.52,0,0,1,1,1,1,1
22990,5990,0.08,0.08,0.12,0.12,0.28,0.32,0,0,1,0.999334089,0.999334089,1,1
22991,5991,0.08,0.08,0.12,0.12,0.32,0.28,0,0,1,1,1,1,1
22992,5992,0.08,0.08,0.12,0.12,0.36,0.24,0,0,1,1,1,1,1
22993,5993,0.08,0.08,0.12,0.12,0.4,0.2,0,0,1,1,1,1,1
22994,5994,0.08,0.08,0.12,0.12,0.44,0.16,0,0,1,1,1,1,1
22998,5998,0.08,0.08,0.12,0.16,0.04,0.52,0,0,1,1,1,1,1
22999,5999,0.08,0.08,0.12,0.16,0.08,0.48,0,0,1,1,1,1,1
23000,6000,0.08,0.08,0.12,0.16,0.12,0.44,0,0,1,1,1,1,1
23001,6001,0.08,0.08,0.12,0.16,0.16,0.4,0,0,1,1,1,1,1
23002,6002,0.08,0.08,0.12,0.16,0.2,0.36,0,0,1,1,1,1,1
23003,6003,0.08,0.08,0.12,0.16,0.24,0.32,0,0,1,1,1,1,1
23004,6004,0.08,0.08,0.12,0.16,0.28,0.28,0,0,1,1,1,1,1
23005,6005,0.08,0.08,0.12,0.16,0.32,0.24,0,0,1,1,1,1,1
23011,6011,0.08,0.08,0.12,0.2,0.04,0.48,0,0,1,1,1,1,1
23012,6012,0.08,0.08,0.12,0.2,0.08,0.44,0,0,1,1,1,1,1
23013,6013,0.08,0.08,0.12,0.2,0.12,0.4,0,0,1,1,1,1,1
23014,6014,0.08,0.08,0.12,0.2,0.16,0.36,0,0,1,1,1,1,1
23015,6015,0.08,0.08,0.12,0.2,0.2,0.32,0,0,1,1,1,1,1
23016,6016,0.08,0.08,0.12,0.2,0.24,0.28,0,0,1,1,1,1,1
23023,6023,0.08,0.08,0.12,0.24,0.04,0.44,0,0,1,1,1,1,1
23024,6024,0.08,0.08,0.12,0.24,0.08,0.4,0,0,1,1,1,1,1
23025,6025,0.08,0.08,0.12,0.24,0.12,0.36,0,0,1,1,1,1,1
23026,6026,0.08,0.08,0.12,0.24,0.16,0.32,0,0,1,1,1,1,1
23027,6027,0.08,0.08,0.12,0.24,0.2,0.28,0,0,1,0.994503033,0.994503033,1,1
23089,6089,0.08,0.08,0.16,0.04,0.04,0.6,0,0,1,1,1,1,1
23090,6090,0.08,0.08,0.16,0.04,0.08,0.56,0,0,1,1,1,1,1
23091,6091,0.08,0.08,0.16,0.04,0.12,0.52,0,0,1,1,1,1,1
23095,6095,0.08,0.08,0.16,0.04,0.28,0.36,0,0,1,0.999404796,0.999404796,1,1
23096,6096,0.08,0.08,0.16,0.04,0.32,0.32,0,0,1,1,1,1,1
23097,6097,0.08,0.08,0.16,0.04,0.36,0.28,0,0,1,1,1,1,1
23098,6098,0.08,0.08,0.16,0.04,0.4,0.24,0,0,1,1,1,1,1
23099,6099,0.08,0.08,0.16,0.04,0.44,0.2,0,0,1,1,1,1,1
23100,6100,0.08,0.08,0.16,0.04,0.48,0.16,0,0,1,1,1,1,1
23104,6104,0.08,0.08,0.16,0.08,0.04,0.56,0,0,1,1,1,1,1
23112,6112,0.08,0.08,0.16,0.08,0.36,0.24,0,0,1,1,1,1,1
23113,6113,0.08,0.08,0.16,0.08,0.4,0.2,0,0,1,1,1,1,1
23114,6114,0.08,0.08,0.16,0.08,0.44,0.16,0,0,1,1,1,1,1
23115,6115,0.08,0.08,0.16,0.08,0.48,0.12,0,0,1,1,1,1,1
23116,6116,0.08,0.08,0.16,0.08,0.52,0.08,0,0,1,1,1,1,1
23118,6118,0.08,0.08,0.16,0.12,0.04,0.52,0,0,1,1,1,1,1
23125,6125,0.08,0.08,0.16,0.12,0.32,0.24,0,0,1,1,1,1,1
23126,6126,0.08,0.08,0.16,0.12,0.36,0.2,0,0,1,1,1,1,1
23127,6127,0.08,0.08,0.16,0.12,0.4,0.16,0,0,1,1,1,1,1
23128,6128,0.08,0.08,0.16,0.12,0.44,0.12,0,0,1,1,1,1,1
23129,6129,0.08,0.08,0.16,0.12,0.48,0.08,0,0,1,1,1,1,1
23131,6131,0.08,0.08,0.16,0.16,0.04,0.48,0,0,1,1,1,1,1
23132,6132,0.08,0.08,0.16,0.16,0.08,0.44,0,0,1,1,1,1,1
23133,6133,0.08,0.08,0.16,0.16,0.12,0.4,0,0,1,0.996190434,0.996190434,1,1
23135,6135,0.08,0.08,0.16,0.16,0.2,0.32,0,0,1,1,1,1,1
23136,6136,0.08,0.08,0.16,0.16,0.24,0.28,0,0,1,1,1,1,1
23137,6137,0.08,0.08,0.16,0.16,0.28,0.24,0,0,1,1,1,1,1
23138,6138,0.08,0.08,0.16,0.16,0.32,0.2,0,0,1,1,1,1,1
23139,6139,0.08,0.08,0.16,0.16,0.36,0.16,0,0,1,1,1,1,1
23209,6209,0.08,0.12,0.04,0.04,0.04,0.68,0,0,1,1,1,1,1
23210,6210,0.08,0.12,0.04,0.04,0.08,0.64,0,0,1,1,1,1,1
23211,6211,0.08,0.12,0.04,0.04,0.12,0.6,0,0,1,1,1,1,1
23212,6212,0.08,0.12,0.04,0.04,0.16,0.56,0,0,1,1,1,1,1
23213,6213,0.08,0.12,0.04,0.04,0.2,0.52,0,0,1,1,1,1,1
23214,6214,0.08,0.12,0.04,0.04,0.24,0.48,0,0,1,1,1,1,1
23215,6215,0.08,0.12,0.04,0.04,0.28,0.44,0,0,1,1,1,1,1
23216,6216,0.08,0.12,0.04,0.04,0.32,0.4,0,0,1,1,1,1,1
23217,6217,0.08,0.12,0.04,0.04,0.36,0.36,0,0,1,1,1,1,1
23218,6218,0.08,0.12,0.04,0.04,0.4,0.32,0,0,1,1,1,1,1
23219,6219,0.08,0.12,0.04,0.04,0.44,0.28,0,0,1,1,1,1,1
23226,6226,0.08,0.12,0.04,0.08,0.04,0.64,0,0,1,1,1,1,1
23227,6227,0.08,0.12,0.04,0.08,0.08,0.6,0,0,1,1,1,1,1
23228,6228,0.08,0.12,0.04,0.08,0.12,0.56,0,0,1,1,1,1,1
23229,6229,0.08,0.12,0.04,0.08,0.16,0.52,0,0,1,1,1,1,1
23230,6230,0.08,0.12,0.04,0.08,0.2,0.48,0,0,1,1,1,1,1
23231,6231,0.08,0.12,0.04,0.08,0.24,0.44,0,0,1,1,1,1,1
23232,6232,0.08,0.12,0.04,0.08,0.28,0.4,0,0,1,1,1,1,1
23233,6233,0.08,0.12,0.04,0.08,0.32,0.36,0,0,1,1,1,1,1
23234,6234,0.08,0.12,0.04,0.08,0.36,0.32,0,0,1,1,1,1,1
23235,6235,0.08,0.12,0.04,0.08,0.4,0.28,0,0,1,1,1,1,1
23236,6236,0.08,0.12,0.04,0.08,0.44,0.24,0,0,1,1,1,1,1
23242,6242,0.08,0.12,0.04,0.12,0.04,0.6,0,0,1,1,1,1,1
23243,6243,0.08,0.12,0.04,0.12,0.08,0.56,0,0,1,1,1,1,1
23244,6244,0.08,0.12,0.04,0.12,0.12,0.52,0,0,1,1,1,1,1
23245,6245,0.08,0.12,0.04,0.12,0.16,0.48,0,0,1,1,1,1,1
23246,6246,0.08,0.12,0.04,0.12,0.2,0.44,0,0,1,1,1,1,1
23247,6247,0.08,0.12,0.04,0.12,0.24,0.4,0,0,1,1,1,1,1
23248,6248,0.08,0.12,0.04,0.12,0.28,0.36,0,0,1,1,1,1,1
23249,6249,0.08,0.12,0.04,0.12,0.32,0.32,0,0,1,1,1,1,1
23250,6250,0.08,0.12,0.04,0.12,0.36,0.28,0,0,1,1,1,1,1
23251,6251,0.08,0.12,0.04,0.12,0.4,0.24,0,0,1,0.994667274,0.994667274,1,1
23257,6257,0.08,0.12,0.04,0.16,0.04,0.56,0,0,1,1,1,1,1
23258,6258,0.08,0.12,0.04,0.16,0.08,0.52,0,0,1,1,1,1,1
23259,6259,0.08,0.12,0.04,0.16,0.12,0.48,0,0,1,1,1,1,1
23260,6260,0.08,0.12,0.04,0.16,0.16,0.44,0,0,1,1,1,1,1
23261,6261,0.08,0.12,0.04,0.16,0.2,0.4,0,0,1,1,1,1,1
23262,6262,0.08,0.12,0.04,0.16,0.24,0.36,0,0,1,1,1,1,1
23263,6263,0.08,0.12,0.04,0.16,0.28,0.32,0,0,1,1,1,1,1
23271,6271,0.08,0.12,0.04,0.2,0.04,0.52,0,0,1,1,1,1,1
23272,6272,0.08,0.12,0.04,0.2,0.08,0.48,0,0,1,1,1,1,1
23273,6273,0.08,0.12,0.04,0.2,0.12,0.44,0,0,1,1,1,1,1
23274,6274,0.08,0.12,0.04,0.2,0.16,0.4,0,0,1,1,1,1,1
23275,6275,0.08,0.12,0.04,0.2,0.2,0.36,0,0,1,1,1,1,1
23284,6284,0.08,0.12,0.04,0.24,0.04,0.48,0,0,1,1,1,1,1
23285,6285,0.08,0.12,0.04,0.24,0.08,0.44,0,0,1,1,1,1,1
23286,6286,0.08,0.12,0.04,0.24,0.12,0.4,0,0,1,1,1,1,1
23287,6287,0.08,0.12,0.04,0.24,0.16,0.36,0,0,1,1,1,1,1
23296,6296,0.08,0.12,0.04,0.28,0.04,0.44,0,0,1,1,1,1,1
23297,6297,0.08,0.12,0.04,0.28,0.08,0.4,0,0,1,1,1,1,1
23298,6298,0.08,0.12,0.04,0.28,0.12,0.36,0,0,1,1,1,1,1
23362,6362,0.08,0.12,0.08,0.04,0.04,0.64,0,0,1,1,1,1,1
23363,6363,0.08,0.12,0.08,0.04,0.08,0.6,0,0,1,1,1,1,1
23364,6364,0.08,0.12,0.08,0.04,0.12,0.56,0,0,1,1,1,1,1
23365,6365,0.08,0.12,0.08,0.04,0.16,0.52,0,0,1,1,1,1,1
23366,6366,0.08,0.12,0.08,0.04,0.2,0.48,0,0,1,1,1,1,1
23367,6367,0.08,0.12,0.08,0.04,0.24,0.44,0,0,1,1,1,1,1
23368,6368,0.08,0.12,0.08,0.04,0.28,0.4,0,0,1,1,1,1,1
23369,6369,0.08,0.12,0.08,0.04,0.32,0.36,0,0,1,1,1,1,1
23370,6370,0.08,0.12,0.08,0.04,0.36,0.32,0,0,1,1,1,1,1
23371,6371,0.08,0.12,0.08,0.04,0.4,0.28,0,0,1,1,1,1,1
23372,6372,0.08,0.12,0.08,0.04,0.44,0.24,0,0,1,1,1,1,1
23378,6378,0.08,0.12,0.08,0.08,0.04,0.6,0,0,1,1,1,1,1
23379,6379,0.08,0.12,0.08,0.08,0.08,0.56,0,0,1,1,1,1,1
23380,6380,0.08,0.12,0.08,0.08,0.12,0.52,0,0,1,1,1,1,1
23381,6381,0.08,0.12,0.08,0.08,0.16,0.48,0,0,1,1,1,1,1
23382,6382,0.08,0.12,0.08,0.08,0.2,0.44,0,0,1,1,1,1,1
23383,6383,0.08,0.12,0.08,0.08,0.24,0.4,0,0,1,1,1,1,1
23384,6384,0.08,0.12,0.08,0.08,0.28,0.36,0,0,1,1,1,1,1
23385,6385,0.08,0.12,0.08,0.08,0.32,0.32,0,0,1,1,1,1,1
23386,6386,0.08,0.12,0.08,0.08,0.36,0.28,0,0,1,1,1,1,1
23387,6387,0.08,0.12,0.08,0.08,0.4,0.24,0,0,1,1,1,1,1
23388,6388,0.08,0.12,0.08,0.08,0.44,0.2,0,0,1,1,1,1,1
23389,6389,0.08,0.12,0.08,0.08,0.48,0.16,0,0,1,0.997489577,0.997489577,1,1
23393,6393,0.08,0.12,0.08,0.12,0.04,0.56,0,0,1,1,1,1,1
23394,6394,0.08,0.12,0.08,0.12,0.08,0.52,0,0,1,1,1,1,1
23395,6395,0.08,0.12,0.08,0.12,0.12,0.48,0,0,1,1,1,1,1
23396,6396,0.08,0.12,0.08,0.12,0.16,0.44,0,0,1,1,1,1,1
23397,6397,0.08,0.12,0.08,0.12,0.2,0.4,0,0,1,1,1,1,1
23398,6398,0.08,0.12,0.08,0.12,0.24,0.36,0,0,1,1,1,1,1
23399,6399,0.08,0.12,0.08,0.12,0.28,0.32,0,0,1,1,1,1,1
23400,6400,0.08,0.12,0.08,0.12,0.32,0.28,0,0,1,1,1,1,1
23401,6401,0.08,0.12,0.08,0.12,0.36,0.24,0,0,1,1,1,1,1
23402,6402,0.08,0.12,0.08,0.12,0.4,0.2,0,0,1,1,1,1,1
23407,6407,0.08,0.12,0.08,0.16,0.04,0.52,0,0,1,1,1,1,1
23408,6408,0.08,0.12,0.08,0.16,0.08,0.48,0,0,1,1,1,1,1
23409,6409,0.08,0.12,0.08,0.16,0.12,0.44,0,0,1,1,1,1,1
23410,6410,0.08,0.12,0.08,0.16,0.16,0.4,0,0,1,1,1,1,1
23411,6411,0.08,0.12,0.08,0.16,0.2,0.36,0,0,1,1,1,1,1
23412,6412,0.08,0.12,0.08,0.16,0.24,0.32,0,0,1,1,1,1,1
23413,6413,0.08,0.12,0.08,0.16,0.28,0.28,0,0,1,1,1,1,1
23414,6414,0.08,0.12,0.08,0.16,0.32,0.24,0,0,1,0.99151471,0.99151471,1,1
23420,6420,0.08,0.12,0.08,0.2,0.04,0.48,0,0,1,1,1,1,1
23421,6421,0.08,0.12,0.08,0.2,0.08,0.44,0,0,1,1,1,1,1
23422,6422,0.08,0.12,0.08,0.2,0.12,0.4,0,0,1,0.995453294,0.995453294,1,1
23423,6423,0.08,0.12,0.08,0.2,0.16,0.36,0,0,1,0.991700464,0.991700464,1,1
23498,6498,0.08,0.12,0.12,0.04,0.04,0.6,0,0,1,1,1,1,1
23499,6499,0.08,0.12,0.12,0.04,0.08,0.56,0,0,1,1,1,1,1
23500,6500,0.08,0.12,0.12,0.04,0.12,0.52,0,0,1,1,1,1,1
23501,6501,0.08,0.12,0.12,0.04,0.16,0.48,0,0,1,1,1,1,1
23502,6502,0.08,0.12,0.12,0.04,0.2,0.44,0,0,1,1,1,1,1
23503,6503,0.08,0.12,0.12,0.04,0.24,0.4,0,0,1,1,1,1,1
23504,6504,0.08,0.12,0.12,0.04,0.28,0.36,0,0,1,1,1,1,1
23505,6505,0.08,0.12,0.12,0.04,0.32,0.32,0,0,1,1,1,1,1
23506,6506,0.08,0.12,0.12,0.04,0.36,0.28,0,0,1,1,1,1,1
23507,6507,0.08,0.12,0.12,0.04,0.4,0.24,0,0,1,1,1,1,1
23508,6508,0.08,0.12,0.12,0.04,0.44,0.2,0,0,1,1,1,1,1
23509,6509,0.08,0.12,0.12,0.04,0.48,0.16,0,0,1,0.999791299,0.999791299,1,1
23513,6513,0.08,0.12,0.12,0.08,0.04,0.56,0,0,1,1,1,1,1
23514,6514,0.08,0.12,0.12,0.08,0.08,0.52,0,0,1,1,1,1,1
23515,6515,0.08,0.12,0.12,0.08,0.12,0.48,0,0,1,1,1,1,1
23516,6516,0.08,0.12,0.12,0.08,0.16,0.44,0,0,1,1,1,1,1
23517,6517,0.08,0.12,0.12,0.08,0.2,0.4,0,0,1,1,1,1,1
23518,6518,0.08,0.12,0.12,0.08,0.24,0.36,0,0,1,1,1,1,1
23519,6519,0.08,0.12,0.12,0.08,0.28,0.32,0,0,1,1,1,1,1
23520,6520,0.08,0.12,0.12,0.08,0.32,0.28,0,0,1,1,1,1,1
23521,6521,0.08,0.12,0.12,0.08,0.36,0.24,0,0,1,0.996885489,0.996885489,1,1
23527,6527,0.08,0.12,0.12,0.12,0.04,0.52,0,0,1,1,1,1,1
23528,6528,0.08,0.12,0.12,0.12,0.08,0.48,0,0,1,1,1,1,1
23529,6529,0.08,0.12,0.12,0.12,0.12,0.44,0,0,1,0.993021241,0.993021241,1,1
23618,6618,0.08,0.12,0.16,0.04,0.04,0.56,0,0,1,1,1,1,1
23619,6619,0.08,0.12,0.16,0.04,0.08,0.52,0,0,1,1,1,1,1
23620,6620,0.08,0.12,0.16,0.04,0.12,0.48,0,0,1,0.990619655,0.990619655,1,1
23632,6632,0.08,0.12,0.16,0.08,0.04,0.52,0,0,1,0.990225019,0.990225019,1,1
23723,6723,0.08,0.16,0.04,0.04,0.04,0.64,0,0,1,1,1,1,1
23724,6724,0.08,0.16,0.04,0.04,0.08,0.6,0,0,1,1,1,1,1
23725,6725,0.08,0.16,0.04,0.04,0.12,0.56,0,0,1,1,1,1,1
23726,6726,0.08,0.16,0.04,0.04,0.16,0.52,0,0,1,1,1,1,1
23727,6727,0.08,0.16,0.04,0.04,0.2,0.48,0,0,1,1,1,1,1
23728,6728,0.08,0.16,0.04,0.04,0.24,0.44,0,0,1,1,1,1,1
23729,6729,0.08,0.16,0.04,0.04,0.28,0.4,0,0,1,1,1,1,1
23730,6730,0.08,0.16,0.04,0.04,0.32,0.36,0,0,1,1,1,1,1
23731,6731,0.08,0.16,0.04,0.04,0.36,0.32,0,0,1,1,1,1,1
23732,6732,0.08,0.16,0.04,0.04,0.4,0.28,0,0,1,0.993423047,0.993423047,1,1
23739,6739,0.08,0.16,0.04,0.08,0.04,0.6,0,0,1,1,1,1,1
23740,6740,0.08,0.16,0.04,0.08,0.08,0.56,0,0,1,1,1,1,1
23741,6741,0.08,0.16,0.04,0.08,0.12,0.52,0,0,1,1,1,1,1
23742,6742,0.08,0.16,0.04,0.08,0.16,0.48,0,0,1,1,1,1,1
23743,6743,0.08,0.16,0.04,0.08,0.2,0.44,0,0,1,1,1,1,1
23744,6744,0.08,0.16,0.04,0.08,0.24,0.4,0,0,1,1,1,1,1
23745,6745,0.08,0.16,0.04,0.08,0.28,0.36,0,0,1,1,1,1,1
23746,6746,0.08,0.16,0.04,0.08,0.32,0.32,0,0,1,0.992299186,0.992299186,1,1
23754,6754,0.08,0.16,0.04,0.12,0.04,0.56,0,0,1,1,1,1,1
23755,6755,0.08,0.16,0.04,0.12,0.08,0.52,0,0,1,1,1,1,1
23756,6756,0.08,0.16,0.04,0.12,0.12,0.48,0,0,1,1,1,1,1
23757,6757,0.08,0.16,0.04,0.12,0.16,0.44,0,0,1,1,1,1,1
23758,6758,0.08,0.16,0.04,0.12,0.2,0.4,0,0,1,1,1,1,1
23759,6759,0.08,0.16,0.04,0.12,0.24,0.36,0,0,1,0.990943378,0.990943378,1,1
23768,6768,0.08,0.16,0.04,0.16,0.04,0.52,0,0,1,0.997173812,0.997173812,1,1
23769,6769,0.08,0.16,0.04,0.16,0.08,0.48,0,0,1,1,1,1,1
23770,6770,0.08,0.16,0.04,0.16,0.12,0.44,0,0,1,1,1,1,1
23859,6859,0.08,0.16,0.08,0.04,0.04,0.6,0,0,1,1,1,1,1
23860,6860,0.08,0.16,0.08,0.04,0.08,0.56,0,0,1,1,1,1,1
23861,6861,0.08,0.16,0.08,0.04,0.12,0.52,0,0,1,1,1,1,1
23862,6862,0.08,0.16,0.08,0.04,0.16,0.48,0,0,1,1,1,1,1
23863,6863,0.08,0.16,0.08,0.04,0.2,0.44,0,0,1,1,1,1,1
23864,6864,0.08,0.16,0.08,0.04,0.24,0.4,0,0,1,1,1,1,1
23874,6874,0.08,0.16,0.08,0.08,0.04,0.56,0,0,1,0.994784811,0.994784811,1,1
23875,6875,0.08,0.16,0.08,0.08,0.08,0.52,0,0,1,1,1,1,1
23876,6876,0.08,0.16,0.08,0.08,0.12,0.48,0,0,1,1,1,1,1
23877,6877,0.08,0.16,0.08,0.08,0.16,0.44,0,0,1,0.991294608,0.991294608,1,1
24175,7175,0.08,0.2,0.04,0.04,0.04,0.6,0,0,1,0.992527458,0.992527458,1,1
24176,7176,0.08,0.2,0.04,0.04,0.08,0.56,0,0,1,1,1,1,1
24177,7177,0.08,0.2,0.04,0.04,0.12,0.52,0,0,1,1,1,1,1
26234,9234,0.12,0.04,0.04,0.04,0.04,0.72,0,0,1,1,1,1,1
26235,9235,0.12,0.04,0.04,0.04,0.08,0.68,0,0,1,1,1,1,1
26236,9236,0.12,0.04,0.04,0.04,0.12,0.64,0,0,1,1,1,1,1
26237,9237,0.12,0.04,0.04,0.04,0.16,0.6,0,0,1,1,1,1,1
26238,9238,0.12,0.04,0.04,0.04,0.2,0.56,0,0,1,1,1,1,1
26239,9239,0.12,0.04,0.04,0.04,0.24,0.52,0,0,1,1,1,1,1
26252,9252,0.12,0.04,0.04,0.08,0.04,0.68,0,0,1,1,1,1,1
26253,9253,0.12,0.04,0.04,0.08,0.08,0.64,0,0,1,1,1,1,1
26254,9254,0.12,0.04,0.04,0.08,0.12,0.6,0,0,1,1,1,1,1
26255,9255,0.12,0.04,0.04,0.08,0.16,0.56,0,0,1,1,1,1,1
26256,9256,0.12,0.04,0.04,0.08,0.2,0.52,0,0,1,1,1,1,1
26257,9257,0.12,0.04,0.04,0.08,0.24,0.48,0,0,1,1,1,1,1
26269,9269,0.12,0.04,0.04,0.12,0.04,0.64,0,0,1,1,1,1,1
26270,9270,0.12,0.04,0.04,0.12,0.08,0.6,0,0,1,1,1,1,1
26271,9271,0.12,0.04,0.04,0.12,0.12,0.56,0,0,1,1,1,1,1
26272,9272,0.12,0.04,0.04,0.12,0.16,0.52,0,0,1,1,1,1,1
26273,9273,0.12,0.04,0.04,0.12,0.2,0.48,0,0,1,1,1,1,1
26274,9274,0.12,0.04,0.04,0.12,0.24,0.44,0,0,1,1,1,1,1
26275,9275,0.12,0.04,0.04,0.12,0.28,0.4,0,0,1,1,1,1,1
26285,9285,0.12,0.04,0.04,0.16,0.04,0.6,0,0,1,1,1,1,1
26286,9286,0.12,0.04,0.04,0.16,0.08,0.56,0,0,1,1,1,1,1
26287,9287,0.12,0.04,0.04,0.16,0.12,0.52,0,0,1,1,1,1,1
26288,9288,0.12,0.04,0.04,0.16,0.16,0.48,0,0,1,1,1,1,1
26289,9289,0.12,0.04,0.04,0.16,0.2,0.44,0,0,1,1,1,1,1
26290,9290,0.12,0.04,0.04,0.16,0.24,0.4,0,0,1,1,1,1,1
26291,9291,0.12,0.04,0.04,0.16,0.28,0.36,0,0,1,1,1,1,1
26300,9300,0.12,0.04,0.04,0.2,0.04,0.56,0,0,1,1,1,1,1
26301,9301,0.12,0.04,0.04,0.2,0.08,0.52,0,0,1,1,1,1,1
26302,9302,0.12,0.04,0.04,0.2,0.12,0.48,0,0,1,1,1,1,1
26303,9303,0.12,0.04,0.04,0.2,0.16,0.44,0,0,1,1,1,1,1
26304,9304,0.12,0.04,0.04,0.2,0.2,0.4,0,0,1,1,1,1,1
26314,9314,0.12,0.04,0.04,0.24,0.04,0.52,0,0,1,0.998200197,0.998200197,1,1
26315,9315,0.12,0.04,0.04,0.24,0.08,0.48,0,0,1,1,1,1,1
26316,9316,0.12,0.04,0.04,0.24,0.12,0.44,0,0,1,1,1,1,1
26317,9317,0.12,0.04,0.04,0.24,0.16,0.4,0,0,1,0.996875976,0.996875976,1,1
26405,9405,0.12,0.04,0.08,0.04,0.04,0.68,0,0,1,1,1,1,1
26406,9406,0.12,0.04,0.08,0.04,0.08,0.64,0,0,1,1,1,1,1
26407,9407,0.12,0.04,0.08,0.04,0.12,0.6,0,0,1,1,1,1,1
26408,9408,0.12,0.04,0.08,0.04,0.16,0.56,0,0,1,1,1,1,1
26409,9409,0.12,0.04,0.08,0.04,0.2,0.52,0,0,1,1,1,1,1
26410,9410,0.12,0.04,0.08,0.04,0.24,0.48,0,0,1,1,1,1,1
26422,9422,0.12,0.04,0.08,0.08,0.04,0.64,0,0,1,1,1,1,1
26423,9423,0.12,0.04,0.08,0.08,0.08,0.6,0,0,1,1,1,1,1
26424,9424,0.12,0.04,0.08,0.08,0.12,0.56,0,0,1,1,1,1,1
26425,9425,0.12,0.04,0.08,0.08,0.16,0.52,0,0,1,1,1,1,1
26426,9426,0.12,0.04,0.08,0.08,0.2,0.48,0,0,1,1,1,1,1
26427,9427,0.12,0.04,0.08,0.08,0.24,0.44,0,0,1,1,1,1,1
26428,9428,0.12,0.04,0.08,0.08,0.28,0.4,0,0,1,1,1,1,1
26438,9438,0.12,0.04,0.08,0.12,0.04,0.6,0,0,1,1,1,1,1
26439,9439,0.12,0.04,0.08,0.12,0.08,0.56,0,0,1,1,1,1,1
26440,9440,0.12,0.04,0.08,0.12,0.12,0.52,0,0,1,1,1,1,1
26441,9441,0.12,0.04,0.08,0.12,0.16,0.48,0,0,1,1,1,1,1
26442,9442,0.12,0.04,0.08,0.12,0.2,0.44,0,0,1,1,1,1,1
26443,9443,0.12,0.04,0.08,0.12,0.24,0.4,0,0,1,1,1,1,1
26444,9444,0.12,0.04,0.08,0.12,0.28,0.36,0,0,1,1,1,1,1
26453,9453,0.12,0.04,0.08,0.16,0.04,0.56,0,0,1,1,1,1,1
26454,9454,0.12,0.04,0.08,0.16,0.08,0.52,0,0,1,1,1,1,1
26455,9455,0.12,0.04,0.08,0.16,0.12,0.48,0,0,1,1,1,1,1
26456,9456,0.12,0.04,0.08,0.16,0.16,0.44,0,0,1,1,1,1,1
26457,9457,0.12,0.04,0.08,0.16,0.2,0.4,0,0,1,1,1,1,1
26458,9458,0.12,0.04,0.08,0.16,0.24,0.36,0,0,1,1,1,1,1
26459,9459,0.12,0.04,0.08,0.16,0.28,0.32,0,0,1,1,1,1,1
26460,9460,0.12,0.04,0.08,0.16,0.32,0.28,0,0,1,1,1,1,1
26467,9467,0.12,0.04,0.08,0.2,0.04,0.52,0,0,1,1,1,1,1
26468,9468,0.12,0.04,0.08,0.2,0.08,0.48,0,0,1,1,1,1,1
26469,9469,0.12,0.04,0.08,0.2,0.12,0.44,0,0,1,1,1,1,1
26470,9470,0.12,0.04,0.08,0.2,0.16,0.4,0,0,1,1,1,1,1
26471,9471,0.12,0.04,0.08,0.2,0.2,0.36,0,0,1,1,1,1,1
26482,9482,0.12,0.04,0.08,0.24,0.12,0.4,0,0,1,0.998993457,0.998993457,1,1
26483,9483,0.12,0.04,0.08,0.24,0.16,0.36,0,0,1,1,1,1,1
26558,9558,0.12,0.04,0.12,0.04,0.04,0.64,0,0,1,1,1,1,1
26559,9559,0.12,0.04,0.12,0.04,0.08,0.6,0,0,1,1,1,1,1
26560,9560,0.12,0.04,0.12,0.04,0.12,0.56,0,0,1,1,1,1,1
26561,9561,0.12,0.04,0.12,0.04,0.16,0.52,0,0,1,1,1,1,1
26562,9562,0.12,0.04,0.12,0.04,0.2,0.48,0,0,1,1,1,1,1
26563,9563,0.12,0.04,0.12,0.04,0.24,0.44,0,0,1,1,1,1,1
26564,9564,0.12,0.04,0.12,0.04,0.28,0.4,0,0,1,1,1,1,1
26574,9574,0.12,0.04,0.12,0.08,0.04,0.6,0,0,1,1,1,1,1
26575,9575,0.12,0.04,0.12,0.08,0.08,0.56,0,0,1,1,1,1,1
26576,9576,0.12,0.04,0.12,0.08,0.12,0.52,0,0,1,1,1,1,1
26577,9577,0.12,0.04,0.12,0.08,0.16,0.48,0,0,1,1,1,1,1
26578,9578,0.12,0.04,0.12,0.08,0.2,0.44,0,0,1,1,1,1,1
26579,9579,0.12,0.04,0.12,0.08,0.24,0.4,0,0,1,1,1,1,1
26580,9580,0.12,0.04,0.12,0.08,0.28,0.36,0,0,1,1,1,1,1
26581,9581,0.12,0.04,0.12,0.08,0.32,0.32,0,0,1,0.994515258,0.994515258,1,1
26589,9589,0.12,0.04,0.12,0.12,0.04,0.56,0,0,1,1,1,1,1
26590,9590,0.12,0.04,0.12,0.12,0.08,0.52,0,0,1,1,1,1,1
26591,9591,0.12,0.04,0.12,0.12,0.12,0.48,0,0,1,1,1,1,1
26592,9592,0.12,0.04,0.12,0.12,0.16,0.44,0,0,1,1,1,1,1
26593,9593,0.12,0.04,0.12,0.12,0.2,0.4,0,0,1,1,1,1,1
26594,9594,0.12,0.04,0.12,0.12,0.24,0.36,0,0,1,1,1,1,1
26595,9595,0.12,0.04,0.12,0.12,0.28,0.32,0,0,1,1,1,1,1
26596,9596,0.12,0.04,0.12,0.12,0.32,0.28,0,0,1,1,1,1,1
26597,9597,0.12,0.04,0.12,0.12,0.36,0.24,0,0,1,0.995349294,0.995349294,1,1
26603,9603,0.12,0.04,0.12,0.16,0.04,0.52,0,0,1,1,1,1,1
26604,9604,0.12,0.04,0.12,0.16,0.08,0.48,0,0,1,1,1,1,1
26605,9605,0.12,0.04,0.12,0.16,0.12,0.44,0,0,1,1,1,1,1
26606,9606,0.12,0.04,0.12,0.16,0.16,0.4,0,0,1,1,1,1,1
26607,9607,0.12,0.04,0.12,0.16,0.2,0.36,0,0,1,1,1,1,1
26608,9608,0.12,0.04,0.12,0.16,0.24,0.32,0,0,1,1,1,1,1
26609,9609,0.12,0.04,0.12,0.16,0.28,0.28,0,0,1,1,1,1,1
26610,9610,0.12,0.04,0.12,0.16,0.32,0.24,0,0,1,1,1,1,1
26611,9611,0.12,0.04,0.12,0.16,0.36,0.2,0,0,1,0.998486881,0.998486881,1,1
26616,9616,0.12,0.04,0.12,0.2,0.04,0.48,0,0,1,1,1,1,1
26617,9617,0.12,0.04,0.12,0.2,0.08,0.44,0,0,1,1,1,1,1
26618,9618,0.12,0.04,0.12,0.2,0.12,0.4,0,0,1,1,1,1,1
26619,9619,0.12,0.04,0.12,0.2,0.16,0.36,0,0,1,1,1,1,1
26620,9620,0.12,0.04,0.12,0.2,0.2,0.32,0,0,1,1,1,1,1
26621,9621,0.12,0.04,0.12,0.2,0.24,0.28,0,0,1,1,1,1,1
26631,9631,0.12,0.04,0.12,0.24,0.16,0.32,0,0,1,0.997016268,0.997016268,1,1
26694,9694,0.12,0.04,0.16,0.04,0.04,0.6,0,0,1,1,1,1,1
26695,9695,0.12,0.04,0.16,0.04,0.08,0.56,0,0,1,1,1,1,1
26696,9696,0.12,0.04,0.16,0.04,0.12,0.52,0,0,1,1,1,1,1
26697,9697,0.12,0.04,0.16,0.04,0.16,0.48,0,0,1,1,1,1,1
26698,9698,0.12,0.04,0.16,0.04,0.2,0.44,0,0,1,1,1,1,1
26699,9699,0.12,0.04,0.16,0.04,0.24,0.4,0,0,1,1,1,1,1
26700,9700,0.12,0.04,0.16,0.04,0.28,0.36,0,0,1,1,1,1,1
26701,9701,0.12,0.04,0.16,0.04,0.32,0.32,0,0,1,1,1,1,1
26709,9709,0.12,0.04,0.16,0.08,0.04,0.56,0,0,1,1,1,1,1
26710,9710,0.12,0.04,0.16,0.08,0.08,0.52,0,0,1,1,1,1,1
26711,9711,0.12,0.04,0.16,0.08,0.12,0.48,0,0,1,1,1,1,1
26712,9712,0.12,0.04,0.16,0.08,0.16,0.44,0,0,1,1,1,1,1
26713,9713,0.12,0.04,0.16,0.08,0.2,0.4,0,0,1,1,1,1,1
26714,9714,0.12,0.04,0.16,0.08,0.24,0.36,0,0,1,1,1,1,1
26715,9715,0.12,0.04,0.16,0.08,0.28,0.32,0,0,1,1,1,1,1
26716,9716,0.12,0.04,0.16,0.08,0.32,0.28,0,0,1,1,1,1,1
26717,9717,0.12,0.04,0.16,0.08,0.36,0.24,0,0,1,1,1,1,1
26723,9723,0.12,0.04,0.16,0.12,0.04,0.52,0,0,1,1,1,1,1
26724,9724,0.12,0.04,0.16,0.12,0.08,0.48,0,0,1,1,1,1,1
26725,9725,0.12,0.04,0.16,0.12,0.12,0.44,0,0,1,1,1,1,1
26726,9726,0.12,0.04,0.16,0.12,0.16,0.4,0,0,1,1,1,1,1
26727,9727,0.12,0.04,0.16,0.12,0.2,0.36,0,0,1,1,1,1,1
26728,9728,0.12,0.04,0.16,0.12,0.24,0.32,0,0,1,1,1,1,1
26729,9729,0.12,0.04,0.16,0.12,0.28,0.28,0,0,1,1,1,1,1
26730,9730,0.12,0.04,0.16,0.12,0.32,0.24,0,0,1,1,1,1,1
26731,9731,0.12,0.04,0.16,0.12,0.36,0.2,0,0,1,1,1,1,1
26732,9732,0.12,0.04,0.16,0.12,0.4,0.16,0,0,1,1,1,1,1
26733,9733,0.12,0.04,0.16,0.12,0.44,0.12,0,0,1,0.990329476,0.990329476,1,1
26736,9736,0.12,0.04,0.16,0.16,0.04,0.48,0,0,1,1,1,1,1
26737,9737,0.12,0.04,0.16,0.16,0.08,0.44,0,0,1,1,1,1,1
26738,9738,0.12,0.04,0.16,0.16,0.12,0.4,0,0,1,1,1,1,1
26739,9739,0.12,0.04,0.16,0.16,0.16,0.36,0,0,1,1,1,1,1
26740,9740,0.12,0.04,0.16,0.16,0.2,0.32,0,0,1,1,1,1,1
26741,9741,0.12,0.04,0.16,0.16,0.24,0.28,0,0,1,1,1,1,1
26742,9742,0.12,0.04,0.16,0.16,0.28,0.24,0,0,1,1,1,1,1
26743,9743,0.12,0.04,0.16,0.16,0.32,0.2,0,0,1,1,1,1,1
26744,9744,0.12,0.04,0.16,0.16,0.36,0.16,0,0,1,1,1,1,1
26745,9745,0.12,0.04,0.16,0.16,0.4,0.12,0,0,1,1,1,1,1
26748,9748,0.12,0.04,0.16,0.2,0.04,0.44,0,0,1,0.994532769,0.994532769,1,1
26749,9749,0.12,0.04,0.16,0.2,0.08,0.4,0,0,1,1,1,1,1
26750,9750,0.12,0.04,0.16,0.2,0.12,0.36,0,0,1,1,1,1,1
26751,9751,0.12,0.04,0.16,0.2,0.16,0.32,0,0,1,1,1,1,1
26752,9752,0.12,0.04,0.16,0.2,0.2,0.28,0,0,1,1,1,1,1
26753,9753,0.12,0.04,0.16,0.2,0.24,0.24,0,0,1,1,1,1,1
26754,9754,0.12,0.04,0.16,0.2,0.28,0.2,0,0,1,1,1,1,1
26763,9763,0.12,0.04,0.16,0.24,0.2,0.24,0,0,1,1,1,1,1
26771,9771,0.12,0.04,0.16,0.28,0.12,0.28,0,0,1,1,1,1,1
26772,9772,0.12,0.04,0.16,0.28,0.16,0.24,0,0,1,1,1,1,1
26778,9778,0.12,0.04,0.16,0.32,0.04,0.32,0,0,1,1,1,1,1
26779,9779,0.12,0.04,0.16,0.32,0.08,0.28,0,0,1,1,1,1,1
26780,9780,0.12,0.04,0.16,0.32,0.12,0.24,0,0,1,0.998777736,0.998777736,1,1
26814,9814,0.12,0.08,0.04,0.04,0.04,0.68,0,0,1,1,1,1,1
26815,9815,0.12,0.08,0.04,0.04,0.08,0.64,0,0,1,1,1,1,1
26816,9816,0.12,0.08,0.04,0.04,0.12,0.6,0,0,1,1,1,1,1
26817,9817,0.12,0.08,0.04,0.04,0.16,0.56,0,0,1,1,1,1,1
26818,9818,0.12,0.08,0.04,0.04,0.2,0.52,0,0,1,1,1,1,1
26819,9819,0.12,0.08,0.04,0.04,0.24,0.48,0,0,1,1,1,1,1
26820,9820,0.12,0.08,0.04,0.04,0.28,0.44,0,0,1,0.993995134,0.993995134,1,1
26831,9831,0.12,0.08,0.04,0.08,0.04,0.64,0,0,1,1,1,1,1
26832,9832,0.12,0.08,0.04,0.08,0.08,0.6,0,0,1,1,1,1,1
26833,9833,0.12,0.08,0.04,0.08,0.12,0.56,0,0,1,1,1,1,1
26834,9834,0.12,0.08,0.04,0.08,0.16,0.52,0,0,1,1,1,1,1
26835,9835,0.12,0.08,0.04,0.08,0.2,0.48,0,0,1,1,1,1,1
26836,9836,0.12,0.08,0.04,0.08,0.24,0.44,0,0,1,1,1,1,1
26837,9837,0.12,0.08,0.04,0.08,0.28,0.4,0,0,1,1,1,1,1
26847,9847,0.12,0.08,0.04,0.12,0.04,0.6,0,0,1,1,1,1,1
26848,9848,0.12,0.08,0.04,0.12,0.08,0.56,0,0,1,1,1,1,1
26849,9849,0.12,0.08,0.04,0.12,0.12,0.52,0,0,1,1,1,1,1
26850,9850,0.12,0.08,0.04,0.12,0.16,0.48,0,0,1,1,1,1,1
26851,9851,0.12,0.08,0.04,0.12,0.2,0.44,0,0,1,1,1,1,1
26852,9852,0.12,0.08,0.04,0.12,0.24,0.4,0,0,1,1,1,1,1
26853,9853,0.12,0.08,0.04,0.12,0.28,0.36,0,0,1,1,1,1,1
26854,9854,0.12,0.08,0.04,0.12,0.32,0.32,0,0,1,0.995026408,0.995026408,1,1
26862,9862,0.12,0.08,0.04,0.16,0.04,0.56,0,0,1,1,1,1,1
26863,9863,0.12,0.08,0.04,0.16,0.08,0.52,0,0,1,1,1,1,1
26864,9864,0.12,0.08,0.04,0.16,0.12,0.48,0,0,1,1,1,1,1
26865,9865,0.12,0.08,0.04,0.16,0.16,0.44,0,0,1,1,1,1,1
26866,9866,0.12,0.08,0.04,0.16,0.2,0.4,0,0,1,1,1,1,1
26867,9867,0.12,0.08,0.04,0.16,0.24,0.36,0,0,1,1,1,1,1
26868,9868,0.12,0.08,0.04,0.16,0.28,0.32,0,0,1,1,1,1,1
26876,9876,0.12,0.08,0.04,0.2,0.04,0.52,0,0,1,1,1,1,1
26877,9877,0.12,0.08,0.04,0.2,0.08,0.48,0,0,1,1,1,1,1
26878,9878,0.12,0.08,0.04,0.2,0.12,0.44,0,0,1,1,1,1,1
26879,9879,0.12,0.08,0.04,0.2,0.16,0.4,0,0,1,1,1,1,1
26880,9880,0.12,0.08,0.04,0.2,0.2,0.36,0,0,1,1,1,1,1
26892,9892,0.12,0.08,0.04,0.24,0.16,0.36,0,0,1,1,1,1,1
26967,9967,0.12,0.08,0.08,0.04,0.04,0.64,0,0,1,1,1,1,1
26968,9968,0.12,0.08,0.08,0.04,0.08,0.6,0,0,1,1,1,1,1
26969,9969,0.12,0.08,0.08,0.04,0.12,0.56,0,0,1,1,1,1,1
26970,9970,0.12,0.08,0.08,0.04,0.16,0.52,0,0,1,1,1,1,1
26971,9971,0.12,0.08,0.08,0.04,0.2,0.48,0,0,1,1,1,1,1
26972,9972,0.12,0.08,0.08,0.04,0.24,0.44,0,0,1,1,1,1,1
26973,9973,0.12,0.08,0.08,0.04,0.28,0.4,0,0,1,1,1,1,1
26983,9983,0.12,0.08,0.08,0.08,0.04,0.6,0,0,1,1,1,1,1
26984,9984,0.12,0.08,0.08,0.08,0.08,0.56,0,0,1,1,1,1,1
26985,9985,0.12,0.08,0.08,0.08,0.12,0.52,0,0,1,1,1,1,1
26986,9986,0.12,0.08,0.08,0.08,0.16,0.48,0,0,1,1,1,1,1
26987,9987,0.12,0.08,0.08,0.08,0.2,0.44,0,0,1,1,1,1,1
26988,9988,0.12,0.08,0.08,0.08,0.24,0.4,0,0,1,1,1,1,1
26989,9989,0.12,0.08,0.08,0.08,0.28,0.36,0,0,1,1,1,1,1
26990,9990,0.12,0.08,0.08,0.08,0.32,0.32,0,0,1,1,1,1,1
26998,9998,0.12,0.08,0.08,0.12,0.04,0.56,0,0,1,1,1,1,1
26999,9999,0.12,0.08,0.08,0.12,0.08,0.52,0,0,1,1,1,1,1